hip,zh,pinyin,en,desig
43,王良增九,Wángliáng zēng IX,Wang Liang Added IX,HD224784
124,王良增十,Wángliáng zēng X,Wang Liang Added X,HD224893
145,垒壁阵十,Lěibìzhèn X,Line of Ramparts X,29 Psc
154,垒壁阵十二,Lěibìzhèn XII,Line of Ramparts XII,30 Psc
171,壁宿增五,Bìxiù zēng V,Wall Added V,85 Peg
186,土公增一,Tǔgōng zēng I,Official for Earthworks and Buildings Added I,31 Psc
194,土公一,Tǔgōng I,Official for Earthworks and Buildings I,c Psc
301,八魁二,Bākuí II,Net for Catching Birds II,2 Cet
330,王良增三,Wángliáng zēng III,Wang Liang Added III,9 Cas
355,八魁四,Bākuí IV,Net for Catching Birds IV,3 Cet
443,垒壁阵十一,Lěibìzhèn XI,Line of Ramparts XI,33 Psc
476,壁宿增十,Bìxiù zēng X,Wall Added X,86 Peg
531,王良增二,Wángliáng zēng II,Wang Liang Added II,10 Cas
635,垒壁阵增六,Lěibìzhèn zēng VI,Line of Ramparts Added VI,4 Cet
664,垒壁阵增七,Lěibìzhèn zēng VII,Line of Ramparts Added VII,5 Cet
677,壁宿二,Bìxiù II,Wall II,α And
729,壁宿增十八,Bìxiù zēng XVIII,Wall Added XVIII,87 Peg
746,王良一,Wángliáng I,Wang Liang I,β Cas
765,火鸟四,Huǒniǎo IV,Firebird IV,ε Phe
813,土公增二,Tǔgōng zēng II,Official for Earthworks and Buildings Added II,34 Psc
841,螣蛇增十九,Téngshé zēng XIX,Flying Serpent Added XIX,22 And
910,八魁一,Bākuí I,Net for Catching Birds I,6 Cet
1067,壁宿一,Bìxiù I,Wall I,γ Peg
1086,天厩增一,Tiānjiù zēng I,Celestial Stable Added I,23 And
1168,壁宿增十九,Bìxiù zēng XIX,Wall Added XIX,χ Peg
1170,八魁六,Bākuí VI,Net for Catching Birds VI,7 Cet
1196,土公增三,Tǔgōng zēng III,Official for Earthworks and Buildings Added III,35 Psc
1319,土公增四,Tǔgōng zēng IV,Official for Earthworks and Buildings Added IV,36 Psc
1340,壁宿增十一,Bìxiù zēng XI,Wall Added XI,HIP1340
1354,王良增十一,Wángliáng zēng XI,Wang Liang Added XI,HD1239
1366,天厩一,Tiānjiù I,Celestial Stable I,θ And
1427,壁宿增十七,Bìxiù zēng XVII,Wall Added XVII,HIP1427
1473,天厩三,Tiānjiù III,Celestial Stable III,σ And
1499,天仓增十九,Tiāncāng zēng XIX,Square Celestial Granary Added XIX,HD1461
1562,天仓一,Tiāncāng I,Square Celestial Granary I,ι Cet
1595,壁宿增十六,Bìxiù zēng XVI,Wall Added XVI,40 Psc
1599,鸟喙六,Niǎohuì VI,Bird's Beak VI,ζ Tuc
1645,土公增五,Tǔgōng zēng V,Official for Earthworks and Buildings Added V,d Psc
1686,天厩二,Tiānjiù II,Celestial Stable II,ρ And
1772,壁宿增十二,Bìxiù zēng XII,Wall Added XII,42 Psc
1803,八魁五,Bākuí V,Net for Catching Birds V,9 Cet
1948,壁宿增十三,Bìxiù zēng XIII,Wall Added XIII,HD2035
1960,王良增四,Wángliáng zēng IV,Wang Liang Added IV,12 Cas
1982,王良增十二,Wángliáng zēng XII,Wang Liang Added XII,HD2054
2006,土公增七,Tǔgōng zēng VII,Official for Earthworks and Buildings Added VII,44 Psc
2021,蛇尾一,Shéwěi I,Snake's Tail I,β Hyi
2025,土公二,Tǔgōng II,Official for Earthworks and Buildings II,45 Psc
2072,火鸟五,Huǒniǎo V,Firebird V,κ Phe
2081,火鸟六,Huǒniǎo VI,Firebird VI,α Phe
2100,土公增八,Tǔgōng zēng VIII,Official for Earthworks and Buildings Added VIII,10 Cet
2213,壁宿增廿一,Bìxiù zēng XXI,Wall Added XXI,46 Psc
2219,壁宿增廿,Bìxiù zēng XX,Wall Added XX,47 Psc
2224,壁宿增十五,Bìxiù zēng XV,Wall Added XV,48 Psc
2343,土公增九,Tǔgōng zēng IX,Official for Earthworks and Buildings Added IX,HIP2343
2353,天溷增一,Tiānhùn zēng I,Celestial Pigsty Added I,12 Cet
2355,奎宿增一,Kuíxiù zēng I,Legs Added I,28 And
2415,壁宿增十四,Bìxiù zēng XIV,Wall Added XIV,HD2714
2472,火鸟八,Huǒniǎo VIII,Firebird VIII,λ1 Phe
2474,传舍增一,Chuánshè zēng I,Guest House Added I,13 Cas
2484,鸟喙四,Niǎohuì IV,Bird's Beak IV,β1 Tuc
2505,王良五,Wángliáng V,Wang Liang V,λ Cas
2548,土公增六,Tǔgōng zēng VI,Official for Earthworks and Buildings Added VI,51 Psc
2568,壁宿增廿三,Bìxiù zēng XXIII,Wall Added XXIII,52 Psc
2599,王良二,Wángliáng II,Wang Liang II,κ Cas
2707,传舍二,Chuánshè II,Guest House II,16 Cas
2762,天溷增二,Tiānhùn zēng II,Celestial Pigsty Added II,13 Cet
2787,土公增十,Tǔgōng zēng X,Official for Earthworks and Buildings Added X,14 Cet
2854,王良增十三,Wángliáng zēng XIII,Wang Liang Added XIII,HD3240
2912,奎宿六,Kuíxiù VI,Legs VI,π And
2920,附路,Fùlù,Auxiliary Road,ζ Cas
2994,土公增十一,Tǔgōng zēng XI,Official for Earthworks and Buildings Added XI,15 Cet
3031,奎宿四,Kuíxiù IV,Legs IV,ε And
3092,奎宿五,Kuíxiù V,Legs V,δ And
3093,奎宿增三,Kuíxiù zēng III,Legs Added III,54 Psc
3138,奎宿增二,Kuíxiù zēng II,Legs Added II,55 Psc
3179,王良四,Wángliáng IV,Wang Liang IV,α Cas
3231,奎宿增廿二,Kuíxiù zēng XXII,Legs Added XXII,32 And
3245,火鸟七,Huǒniǎo VII,Firebird VII,μ Phe
3300,阁道增二,Gédào zēng II,Flying Corridor Added II,ξ Cas
3330,鸟喙五,Niǎohuì V,Bird's Beak V,ρ Tuc
3405,水委三,Shuǐweǐ III,Crooked Running Water III,η Phe
3414,阁道增一,Gédào zēng I,Flying Corridor Added I,π Cas
3419,土司空,Tǔsīkōng,Master of Constructions,β Cet
3455,天溷四,Tiānhùn IV,Celestial Pigsty IV,φ1 Cet
3504,阁道六,Gédào VI,Flying Corridor VI,ο Cas
3559,天溷三,Tiānhùn III,Celestial Pigsty III,18 Cet
3572,少丞增一,Shàochéng zēng I,The Second Imperial Minister Added I,21 Cas
3685,奎宿增四,Kuíxiù zēng IV,Legs Added IV,59 Psc
3693,奎宿二,Kuíxiù II,Legs II,ζ And
3697,外屏增九,Wàipíng zēng IX,Outer Fence Added IX,60 Psc
3721,少丞,Shàochéng,The Second Imperial Minister,23 Cas
3760,外屏增八,Wàipíng zēng VIII,Outer Fence Added VIII,62 Psc
3786,外屏一,Wàipíng I,Outer Fence I,δ Psc
3801,阁道五,Gédào V,Flying Corridor V,ν Cas
3810,奎宿增五,Kuíxiù zēng V,Legs Added V,64 Psc
3821,王良三,Wángliáng III,Wang Liang III,η Cas
3881,奎宿七,Kuíxiù VII,Legs VII,ν And
3885,奎宿三,Kuíxiù III,Legs III,i Psc
3909,天溷增六,Tiānhùn zēng VI,Celestial Pigsty Added VI,φ2 Cet
4147,天溷增三,Tiānhùn zēng III,Celestial Pigsty Added III,20 Cet
4151,王良增十四,Wángliáng zēng XIV,Wang Liang Added XIV,HD5015
4257,天溷一,Tiānhùn I,Celestial Pigsty I,21 Cet
4267,奎宿增六,Kuíxiù zēng VI,Legs Added VI,66 Psc
4288,奎宿增九,Kuíxiù zēng IX,Legs Added IX,36 And
4366,奎宿增十,Kuíxiù zēng X,Legs Added X,k Psc
4371,天溷二,Tiānhùn II,Celestial Pigsty II,φ3 Cet
4422,王良增五,Wángliáng zēng V,Wang Liang Added V,υ2 Cas
4427,策,Cè,Whip,γ Cas
4436,奎宿八,Kuíxiù VIII,Legs VIII,μ And
4463,奎宿一,Kuíxiù I,Legs I,η And
4510,奎宿增十一,Kuíxiù zēng XI,Legs Added XI,h Psc
4587,天溷增五,Tiānhùn zēng V,Celestial Pigsty Added V,φ4 Cet
4714,传舍三,Chuánshè III,Guest House III,HIP4714
4832,外屏增七,Wàipíng zēng VII,Outer Fence Added VII,HIP4832
4889,奎宿增十五,Kuíxiù zēng XV,Legs Added XV,σ Psc
4903,奎宿增廿,Kuíxiù zēng XX,Legs Added XX,39 And
4906,外屏二,Wàipíng II,Outer Fence II,ε Psc
4914,天溷增四,Tiānhùn zēng IV,Celestial Pigsty Added IV,25 Cet
4979,外屏增十,Wàipíng zēng X,Outer Fence Added X,26 Cet
5074,外屏增六,Wàipíng zēng VI,Outer Fence Added VI,73 Psc
5081,外屏增一,Wàipíng zēng I,Outer Fence Added I,72 Psc
5121,天仓增十四,Tiāncāng zēng XIV,Square Celestial Granary Added XIV,27 Cet
5131,奎宿十六,Kuíxiù XVI,Legs XVI,ψ1 Psc
5141,外屏增五,Wàipíng zēng V,Outer Fence Added V,77 Psc
5164,天仓增十三,Tiāncāng zēng XIII,Square Celestial Granary Added XIII,28 Cet
5165,火鸟九,Huǒniǎo IX,Firebird IX,β Phe
5175,奎宿十,Kuíxiù X,Legs X,76 Psc
5204,外屏增二,Wàipíng zēng II,Outer Fence Added II,75 Psc
5296,天仓增十二,Tiāncāng zēng XII,Square Celestial Granary Added XII,30 Cet
5310,奎宿增八,Kuíxiù zēng VIII,Legs Added VIII,ψ2 Psc
5315,外屏增十一,Wàipíng zēng XI,Outer Fence Added XI,29 Cet
5317,奎宿增十九,Kuíxiù zēng XIX,Legs Added XIX,41 And
5319,奎宿增十四,Kuíxiù zēng XIV,Legs Added XIV,78 Psc
5346,外屏增四,Wàipíng zēng IV,Outer Fence Added IV,e Psc
5348,水委二,Shuǐweǐ II,Crooked Running Water II,ζ Phe
5364,天仓二,Tiāncāng II,Square Celestial Granary II,η Cet
5372,勾陈五,Gōuchén V,Curved Array V,2 UMi
5434,军南门,Jūnnánmén,Southern Military Gate,φ And
5447,奎宿九,Kuíxiù IX,Legs IX,β And
5454,奎宿增七,Kuíxiù zēng VII,Legs Added VII,ψ3 Psc
5485,天仓增十一,Tiāncāng zēng XI,Square Celestial Granary Added XI,32 Cet
5493,奎宿增十八,Kuíxiù zēng XVIII,Legs Added XVIII,44 And
5510,外屏增十二,Wàipíng zēng XII,Outer Fence Added XII,33 Cet
5518,华盖四,Huágài IV,Canopy of the Emperor IV,31 Cas
5542,阁道四,Gédào IV,Flying Corridor IV,θ Cas
5544,奎宿增十三,Kuíxiù zēng XIII,Legs Added XIII,g Psc
5550,奎宿增十六,Kuíxiù zēng XVI,Legs Added XVI,45 And
5571,奎宿十五,Kuíxiù XV,Legs XV,χ Psc
5586,奎宿十一,Kuíxiù XI,Legs XI,τ Psc
5589,传舍四,Chuánshè IV,Guest House IV,32 Cas
5594,天仓增四,Tiāncāng zēng IV,Square Celestial Granary Added IV,34 Cet
5626,五帝内座增二,Wǔdìnèizuò zēng II,Interior Seats of the Five Emperors Added II,HD6798
5646,外屏增十三,Wàipíng zēng XIII,Outer Fence Added XIII,35 Cet
5666,天仓增十,Tiāncāng zēng X,Square Celestial Granary Added X,HD7268
5737,外屏三,Wàipíng III,Outer Fence III,ζ Psc
5742,奎宿十四,Kuíxiù XIV,Legs XIV,φ Psc
5799,天仓增九,Tiāncāng zēng IX,Square Celestial Granary Added IX,37 Cet
5824,外屏增三,Wàipíng zēng III,Outer Fence Added III,88 Psc
5833,天仓增三,Tiāncāng zēng III,Square Celestial Granary Added III,38 Cet
5926,华盖三,Huágài III,Canopy of the Emperor III,V0762 Cas
5947,五帝内座增三,Wǔdìnèizuò zēng III,Interior Seats of the Five Emperors Added III,HD7238
5951,天仓增六,Tiāncāng zēng VI,Square Celestial Granary Added VI,39 Cet
5985,天仓增五,Tiāncāng zēng V,Square Celestial Granary Added V,40 Cet
6048,天仓增八,Tiāncāng zēng VIII,Square Celestial Granary Added VIII,HD7812
6061,外屏增十四,Wàipíng zēng XIV,Outer Fence Added XIV,f Psc
6193,奎宿增廿三,Kuíxiù zēng XXIII,Legs Added XXIII,υ Psc
6226,天仓增二,Tiāncāng zēng II,Square Celestial Granary Added II,42 Cet
6242,阁道增三,Gédào zēng III,Flying Corridor Added III,φ Cas
6315,奎宿十二,Kuíxiù XII,Legs XII,l Psc
6411,天大将军增二,Tiāndàjiāngjūn zēng II,Great General of Heaven Added II,ξ And
6429,天仓增一,Tiāncāng zēng I,Square Celestial Granary Added I,43 Cet
6451,右更增五,Yòugēng zēng V,Official in Charge of Pasturing Added V,HD8356
6514,奎宿增十七,Kuíxiù zēng XVII,Legs Added XVII,47 And
6537,天仓三,Tiāncāng III,Square Celestial Granary III,θ Cet
6539,天仓增七,Tiāncāng zēng VII,Square Celestial Granary Added VII,44 Cet
6670,天仓增十五,Tiāncāng zēng XV,Square Celestial Granary Added XV,46 Cet
6686,阁道三,Gédào III,Flying Corridor III,δ Cas
6692,华盖五,Huágài V,Canopy of the Emperor V,ψ Cas
6706,右更一,Yòugēng I,Official in Charge of Pasturing I,ρ Psc
6732,右更增一,Yòugēng zēng I,Official in Charge of Pasturing Added I,94 Psc
6748,天仓增十六,Tiāncāng zēng XVI,Square Celestial Granary Added XVI,47 Cet
6813,天大将军增三,Tiāndàjiāngjūn zēng III,Great General of Heaven Added III,ω And
6867,火鸟十,Huǒniǎo X,Firebird X,γ Phe
6960,𫓧锧一,Fūzhì I,Sickle I,48 Cet
6999,天大将军四,Tiāndàjiāngjūn IV,Great General of Heaven IV,A And
7007,外屏四,Wàipíng IV,Outer Fence IV,μ Psc
7078,杠九,Gàng IX,Canopy Support IX,38 Cas
7083,天园一,Tiānyuán I,Celestial Orchard I,δ Phe
7097,右更二,Yòugēng II,Official in Charge of Pasturing II,η Psc
7294,阁道增四,Gédào zēng IV,Flying Corridor Added IV,χ Cas
7345,天仓增十八,Tiāncāng zēng XVIII,Square Celestial Granary Added XVIII,49 Cet
7364,右更增四,Yòugēng zēng IV,Official in Charge of Pasturing Added IV,HIP7364
7436,右更增二,Yòugēng zēng II,Official in Charge of Pasturing Added II,101 Psc
7450,天仓增十七,Tiāncāng zēng XVII,Square Celestial Granary Added XVII,50 Cet
7513,天大将军六,Tiāndàjiāngjūn VI,Great General of Heaven VI,υ And
7535,右更三,Yòugēng III,Official in Charge of Pasturing III,π Psc
7588,水委一,Shuǐweǐ I,Crooked Running Water I,α Eri
7607,天大将军三,Tiāndàjiāngjūn III,Great General of Heaven III,51 And
7650,华盖二,Huágài II,Canopy of the Emperor II,40 Cas
7679,𫓧锧二,Fūzhì II,Sickle II,HD10148
7710,右更五,Yòugēng V,Official in Charge of Pasturing V,104 Psc
7719,天大将军五,Tiāndàjiāngjūn V,Great General of Heaven V,χ And
7818,天大将军增四,Tiāndàjiāngjūn zēng IV,Great General of Heaven Added IV,τ And
7884,外屏五,Wàipíng V,Outer Fence V,ν Psc
7948,奎宿增十二,Kuíxiù zēng XII,Legs Added XII,HIP7948
7965,华盖六,Huágài VI,Canopy of the Emperor VI,43 Cas
7981,娄宿增三,Loúxiù zēng III,Bond Added III,107 Psc
7999,天仓增廿,Tiāncāng zēng XX,Square Celestial Granary Added XX,HD10550
8016,杠八,Gàng VIII,Canopy Support VIII,42 Cas
8046,阁道增五,Gédào zēng V,Flying Corridor Added V,44 Cas
8068,天大将军二,Tiāndàjiāngjūn II,Great General of Heaven II,φ Per
8102,天仓五,Tiāncāng V,Square Celestial Granary V,τ Cet
8198,右更四,Yòugēng IV,Official in Charge of Pasturing IV,ο Psc
8271,娄宿增二,Loúxiù zēng II,Bond Added II,3 Ari
8497,天仓增廿一,Tiāncāng zēng XXI,Square Celestial Granary Added XXI,χ Cet
8588,右更增三,Yòugēng zēng III,Official in Charge of Pasturing Added III,54 Cet
8645,天仓四,Tiāncāng IV,Square Celestial Granary IV,ζ Cet
8704,大陵增四,Dàlíng zēng IV,Mausoleum Added IV,1 Per
8714,天大将军增十六,Tiāndàjiāngjūn zēng XVI,Great General of Heaven Added XVI,2 Per
8796,娄宿增六,Loúxiù zēng VI,Bond Added VI,α Tri
8814,天大将军增十一,Tiāndàjiāngjūn zēng XI,Great General of Heaven Added XI,55 And
8832,娄宿二,Loúxiù II,Bond II,γ1 Ari
8833,外屏六,Wàipíng VI,Outer Fence VI,ξ Psc
8886,阁道二,Gédào II,Flying Corridor II,ε Cas
8903,娄宿一,Loúxiù I,Bond I,β Ari
8928,蛇腹四,Shéfù IV,Snake's Abdomen IV,η2 Hyi
9007,天园二,Tiānyuán II,Celestial Orchard II,χ Eri
9009,华盖七,Huágài VII,Canopy of the Emperor VII,ω Cas
9021,天大将军八,Tiāndàjiāngjūn VIII,Great General of Heaven VIII,56 And
9061,𫓧锧五,Fūzhì V,Sickle V,56 Cet
9110,娄宿增一,Loúxiù zēng I,Bond Added I,ι Ari
9153,娄宿增五,Loúxiù zēng V,Bond Added V,λ Ari
9165,天囷增二,Tiānqūn zēng II,Circular Celestial Granary Added II,58 Cet
9222,天大将军增十五,Tiāndàjiāngjūn zēng XV,Great General of Heaven Added XV,3 Per
9236,蛇首一,Shéshǒu I,Snake's Head I,α Hyi
9326,天仓六,Tiāncāng VI,Square Celestial Granary VI,57 Cet
9347,𫓧锧四,Fūzhì IV,Sickle IV,υ Cet
9353,外屏增十五,Wàipíng zēng XV,Outer Fence Added XV,112 Psc
9480,杠七,Gàng VII,Canopy Support VII,A Cas
9487,外屏七,Wàipíng VII,Outer Fence VII,α Psc
9505,大陵增五,Dàlíng zēng V,Mausoleum Added V,g Per
9570,天大将军增五,Tiāndàjiāngjūn zēng V,Great General of Heaven Added V,ε Tri
9589,天囷增四,Tiānqūn zēng IV,Circular Celestial Granary Added IV,60 Cet
9598,杠五,Gàng V,Canopy Support V,50 Cas
9621,娄宿增七,Loúxiù zēng VII,Bond Added VII,10 Ari
9631,天囷增三,Tiānqūn zēng III,Circular Celestial Granary Added III,61 Cet
9640,天大将军一,Tiāndàjiāngjūn I,Great General of Heaven I,γ1 And
9677,天庾一*,Tiānyǔ I*,Ricks of Grain I*,ν For
9727,五帝内座增一,Wǔdìnèizuò zēng I,Interior Seats of the Five Emperors Added I,47 Cas
9763,杠三,Gàng III,Canopy Support III,49 Cas
9802,杠四,Gàng IV,Canopy Support IV,HIP9802
9836,娄宿增十一,Loúxiù zēng XI,Bond Added XI,κ Ari
9859,娄宿增八,Loúxiù zēng VIII,Bond Added VIII,11 Ari
9884,娄宿三,Loúxiù III,Bond III,α Ari
9977,天大将军增九,Tiāndàjiāngjūn zēng IX,Great General of Heaven Added IX,58 And
10031,杠六,Gàng VI,Canopy Support VI,54 Cas
10033,天囷增一,Tiānqūn zēng I,Circular Celestial Granary Added I,HIP10033
10053,娄宿增九,Loúxiù zēng IX,Bond Added IX,14 Ari
10064,天大将军九,Tiāndàjiāngjūn IX,Great General of Heaven IX,β Tri
10155,娄宿增十四,Loúxiù zēng XIV,Bond Added XIV,15 Ari
10176,天大将军增十,Tiāndàjiāngjūn zēng X,Great General of Heaven Added X,59 And
10212,天囷增六,Tiānqūn zēng VI,Circular Celestial Granary Added VI,64 Cet
10215,刍藁增一,Chúgǎo zēng I,Hay Added I,HD13456
10227,大陵增三,Dàlíng zēng III,Mausoleum Added III,5 Per
10234,天囷十二,Tiānqūn XII,Circular Celestial Granary XII,63 Cet
10280,天大将军增六,Tiāndàjiāngjūn zēng VI,Great General of Heaven Added VI,6 Tri
10305,天囷十三,Tiānqūn XIII,Circular Celestial Granary XIII,66 Cet
10306,娄宿增十二,Loúxiù zēng XII,Bond Added XII,η Ari
10324,天囷五,Tiānqūn V,Circular Celestial Granary V,ξ1 Cet
10328,娄宿增十五,Loúxiù zēng XV,Bond Added XV,19 Ari
10340,天大将军增十二,Tiāndàjiāngjūn zēng XII,Great General of Heaven Added XII,b And
10366,大陵增六,Dàlíng zēng VI,Mausoleum Added VI,6 Per
10438,传舍五,Chuánshè V,Guest House V,55 Cas
10540,娄宿增十,Loúxiù zēng X,Bond Added X,20 Ari
10559,天大将军增七,Tiāndàjiāngjūn zēng VII,Great General of Heaven Added VII,7 Tri
10602,天园三,Tiānyuán III,Celestial Orchard III,φ Eri
10642,刍藁三,Chúgǎo III,Hay III,67 Cet
10644,天大将军十一,Tiāndàjiāngjūn XI,Great General of Heaven XI,δ Tri
10670,天大将军十,Tiāndàjiāngjūn X,Great General of Heaven X,γ Tri
10718,大陵增二,Dàlíng zēng II,Mausoleum Added II,8 Per
10729,大陵增一,Dàlíng zēng I,Mausoleum Added I,χ Per
10732,娄宿增十三,Loúxiù zēng XIII,Bond Added XIII,θ Ari
10793,胃宿增一,Wèixiù zēng I,Stomach Added I,10 Tri
10819,天大将军增十三,Tiāndàjiāngjūn zēng XIII,Great General of Heaven Added XIII,c And
10826,刍藁增二,Chúgǎo zēng II,Hay Added II,ο Cet
10830,天大将军增十四,Tiāndàjiāngjūn zēng XIV,Great General of Heaven Added XIV,HD14221
10944,大陵增七,Dàlíng zēng VII,Mausoleum Added VII,63 And
11001,蛇腹三,Shéfù III,Snake's Abdomen III,δ Hyi
11021,天囷增五,Tiānqūn zēng V,Circular Celestial Granary Added V,69 Cet
11029,刍藁五,Chúgǎo V,Hay V,HD14691
11046,天囷十一,Tiānqūn XI,Circular Celestial Granary XI,70 Cet
11060,大陵一,Dàlíng I,Mausoleum I,i Per
11220,大陵增八,Dàlíng zēng VIII,Mausoleum Added VIII,64 And
11249,天囷增七,Tiānqūn zēng VII,Circular Celestial Granary Added VII,ξ Ari
11261,刍藁四,Chúgǎo IV,Hay IV,71 Cet
11287,天苑增七,Tiānyuàn zēng VII,Celestial Meadows Added VII,HIP11287
11313,大陵增九,Dàlíng zēng IX,Mausoleum Added IX,65 And
11345,刍藁一,Chúgǎo I,Hay I,ρ Cet
11407,天园四,Tiānyuán IV,Celestial Orchard IV,κ Eri
11465,大陵增十,Dàlíng zēng X,Mausoleum Added X,66 And
11484,天囷六,Tiānqūn VI,Circular Celestial Granary VI,ξ2 Cet
11486,胃宿增二,Wèixiù zēng II,Stomach Added II,12 Tri
11569,阁道一,Gédào I,Flying Corridor I,ι Cas
11678,左更增一,Zuǒgēng zēng I,Official in Charge of the Forest Added I,26 Ari
11767,北极星,Běijíxing,Northern Star,α UMi
11783,天苑增九,Tiānyuàn zēng IX,Celestial Meadows Added IX,σ Cet
11784,天大将军增十七,Tiāndàjiāngjūn zēng XVII,Great General of Heaven Added XVII,14 Tri
11791,天囷十,Tiānqūn X,Circular Celestial Granary X,75 Cet
11918,天庾二*,Tiānyǔ II*,Ricks of Grain II*,ω For
12002,刍藁二,Chúgǎo II,Hay II,77 Cet
12048,刍藁增三,Chúgǎo zēng III,Hay Added III,79 Cet
12093,天囷七,Tiānqūn VII,Circular Celestial Granary VII,ν Cet
12107,刍藁增五,Chúgǎo zēng V,Hay Added V,80 Cet
12153,天囷增八,Tiānqūn zēng VIII,Circular Celestial Granary Added VIII,31 Ari
12247,刍藁增四,Chúgǎo zēng IV,Hay Added IV,81 Cet
12273,杠增一,Gàng zēng I,Canopy Support Added I,HD15920
12288,天庾增二,Tiānyǔ zēng II,Ricks of Grain Added II,ι2 For
12332,左更一,Zuǒgēng I,Official in Charge of the Forest I,ν Ari
12387,天囷九,Tiānqūn IX,Circular Celestial Granary IX,δ Cet
12390,刍藁六,Chúgǎo VI,Hay VI,ε Cet
12394,蛇腹二,Shéfù II,Snake's Abdomen II,ε Hyi
12413,天园五,Tiānyuán V,Celestial Orchard V,s Eri
12486,天园增一,Tiānyuán zēng I,Celestial Orchard Added I,ι Eri
12489,胃宿增五,Wèixiù zēng V,Stomach Added V,33 Ari
12530,天囷增廿,Tiānqūn zēng XX,Circular Celestial Granary Added XX,84 Cet
12623,大陵八,Dàlíng VIII,Mausoleum VIII,12 Per
12640,左更二,Zuǒgēng II,Official in Charge of the Forest II,μ Ari
12647,天囷增九,Tiānqūn zēng IX,Circular Celestial Granary Added IX,85 Cet
12706,天囷八,Tiānqūn VIII,Circular Celestial Granary VIII,γ Cet
12719,胃宿一,Wèixiù I,Stomach I,35 Ari
12768,大陵增十四,Dàlíng zēng XIV,Mausoleum Added XIV,14 Per
12770,天苑七,Tiānyuàn VII,Celestial Meadows VII,π Cet
12777,大陵增十三,Dàlíng zēng XIII,Mausoleum Added XIII,θ Per
12786,天庾增三,Tiānyǔ zēng III,Ricks of Grain Added III,HD17168
12803,左更三,Zuǒgēng III,Official in Charge of the Forest III,ο Ari
12828,天囷四,Tiānqūn IV,Circular Celestial Granary IV,μ Cet
12843,天苑增八,Tiānyuàn zēng VIII,Celestial Meadows Added VIII,τ1 Eri
12876,蛇腹一,Shéfù I,Snake's Abdomen I,ζ Hyi
13055,五帝内座三,Wǔdìnèizuò III,Interior Seats of the Five Emperors III,HD16458
13061,胃宿二,Wèixiù II,Stomach II,39 Ari
13108,左更增二,Zuǒgēng zēng II,Official in Charge of the Forest Added II,40 Ari
13147,天庾三*,Tiānyǔ III*,Ricks of Grain III*,β For
13165,左更五,Zuǒgēng V,Official in Charge of the Forest V,π Ari
13209,胃宿三,Wèixiù III,Stomach III,c Ari
13244,附白二,Fùbái II,White Patched Nearby II,ν Hyi
13254,大陵七,Dàlíng VII,Mausoleum VII,16 Per
13268,天船一,Tiānchuán I,Celestial Boat I,η Per
13288,天苑九,Tiānyuàn IX,Celestial Meadows IX,τ2 Eri
13327,左更四,Zuǒgēng IV,Official in Charge of the Forest IV,σ Ari
13328,大陵增十六,Dàlíng zēng XVI,Mausoleum Added XVI,17 Per
13448,左更增八,Zuǒgēng zēng VIII,Official in Charge of the Forest Added VIII,HD17918
13490,大陵增十五,Dàlíng zēng XV,Mausoleum Added XV,20 Per
13531,大陵增十一,Dàlíng zēng XI,Mausoleum Added XI,τ Per
13579,左更增三,Zuǒgēng zēng III,Official in Charge of the Forest Added III,HIP13579
13654,左更增五,Zuǒgēng zēng V,Official in Charge of the Forest Added V,45 Ari
13665,传舍六,Chuánshè VI,Guest House VI,HD17948
13701,天苑六,Tiānyuàn VI,Celestial Meadows VI,η Eri
13702,左更增四,Zuǒgēng zēng IV,Official in Charge of the Forest Added IV,ρ Ari
13775,胃宿增三,Wèixiù zēng III,Stomach Added III,21 Per
13782,天苑增六,Tiānyuàn zēng VI,Celestial Meadows Added VI,4 Eri
13834,左更增六,Zuǒgēng zēng VI,Official in Charge of the Forest Added VI,47 Ari
13835,天苑增五,Tiānyuàn zēng V,Celestial Meadows Added V,6 Eri
13847,天园六,Tiānyuán VI,Celestial Orchard VI,θ1 Eri
13879,积尸[胃宿],JīShī,Heap of Corpses,π Per
13914,左更增七,Zuǒgēng zēng VII,Official in Charge of the Forest Added VII,ε Ari
13951,天囷增十九,Tiānqūn zēng XIX,Circular Celestial Granary Added XIX,5 Eri
13954,天囷三,Tiānqūn III,Circular Celestial Granary III,λ Cet
14040,天囷增十八,Tiānqūn zēng XVIII,Circular Celestial Granary Added XVIII,7 Eri
14060,天苑增十,Tiānyuàn zēng X,Celestial Meadows Added X,ρ1 Eri
14066,大陵增十七,Dàlíng zēng XVII,Mausoleum Added XVII,HIP14066
14135,天囷一,Tiānqūn I,Circular Celestial Granary I,α Cet
14143,天囷增十,Tiānqūn zēng X,Circular Celestial Granary Added X,93 Cet
14146,天苑十,Tiānyuàn X,Celestial Meadows X,τ3 Eri
14168,天苑增十一,Tiānyuàn zēng XI,Celestial Meadows Added XI,ρ2 Eri
14293,天苑增十二,Tiānyuàn zēng XII,Celestial Meadows Added XII,ρ3 Eri
14328,天船二,Tiānchuán II,Celestial Boat II,γ Per
14354,大陵六,Dàlíng VI,Mausoleum VI,ρ Per
14376,胃宿增四,Wèixiù zēng IV,Stomach Added IV,52 Ari
14417,五帝内座一,Wǔdìnèizuò I,Interior Seats of the Five Emperors I,HD18438
14576,大陵五,Dàlíng V,Mausoleum V,β Per
14586,天阴增一,Tiānyīn zēng I,Celestial Yin Force Added I,54 Ari
14632,大陵三,Dàlíng III,Mausoleum III,ι Per
14649,天阴增五,Tiānyīn zēng V,Celestial Yin Force Added V,HD19549
14668,大陵四,Dàlíng IV,Mausoleum IV,κ Per
14817,大陵增廿一,Dàlíng zēng XXI,Mausoleum Added XXI,ω Per
14838,天阴增六,Tiānyīn zēng VI,Celestial Yin Force Added VI,δ Ari
14862,杠二,Gàng II,Canopy Support II,HD19275
14879,天苑增十七,Tiānyuàn zēng XVII,Celestial Meadows Added XVII,α For
14954,天囷增十七,Tiānqūn zēng XVII,Circular Celestial Granary Added XVII,94 Cet
15110,天阴二,Tiānyīn II,Celestial Yin Force II,ζ Ari
15197,天苑五,Tiānyuàn V,Celestial Meadows V,ζ Eri
15244,天苑增十三,Tiānyuàn zēng XIII,Celestial Meadows Added XIII,14 Eri
15338,大陵增廿,Dàlíng zēng XX,Mausoleum Added XX,30 Per
15382,天苑增二,Tiānyuàn zēng II,Celestial Meadows Added II,15 Eri
15383,天囷增十六,Tiānqūn zēng XVI,Circular Celestial Granary Added XVI,95 Cet
15404,天船增一,Tiānchuán zēng I,Celestial Boat Added I,29 Per
15444,天船增二,Tiānchuán zēng II,Celestial Boat Added II,31 Per
15457,天囷增十一,Tiānqūn zēng XI,Circular Celestial Granary Added XI,κ Cet
15474,天苑十一,Tiānyuàn XI,Celestial Meadows XI,τ4 Eri
15510,天园增三,Tiānyuán zēng III,Celestial Orchard Added III,e Eri
15520,上丞,Shàngchéng,The Great Imperial Minister,BK Cam
15547,五帝内座四,Wǔdìnèizuò IV,Interior Seats of the Five Emperors IV,HD19978
15619,天囷二,Tiānqūn II,Circular Celestial Granary II,97 Cet
15648,大陵增十九,Dàlíng zēng XIX,Mausoleum Added XIX,l Per
15696,天阿,Tiān'ē,Celestial Concave,62 Ari
15737,天阴三,Tiānyīn III,Celestial Yin Force III,63 Ari
15861,天阴增二,Tiānyīn zēng II,Celestial Yin Force Added II,64 Ari
15863,天船三,Tiānchuán III,Celestial Boat III,α Per
15900,天廪四,Tiānlǐn IV,Celestial Foodstuff IV,ο Tau
16083,天廪三,Tiānlǐn III,Celestial Foodstuff III,ξ Tau
16181,天阴五*,Tiānyīn V*,Celestial Yin Force V*,66 Ari
16228,传舍七,Chuánshè VII,Guest House VII,CS Cam
16244,天船增三,Tiānchuán zēng III,Celestial Boat Added III,34 Per
16281,传舍八,Chuánshè VIII,Guest House VIII,CE Cam
16292,传舍九,Chuánshè IX,Guest House IX,HD21447
16322,天廪增三,Tiānlǐn zēng III,Celestial Foodstuff Added III,s Tau
16335,天船增四,Tiānchuán zēng IV,Celestial Boat Added IV,σ Per
16341,天苑增十四,Tiānyuàn zēng XIV,Celestial Meadows Added XIV,v Eri
16369,天廪一,Tiānlǐn I,Celestial Foodstuff I,f Tau
16499,天船增五,Tiānchuán zēng V,Celestial Boat Added V,36 Per
16511,天廪增一,Tiānlǐn zēng I,Celestial Foodstuff Added I,t Tau
16537,天苑四,Tiānyuàn IV,Celestial Meadows IV,ε Eri
16611,天苑十二,Tiānyuàn XII,Celestial Meadows XII,τ5 Eri
16664,昴宿增二,Mǎoxiù zēng II,Hairy Head Added II,7 Tau
16677,天苑增十八,Tiānyuàn zēng XVIII,Celestial Meadows Added XVIII,HD22243
16713,卷舌增一,Juǎnshé zēng I,Rolled Tongue Added I,IX Per
16803,天苑增一,Tiānyuàn zēng I,Celestial Meadows Added I,20 Eri
16826,天船四,Tiānchuán IV,Celestial Boat IV,ψ Per
16846,天囷增廿一,Tiānqūn zēng XXI,Circular Celestial Granary Added XXI,V0711 Tau
16852,天囷增十五,Tiānqūn zēng XV,Circular Celestial Granary Added XV,10 Tau
16859,昴宿增三,Mǎoxiù zēng III,Hairy Head Added III,9 Tau
16870,天园增四,Tiānyuán zēng IV,Celestial Orchard Added IV,y Eri
17027,天苑增十五,Tiānyuàn zēng XV,Celestial Meadows Added XV,21 Eri
17103,天囷增十二,Tiānqūn zēng XII,Circular Celestial Granary Added XII,12 Tau
17167,天苑增十六,Tiānyuàn zēng XVI,Celestial Meadows Added XVI,22 Eri
17181,昴宿增一,Mǎoxiù zēng I,Hairy Head Added I,11 Tau
17309,天阴增三,Tiānyīn zēng III,Celestial Yin Force Added III,13 Tau
17313,卷舌六,Juǎnshé VI,Rolled Tongue VI,o Per
17351,天园七,Tiānyuán VII,Celestial Orchard VII,h Eri
17358,天船五,Tiānchuán V,Celestial Boat V,δ Per
17378,天苑三,Tiānyuàn III,Celestial Meadows III,δ Eri
17408,天阴增四,Tiānyīn zēng IV,Celestial Yin Force Added IV,14 Tau
17440,蛇首二,Shéshǒu II,Snake's Head II,β Ret
17448,卷舌增七,Juǎnshé zēng VII,Rolled Tongue Added VII,ο Per
17457,天囷增十四,Tiānqūn zēng XIV,Circular Celestial Granary Added XIV,24 Eri
17489,昴宿增九,Mǎoxiù zēng IX,Hairy Head Added IX,16 Tau
17499,昴宿一,Mǎoxiù I,Hairy Head I,17 Tau
17506,天囷增十三,Tiānqūn zēng XIII,Circular Celestial Granary Added XIII,25 Eri
17527,昴宿增八,Mǎoxiù zēng VIII,Hairy Head Added VIII,18 Tau
17529,卷舌一,Juǎnshé I,Rolled Tongue I,ν Per
17531,昴宿二,Mǎoxiù II,Hairy Head II,q Tau
17563,天廪增二,Tiānlǐn zēng II,Celestial Foodstuff Added II,u Tau
17573,昴宿四,Mǎoxiù IV,Hairy Head IV,20 Tau
17579,昴宿三,Mǎoxiù III,Hairy Head III,21 Tau
17587,上丞增二,Shàngchéng zēng II,The Great Imperial Minister Added II,HD23089
17593,天苑二,Tiānyuàn II,Celestial Meadows II,π Eri
17608,昴宿五,Mǎoxiù V,Hairy Head V,23 Tau
17651,天苑十三,Tiānyuàn XIII,Celestial Meadows XIII,τ6 Eri
17678,附白一,Fùbái I,White Patched Nearby I,γ Hyi
17702,昴宿六,Mǎoxiù VI,Hairy Head VI,η Tau
17704,昴宿增十,Mǎoxiù zēng X,Hairy Head Added X,V1229 Tau
17717,天苑十四,Tiānyuàn XIV,Celestial Meadows XIV,τ7 Eri
17771,毕宿增一,Bìxiù zēng I,Net Added I,e Tau
17776,昴宿增四*,Mǎoxiù zēng IV*,Hairy Head Added IV*,HD23753
17797,天园八,Tiānyuán VIII,Celestial Orchard VIII,f Eri
17832,昴宿增十一,Mǎoxiù zēng XI,Hairy Head Added XI,26 Tau
17847,昴宿七,Mǎoxiù VII,Hairy Head VII,27 Tau
17851,昴宿增十二,Mǎoxiù zēng XII,Hairy Head Added XII,28 Tau
17874,天园九,Tiānyuán IX,Celestial Orchard IX,g Eri
17884,上丞增一,Shàngchéng zēng I,The Great Imperial Minister Added I,BE Cam
17886,天谗,Tiānchán,Celestial Slander,n Per
17900,昴宿增十三,Mǎoxiù zēng XIII,Hairy Head Added XIII,HD23923
17959,杠一,Gàng I,Canopy Support I,γ Cam
18089,毕宿增二,Bìxiù zēng II,Net Added II,31 Tau
18122,九州殊口增三,Jiǔzhōushūkǒu zēng III,Interpreters of Nine Dialects Added III,HD24371
18141,九州殊口增五,Jiǔzhōushūkǒu zēng V,Interpreters of Nine Dialects Added V,30 Eri
18213,天园增五,Tiānyuán zēng V,Celestial Orchard Added V,i Eri
18216,天苑十五,Tiānyuàn XV,Celestial Meadows XV,τ8 Eri
18246,卷舌四,Juǎnshé IV,Rolled Tongue IV,ζ Per
18255,九州殊口增二,Jiǔzhōushūkǒu zēng II,Interpreters of Nine Dialects Added II,w Eri
18453,积水增一[胃宿],Jīshuǐ zēng I,Stored Water Added I,A Per
18471,昴宿增五,Mǎoxiù zēng V,Hairy Head Added V,32 Tau
18488,传舍增二,Chuánshè zēng II,Guest House Added II,HD24480
18505,上丞增三,Shàngchéng zēng III,The Great Imperial Minister Added III,HD24479
18532,卷舌二,Juǎnshé II,Rolled Tongue II,ε Per
18543,天苑一,Tiānyuàn I,Celestial Meadows I,γ Eri
18614,卷舌三,Juǎnshé III,Rolled Tongue III,ξ Per
18673,天苑十六,Tiānyuàn XVI,Celestial Meadows XVI,τ9 Eri
18724,毕宿八,Bìxiù VIII,Net VIII,λ Tau
18788,九州殊口增一,Jiǔzhōushūkǒu zēng I,Interpreters of Nine Dialects Added I,35 Eri
18907,毕宿增三,Bìxiù zēng III,Net Added III,ν Tau
18957,毕宿增四,Bìxiù zēng IV,Net Added IV,40 Tau
19018,传舍增四,Chuánshè zēng IV,Guest House Added IV,HD25291
19038,月,Yuè,Lunar Star,A1 Tau
19076,月增一,Yuè zēng I,Lunar Star Added I,A2 Tau
19167,积水[胃宿],Jīshuǐ,Stored Water,λ Per
19205,砺石一,Lìshí I,Whetstone I,ψ Tau
19302,卷舌增四,Juǎnshé zēng IV,Rolled Tongue Added IV,49 Per
19335,卷舌增五,Juǎnshé zēng V,Rolled Tongue Added V,50 Per
19343,天船六,Tiānchuán VI,Celestial Boat VI,c Per
19388,天街增一,Tiānjiē zēng I,Celestial Street Added I,43 Tau
19461,五帝内座五,Wǔdìnèizuò V,Interior Seats of the Five Emperors V,HD25007
19483,九州殊口增六,Jiǔzhōushūkǒu zēng VI,Interpreters of Nine Dialects Added VI,37 Eri
19513,砺石二,Lìshí II,Whetstone II,p Tau
19554,毕宿增五,Bìxiù zēng V,Net Added V,45 Tau
19587,九州殊口二,Jiǔzhōushūkǒu II,Interpreters of Nine Dialects II,ο1 Eri
19719,毕宿增十四,Bìxiù zēng XIV,Net Added XIV,46 Tau
19740,毕宿增八,Bìxiù zēng VIII,Net Added VIII,47 Tau
19747,天园增六,Tiānyuán zēng VI,Celestial Orchard Added VI,α Hor
19777,九州殊口一,Jiǔzhōushūkǒu I,Interpreters of Nine Dialects I,A Eri
19780,夹白二,Jiābái II,White Patches Attached II,α Ret
19811,卷舌增六,Juǎnshé zēng VI,Rolled Tongue Added VI,f Per
19812,天船七,Tiānchuán VII,Celestial Boat VII,μ Per
19849,九州殊口增十一,Jiǔzhōushūkǒu zēng XI,Interpreters of Nine Dialects Added XI,ο2 Eri
19860,毕宿增七,Bìxiù zēng VII,Net Added VII,μ Tau
19877,毕宿增九,Bìxiù zēng IX,Net Added IX,48 Tau
19893,金鱼一,Jīnyú I,Goldfish I,γ Dor
19949,天船九,Tiānchuán IX,Celestial Boat IX,HD26764
19968,传舍增三,Chuánshè zēng III,Guest House Added III,HD26670
19990,天街二,Tiānjiē II,Celestial Street II,ω Tau
20042,天园十,Tiānyuán X,Celestial Orchard X,υ4 Eri
20070,天船增十,Tiānchuán zēng X,Celestial Boat Added X,b Per
20156,天船八,Tiānchuán VIII,Celestial Boat VIII,HD27084
20205,毕宿四,Bìxiù IV,Net IV,γ Tau
20219,天节三,Tiānjié III,Celestial Tally III,h Tau
20250,砺石四,Lìshí IV,Whetstone IV,φ Tau
20252,卷舌增三,Juǎnshé zēng III,Rolled Tongue Added III,54 Per
20261,毕宿增十,Bìxiù zēng X,Net Added X,58 Tau
20266,少卫增一,Shàowèi zēng I,The Second Imperial Guard Added I,HD27022
20354,天船增六,Tiānchuán zēng VI,Celestial Boat Added VI,d Per
20430,砺石三,Lìshí III,Whetstone III,χ Tau
20455,毕宿三,Bìxiù III,Net III,δ Tau
20484,毕宿增十一,Bìxiù zēng XI,Net Added XI,63 Tau
20507,九州殊口三,Jiǔzhōushūkǒu III,Interpreters of Nine Dialects III,ξ Eri
20522,天节八,Tiānjié VIII,Celestial Tally VIII,r Tau
20535,天园十一,Tiānyuán XI,Celestial Orchard XI,undefined3 Eri
20542,毕宿增十二,Bìxiù zēng XII,Net Added XII,64 Tau
20579,卷舌增二,Juǎnshé zēng II,Rolled Tongue Added II,55 Per
20635,天街增二,Tiānjiē zēng II,Celestial Street Added II,κ Tau
20641,天街一,Tiānjiē I,Celestial Street I,67 Tau
20648,毕宿二,Bìxiù II,Net II,68 Tau
20711,天街增三,Tiānjiē zēng III,Celestial Street Added III,υ Tau
20713,毕宿七,Bìxiù VII,Net VII,71 Tau
20732,天节一,Tiānjié I,Celestial Tally I,π Tau
20789,天街增四,Tiānjiē zēng IV,Celestial Street Added IV,72 Tau
20884,九斿增一,Jiǔyóu zēng I,Imperial Military Flag Added I,44 Eri
20885,毕宿六,Bìxiù VI,Net VI,θ1 Tau
20889,毕宿一,Bìxiù I,Net I,ε Tau
20894,毕宿增十三,Bìxiù zēng XIII,Net Added XIII,θ2 Tau
20901,天节四,Tiānjié IV,Celestial Tally IV,b Tau
21029,毕宿增十五,Bìxiù zēng XV,Net Added XV,HD28527
21053,毕宿增十六,Bìxiù zēng XVI,Net Added XVI,HD28568
21137,毕宿增十七,Bìxiù zēng XVII,Net Added XVII,85 Tau
21139,九斿增二,Jiǔyóu zēng II,Imperial Military Flag Added II,45 Eri
21148,天船增九,Tiānchuán zēng IX,Celestial Boat Added IX,1 Cam
21238,五车增十九,Wǔchē zēng XIX,Five Chariots Added XIX,HD28693
21242,五车增二,Wǔchē zēng II,Five Chariots Added II,m Per
21248,天园十三,Tiānyuán XIII,Celestial Orchard XIII,υ1 Eri
21257,毕宿增十八,Bìxiù zēng XVIII,Net Added XVIII,HD28879
21273,天节二,Tiānjié II,Celestial Tally II,ρ Tau
21278,九州殊口增九,Jiǔzhōushūkǒu zēng IX,Interpreters of Nine Dialects Added IX,46 Eri
21281,金鱼二,Jīnyú II,Goldfish II,α Dor
21296,九州殊口增八,Jiǔzhōushūkǒu zēng VIII,Interpreters of Nine Dialects Added VIII,47 Eri
21393,天园十二,Tiānyuán XII,Celestial Orchard XII,υ2 Eri
21402,天节七,Tiānjié VII,Celestial Tally VII,d Tau
21421,毕宿五,Bìxiù V,Net V,α Tau
21444,九州殊口四,Jiǔzhōushūkǒu IV,Interpreters of Nine Dialects IV,ν Eri
21476,五车增三,Wǔchē zēng III,Five Chariots Added III,e Per
21515,九斿一,Jiǔyóu I,Imperial Military Flag I,49 Eri
21547,九州殊口增十,Jiǔzhōushūkǒu zēng X,Interpreters of Nine Dialects Added X,c Eri
21588,附耳增三,Fù'ěr zēng III,Whisper Added III,89 Tau
21589,天节五,Tiānjié V,Celestial Tally V,c1 Tau
21594,九斿增四,Jiǔyóu zēng IV,Imperial Military Flag Added IV,l Eri
21673,附耳增一,Fù'ěr zēng I,Whisper Added I,σ1 Tau
21683,附耳增四,Fù'ěr zēng IV,Whisper Added IV,σ2 Tau
21685,九斿增六,Jiǔyóu zēng VI,Imperial Military Flag Added VI,HD29613
21727,天船增七,Tiānchuán zēng VII,Celestial Boat Added VII,3 Cam
21730,天船增八,Tiānchuán zēng VIII,Celestial Boat Added VIII,2 Cam
21735,天节六,Tiānjié VI,Celestial Tally VI,93 Tau
21763,九斿八,Jiǔyóu VIII,Imperial Military Flag VIII,54 Eri
21881,诸王六,Zhūwáng VI,Feudal Kings VI,τ Tau
21928,五车增一,Wǔchē zēng I,Five Chariots Added I,59 Per
21961,诸王增一,Zhūwáng zēng I,Feudal Kings Added I,95 Tau
21986,九州殊口六,Jiǔzhōushūkǒu VI,Interpreters of Nine Dialects VI,55 Eri
22024,九州殊口五,Jiǔzhōushūkǒu V,Interpreters of Nine Dialects V,56 Eri
22109,九斿二,Jiǔyóu II,Imperial Military Flag II,μ Eri
22263,九斿七,Jiǔyóu VII,Imperial Military Flag VII,58 Eri
22287,八谷增一,Bāgǔ zēng I,Eight Kinds of Crops Added I,4 Cam
22325,九斿增五,Jiǔyóu zēng V,Imperial Military Flag Added V,59 Eri
22441,参旗增一,Shēnqí zēng I,Banner of Three Stars Added I,96 Tau
22449,参旗六,Shēnqí VI,Banner of Three Stars VI,π3 Ori
22453,五车增七,Wǔchē zēng VII,Five Chariots Added VII,1 Aur
22479,九斿六,Jiǔyóu VI,Imperial Military Flag VI,60 Eri
22509,参旗五,Shēnqí V,Banner of Three Stars V,π2 Ori
22549,参旗七,Shēnqí VII,Banner of Three Stars VII,π4 Ori
22565,天高二,Tiāngāo II,Celestial High Terrace II,i Tau
22667,参旗一,Shēnqí I,Banner of Three Stars I,ο1 Ori
22678,五车增八,Wǔchē zēng VIII,Five Chariots Added VIII,2 Aur
22701,九斿三,Jiǔyóu III,Imperial Military Flag III,ω Eri
22730,参旗增十一,Shēnqí zēng XI,Banner of Three Stars Added XI,5 Ori
22783,少卫,Shàowèi,The Second Imperial Guard,α Cam
22797,参旗增十二,Shēnqí zēng XII,Banner of Three Stars Added XII,π5 Ori
22833,参旗三,Shēnqí III,Banner of Three Stars III,g Ori
22845,参旗四,Shēnqí IV,Banner of Three Stars IV,π1 Ori
22854,八谷增三,Bāgǔ zēng III,Eight Kinds of Crops Added III,5 Cam
22957,参旗二,Shēnqí II,Banner of Three Stars II,ο2 Ori
22958,九斿增三,Jiǔyóu zēng III,Imperial Military Flag Added III,b Eri
22994,八谷增二,Bāgǔ zēng II,Eight Kinds of Crops Added II,HD31189
23015,五车一,Wǔchē I,Five Chariots I,ι Aur
23040,八谷五,Bāgǔ V,Eight Kinds of Crops V,7 Cam
23043,参旗增二,Shēnqí zēng II,Banner of Three Stars Added II,HD31539
23068,诸王五,Zhūwáng V,Feudal Kings V,99 Tau
23088,诸王增二,Zhūwáng zēng II,Feudal Kings Added II,k Tau
23123,参旗九,Shēnqí IX,Banner of Three Stars IX,π6 Ori
23179,五车增六,Wǔchē zēng VI,Five Chariots Added VI,4 Aur
23214,参旗增三,Shēnqí zēng III,Banner of Three Stars Added III,101 Tau
23221,九斿四,Jiǔyóu IV,Imperial Military Flag IV,63 Eri
23231,九斿五,Jiǔyóu V,Imperial Military Flag V,64 Eri
23261,五车增五,Wǔchē zēng V,Five Chariots Added V,5 Aur
23265,六甲五,Liùjiǎ V,Six Jia V,HD30338
23268,五车增四,Wǔchē zēng IV,Five Chariots Added IV,6 Aur
23364,玉井二,Yùjǐng II,Jade Well II,ψ Eri
23416,柱一[毕宿],Zhù I,Pillars I (In Net Mansion),ε Aur
23453,柱二[毕宿],Zhù II,Pillars II (In Net Mansion),ζ Aur
23474,九斿九,Jiǔyóu IX,Imperial Military Flag IX,1 Lep
23497,天高一,Tiāngāo I,Celestial High Terrace I,ι Tau
23522,八谷增十四,Bāgǔ zēng XIV,Eight Kinds of Crops Added XIV,β Cam
23554,九斿增七,Jiǔyóu zēng VII,Imperial Military Flag Added VII,HD32667
23607,参旗增四,Shēnqí zēng IV,Banner of Three Stars Added IV,11 Ori
23685,屏二,Píng II,Screen II,ε Lep
23734,八谷七,Bāgǔ VII,Eight Kinds of Crops VII,11 Cam
23743,八谷增十三,Bāgǔ zēng XIII,Eight Kinds of Crops Added XIII,12 Cam
23767,柱三[毕宿],Zhù III,Pillars III (In Net Mansion),η Aur
23783,八谷增四,Bāgǔ zēng IV,Eight Kinds of Crops Added IV,9 Aur
23794,玉井增一,Yùjǐng zēng I,Jade Well Added I,66 Eri
23802,玉井增三,Yùjǐng zēng III,Jade Well Added III,HIP23802
23835,天高增一,Tiāngāo zēng I,Celestial High Terrace Added I,m Tau
23852,参旗增九,Shēnqí zēng IX,Banner of Three Stars Added IX,13 Ori
23871,天高增二,Tiāngāo zēng II,Celestial High Terrace Added II,l Tau
23875,玉井三,Yùjǐng III,Jade Well III,β Eri
23879,参旗增十,Shēnqí zēng X,Banner of Three Stars Added X,i Ori
23883,天高增三,Tiāngāo zēng III,Celestial High Terrace Added III,105 Tau
23900,诸王四,Zhūwáng IV,Feudal Kings IV,103 Tau
23941,玉井增二,Yùjǐng zēng II,Jade Well Added II,68 Eri
23949,天高三,Tiāngāo III,Celestial High Terrace III,HD33121
23972,玉井一,Yùjǐng I,Jade Well I,λ Eri
23983,参旗增七,Shēnqí zēng VII,Banner of Three Stars Added VII,h Ori
24010,参旗增五,Shēnqí zēng V,Banner of Three Stars Added V,15 Ori
24169,军井增二,Jūnjǐng zēng II,Military Well Added II,RX Lep
24244,军井一,Jūnjǐng I,Military Well I,ι Lep
24254,六甲增一,Liùjiǎ zēng I,Six Jia Added I,BN Cam
24305,屏一,Píng I,Screen I,μ Lep
24327,军井二,Jūnjǐng II,Military Well II,κ Lep
24331,参宿增九,Shēnxiù zēng IX,Three Stars Added IX,ρ Ori
24340,天潢五,Tiānhuáng V,Celestial Pier V,μ Aur
24348,八谷四,Bāgǔ IV,Eight Kinds of Crops IV,14 Cam
24372,夹白一,Jiābái I,White Patches Attached I,θ Dor
24436,参宿七,Shēnxiù VII,Three Stars VII,β Ori
24504,天潢三,Tiānhuáng III,Celestial Pier III,14 Aur
24555,参旗增六,Shēnqí zēng VI,Banner of Three Stars Added VI,18 Ori
24608,五车二,Wǔchē II,Five Chariots II,α Aur
24674,参宿增卅八,Shēnxiù zēng XXXVIII,Three Stars Added XXXVIII,τ Ori
24727,天潢增一,Tiānhuáng zēng I,Celestial Pier Added I,16 Aur
24740,天潢增二,Tiānhuáng zēng II,Celestial Pier Added II,17 Aur
24748,五车增十八,Wǔchē zēng XVIII,Five Chariots Added XVIII,HIP24748
24813,咸池三,Xiánchí III,Pool of Harmony III,λ Aur
24817,参宿增八,Shēnxiù zēng VIII,Three Stars Added VIII,21 Ori
24822,天高四,Tiāngāo IV,Celestial High Terrace IV,n Tau
24836,八谷增十二,Bāgǔ zēng XII,Eight Kinds of Crops Added XII,15 Cam
24845,军井三,Jūnjǐng III,Military Well III,λ Lep
24873,军井四,Jūnjǐng IV,Military Well IV,ν Lep
24879,天潢一,Tiānhuáng I,Celestial Pier I,19 Aur
25028,参宿增卅九,Shēnxiù zēng XXXIX,Three Stars Added XXXIX,HD35007
25044,参宿增五,Shēnxiù zēng V,Three Stars Added V,o Ori
25048,咸池一,Xiánchí I,Pool of Harmony I,ρ Aur
25110,六甲六,Liùjiǎ VI,Six Jia VI,HD33564
25142,参宿增十,Shēnxiù zēng X,Three Stars Added X,m Ori
25197,八谷增十一,Bāgǔ zēng XI,Eight Kinds of Crops Added XI,16 Cam
25202,军井增一,Jūnjǐng zēng I,Military Well Added I,8 Lep
25247,参宿增卅七,Shēnxiù zēng XXXVII,Three Stars Added XXXVII,e Ori
25281,参宿增三,Shēnxiù zēng III,Three Stars Added III,η Ori
25282,参宿增四,Shēnxiù zēng IV,Three Stars Added IV,p Ori
25292,天潢四,Tiānhuáng IV,Celestial Pier IV,σ Aur
25302,参宿增七,Shēnxiù zēng VII,Three Stars Added VII,25 Ori
25336,参宿五,Shēnxiù V,Three Stars V,γ Ori
25410,天关增一,Tiānguān zēng I,Celestial Pass Added I,113 Tau
25428,五车五,Wǔchē V,Five Chariots V,β Tau
25473,参宿增十一,Shēnxiù zēng XI,Three Stars Added XI,ψ Ori
25539,天高增四,Tiāngāo zēng IV,Celestial High Terrace Added IV,o Tau
25541,天潢二,Tiānhuáng II,Celestial Pier II,φ Aur
25606,厕二,Cè II,Toilet II,β Lep
25695,诸王三,Zhūwáng III,Feudal Kings III,118 Tau
25737,参宿增二,Shēnxiù zēng II,Three Stars Added II,31 Ori
25810,咸池二,Xiánchí II,Pool of Harmony II,HD36041
25813,参宿增十三,Shēnxiù zēng XIII,Three Stars Added XIII,32 Ori
25853,厕增一,Cè zēng I,Toilet Added I,10 Lep
25859,丈人二,Zhàngrén II,Grandfather II,ε Col
25861,参宿增十二,Shēnxiù zēng XII,Three Stars Added XII,n1 Ori
25923,参宿增卅六,Shēnxiù zēng XXXVI,Three Stars Added XXXVI,υ Ori
25930,参宿三,Shēnxiù III,Three Stars III,δ Ori
25973,八谷增十,Bāgǔ zēng X,Eight Kinds of Crops Added X,18 Cam
25984,柱七[毕宿],Zhù VII,Pillars VII (In Net Mansion),χ Aur
25985,厕一,Cè I,Toilet I,α Lep
26069,金鱼三,Jīnyú III,Goldfish III,β Dor
26126,参宿增十四,Shēnxiù zēng XIV,Three Stars Added XIV,n2 Ori
26176,觜宿二,Zīxiù II,Turtle Beak II,φ1 Ori
26207,觜宿一,Zīxiù I,Turtle Beak I,λ Ori
26224,伐增二,Fá zēng II,Send Armed Forces To Suppress Added II,θ1 Ori
26235,伐二,Fá II,Send Armed Forces To Suppress II,θ2 Ori
26237,伐一,Fá I,Send Armed Forces To Suppress I,c Ori
26241,伐三,Fá III,Send Armed Forces To Suppress III,ι Ori
26248,诸王增三,Zhūwáng zēng III,Feudal Kings Added III,121 Tau
26268,伐增一,Fá zēng I,Send Armed Forces To Suppress Added I,45 Ori
26311,参宿二,Shēnxiù II,Three Stars II,ε Ori
26366,觜宿三,Zīxiù III,Turtle Beak III,φ2 Ori
26408,八谷增十五,Bāgǔ zēng XV,Eight Kinds of Crops Added XV,19 Cam
26451,天关,Tiānguān,Celestial Pass,ζ Tau
26536,柱八[毕宿],Zhù VIII,Pillars VIII (In Net Mansion),26 Aur
26549,参宿增一,Shēnxiù zēng I,Three Stars Added I,σ Ori
26563,参宿增卅五,Shēnxiù zēng XXXV,Three Stars Added XXXV,d Ori
26594,参宿增十五,Shēnxiù zēng XV,Three Stars Added XV,ω Ori
26634,丈人一,Zhàngrén I,Grandfather I,α Col
26640,诸王二,Zhūwáng II,Feudal Kings II,125 Tau
26700,八谷增十六,Bāgǔ zēng XVI,Eight Kinds of Crops Added XVI,HD37136
26727,参宿一,Shēnxiù I,Three Stars I,ζ Ori
26777,天关增二,Tiānguān zēng II,Celestial Pass Added II,126 Tau
26865,厕增八,Cè zēng VIII,Toilet Added VIII,12 Lep
26885,参宿增十六,Shēnxiù zēng XVI,Three Stars Added XVI,b Ori
26925,天关增六,Tiānguān zēng VI,Celestial Pass Added VI,HD37940
26942,八谷增九,Bāgǔ zēng IX,Eight Kinds of Crops Added IX,24 Cam
27046,八谷增十七,Bāgǔ zēng XVII,Eight Kinds of Crops Added XVII,23 Cam
27072,厕三,Cè III,Toilet III,γ Lep
27100,金鱼四,Jīnyú IV,Goldfish IV,δ Dor
27106,天关增三,Tiānguān zēng III,Celestial Pass Added III,HD38219
27196,五车增十七,Wǔchē zēng XVII,Five Chariots Added XVII,ο Aur
27204,屎,Shǐ,Excrement,μ Col
27249,八谷三,Bāgǔ III,Eight Kinds of Crops III,26 Cam
27265,天关增四,Tiānguān zēng IV,Celestial Pass Added IV,129 Tau
27283,八谷增八,Bāgǔ zēng VIII,Eight Kinds of Crops Added VIII,28 Cam
27288,厕增七,Cè zēng VII,Toilet Added VII,ζ Lep
27316,水府增二,Shuǐfǔ zēng II,Official for Irrigation Added II,131 Tau
27321,老人增四,Lǎorén zēng IV,Old Man Added IV,β Pic
27338,天关增五,Tiānguān zēng V,Celestial Pass Added V,130 Tau
27364,水府增一,Shuǐfǔ zēng I,Official for Irrigation Added I,133 Tau
27366,参宿六,Shēnxiù VI,Three Stars VI,κ Ori
27386,参宿增十七,Shēnxiù zēng XVII,Three Stars Added XVII,52 Ori
27468,诸王增四,Zhūwáng zēng IV,Feudal Kings Added IV,132 Tau
27483,柱六[毕宿],Zhù VI,Pillars VI (In Net Mansion),τ Aur
27581,水府增三,Shuǐfǔ zēng III,Official for Irrigation Added III,135 Tau
27592,八谷增七,Bāgǔ zēng VII,Eight Kinds of Crops Added VII,29 Cam
27628,子二,Zǐ II,Son II,β Col
27639,柱四[毕宿],Zhù IV,Pillars IV (In Net Mansion),υ Aur
27654,厕四,Cè IV,Toilet IV,δ Lep
27658,参宿增卅四,Shēnxiù zēng XXXIV,Three Stars Added XXXIV,55 Ori
27673,柱五[毕宿],Zhù V,Pillars V (In Net Mansion),ν Aur
27731,八谷增十八,Bāgǔ zēng XVIII,Eight Kinds of Crops Added XVIII,30 Cam
27743,水府增五,Shuǐfǔ zēng V,Official for Irrigation Added V,137 Tau
27750,参宿增廿二,Shēnxiù zēng XXII,Three Stars Added XXII,56 Ori
27810,子一,Zǐ I,Son I,λ Col
27830,诸王一,Zhūwáng I,Feudal Kings I,136 Tau
27913,司怪四,Sīguài IV,Deity in Charge of Monsters IV,χ1 Ori
27949,八谷增六,Bāgǔ zēng VI,Eight Kinds of Crops Added VI,ξ Aur
27965,司怪增三,Sīguài zēng III,Deity in Charge of Monsters Added III,57 Ori
27971,八谷八,Bāgǔ VIII,Eight Kinds of Crops VIII,31 Cam
27989,参宿四,Shēnxiù IV,Three Stars IV,α Ori
28103,厕增六,Cè zēng VI,Toilet Added VI,η Lep
28199,子增一,Zǐ zēng I,Son Added I,γ Col
28237,司怪一,Sīguài I,Deity in Charge of Monsters I,139 Tau
28271,参宿增廿一,Shēnxiù zēng XXI,Three Stars Added XXI,59 Ori
28321,参宿增卅三,Shēnxiù zēng XXXIII,Three Stars Added XXXIII,1 Mon
28325,参宿增卅二,Shēnxiù zēng XXXII,Three Stars Added XXXII,2 Mon
28328,老人增三,Lǎorén zēng III,Old Man Added III,η Col
28358,八谷一,Bāgǔ I,Eight Kinds of Crops I,δ Aur
28360,五车三,Wǔchē III,Five Chariots III,β Aur
28380,五车四,Wǔchē IV,Five Chariots IV,θ Aur
28385,八谷增五,Bāgǔ zēng V,Eight Kinds of Crops Added V,HD40062
28404,五车增十六,Wǔchē zēng XVI,Five Chariots Added XVI,π Aur
28413,参宿增廿三,Shēnxiù zēng XXIII,Three Stars Added XXIII,HD40657
28455,司怪增一,Sīguài zēng I,Deity in Charge of Monsters Added I,HIP28455
28499,五车增十五,Wǔchē zēng XV,Five Chariots Added XV,36 Aur
28561,司怪增二,Sīguài zēng II,Deity in Charge of Monsters Added II,141 Tau
28574,参宿增卅一,Shēnxiù zēng XXXI,Three Stars Added XXXI,3 Mon
28614,参宿增十八,Shēnxiù zēng XVIII,Three Stars Added XVIII,μ Ori
28677,五车增十,Wǔchē zēng X,Five Chariots Added X,38 Aur
28691,司怪增四,Sīguài zēng IV,Deity in Charge of Monsters Added IV,64 Ori
28716,司怪三,Sīguài III,Deity in Charge of Monsters III,χ2 Ori
28734,司怪二,Sīguài II,Deity in Charge of Monsters II,1 Gem
28812,参宿增十九,Shēnxiù zēng XIX,Three Stars Added XIX,63 Ori
28814,参宿增廿,Shēnxiù zēng XX,Three Stars Added XX,66 Ori
28816,厕增四,Cè zēng IV,Toilet Added IV,17 Lep
28823,五车增十一,Wǔchē zēng XI,Five Chariots Added XI,39 Aur
28910,厕增五,Cè zēng V,Toilet Added V,θ Lep
28946,五车增九,Wǔchē zēng IX,Five Chariots Added IX,40 Aur
29034,孙二,Sūn II,Grandson II,θ Col
29038,水府一,Shuǐfǔ I,Official for Irrigation I,ν Ori
29048,厕增三,Cè zēng III,Toilet Added III,19 Lep
29118,参宿增卅,Shēnxiù zēng XXX,Three Stars Added XXX,HD42116
29134,金鱼五,Jīnyú V,Goldfish V,ν Dor
29246,八谷增十九,Bāgǔ zēng XIX,Eight Kinds of Crops Added XIX,37 Cam
29388,五车增十四,Wǔchē zēng XIV,Five Chariots Added XIV,41 Aur
29426,水府二,Shuǐfǔ II,Official for Irrigation II,ξ Ori
29433,司怪增五,Sīguài zēng V,Deity in Charge of Monsters Added V,68 Ori
29434,水府四,Shuǐfǔ IV,Official for Irrigation IV,f1 Ori
29490,上卫增一,Shàngwèi zēng I,The Great Imperial Guard Added I,36 Cam
29650,司怪增六,Sīguài zēng VI,Deity in Charge of Monsters Added VI,71 Ori
29651,参宿增廿八,Shēnxiù zēng XXVIII,Three Stars Added XXVIII,γ Mon
29655,钺,Yuè,Battle Axe,η Gem
29696,井宿增一,Jǐngxiù zēng I,Well Added I,κ Aur
29704,水府三,Shuǐfǔ III,Official for Irrigation III,f2 Ori
29730,八谷增廿,Bāgǔ zēng XX,Eight Kinds of Crops Added XX,40 Cam
29736,水府增六,Shuǐfǔ zēng VI,Official for Irrigation Added VI,73 Ori
29800,水府增七,Shuǐfǔ zēng VII,Official for Irrigation Added VII,k Ori
29807,孙一,Sūn I,Grandson I,κ Col
29840,钺增一,Yuè zēng I,Battle Axe Added I,9 Gem
29850,水府增八,Shuǐfǔ zēng VIII,Official for Irrigation Added VIII,l Ori
29884,五车增十三,Wǔchē zēng XIII,Five Chariots Added XIII,42 Aur
29885,参宿增廿九,Shēnxiù zēng XXIX,Three Stars Added XXIX,6 Mon
29919,八谷增廿一,Bāgǔ zēng XXI,Eight Kinds of Crops Added XXI,1 Lyn
29949,五车增十二,Wǔchē zēng XII,Five Chariots Added XII,43 Aur
29997,上卫增二,Shàngwèi zēng II,The Great Imperial Guard Added II,HD42818
30060,八谷增廿六,Bāgǔ zēng XXVI,Eight Kinds of Crops Added XXVI,2 Lyn
30073,参宿增廿七,Shēnxiù zēng XXVII,Three Stars Added XXVII,7 Mon
30122,孙增一,Sūn zēng I,Grandson Added I,ζ CMa
30247,八谷增卅四,Bāgǔ zēng XXXIV,Eight Kinds of Crops Added XXXIV,45 Aur
30272,八谷增廿五,Bāgǔ zēng XXV,Eight Kinds of Crops Added XXV,4 Lyn
30277,孙增四,Sūn zēng IV,Grandson Added IV,δ Col
30278,八谷增廿二,Bāgǔ zēng XXII,Eight Kinds of Crops Added XXII,HIP30278
30324,军市一,Jūnshì I,Market for Soldiers I,β CMa
30343,井宿一,Jǐngxiù I,Well I,μ Gem
30419,四渎四,Sìdú IV,Four Channels IV,ε Mon
30438,老人,Lǎorén,Old Man,α Car
30520,座旗增一,Zuòqí zēng I,Seat Flags Added I,ψ1 Aur
30679,八谷增廿七,Bāgǔ zēng XXVII,Eight Kinds of Crops Added XXVII,5 Lyn
30700,参宿增廿四,Shēnxiù zēng XXIV,Three Stars Added XXIV,9 Mon
30717,四渎增五,Sìdú zēng V,Four Channels Added V,77 Ori
30720,四渎增六,Sìdú zēng VI,Four Channels Added VI,78 Ori
30772,参宿增廿五,Shēnxiù zēng XXV,Three Stars Added XXV,10 Mon
30788,孙增二,Sūn zēng II,Grandson Added II,λ CMa
30827,井宿增二,Jǐngxiù zēng II,Well Added II,48 Aur
30867,参宿增廿六,Shēnxiù zēng XXVI,Three Stars Added XXVI,β Mon
30883,井宿二,Jǐngxiù II,Well II,ν Gem
30972,座旗增二,Zuòqí zēng II,Seat Flags Added II,47 Aur
31039,八谷增廿八,Bāgǔ zēng XXVIII,Eight Kinds of Crops Added XXVIII,6 Lyn
31125,军市六,Jūnshì VI,Market for Soldiers VI,ξ1 CMa
31149,四渎增七,Sìdú zēng VII,Four Channels Added VII,HIP31149
31159,四渎增三,Sìdú zēng III,Four Channels Added III,12 Mon
31216,四渎三,Sìdú III,Four Channels III,13 Mon
31385,四渎增八,Sìdú zēng VIII,Four Channels Added VIII,14 Mon
31404,井宿增九,Jǐngxiù zēng IX,Well Added IX,HIP31404
31416,军市增二,Jūnshì zēng II,Market for Soldiers Added II,ξ2 CMa
31434,井宿增六,Jǐngxiù zēng VI,Well Added VI,49 Aur
31525,井宿增八,Jǐngxiù zēng VIII,Well Added VIII,23 Gem
31526,八谷增卅三,Bāgǔ zēng XXXIII,Eight Kinds of Crops Added XXXIII,HD46318
31564,军市增一,Jūnshì zēng I,Market for Soldiers Added I,ν1 CMa
31592,野鸡,Yějī,Wild Cockerel,ν2 CMa
31665,八谷增卅二,Bāgǔ zēng XXXII,Eight Kinds of Crops Added XXXII,11 Lyn
31676,八谷增廿三,Bāgǔ zēng XXIII,Eight Kinds of Crops Added XXIII,8 Lyn
31681,井宿三,Jǐngxiù III,Well III,γ Gem
31685,老人增二,Lǎorén zēng II,Old Man Added II,ν Pup
31700,军市二,Jūnshì II,Market for Soldiers II,ν3 CMa
31737,井宿增三,Jǐngxiù zēng III,Well Added III,53 Aur
31763,八谷增廿四,Bāgǔ zēng XXIV,Eight Kinds of Crops Added XXIV,HD46635
31771,座旗八,Zuòqí VIII,Seat Flags VIII,51 Aur
31789,座旗七,Zuòqí VII,Seat Flags VII,ψ3 Aur
31832,座旗五,Zuòqí V,Seat Flags V,ψ2 Aur
31852,井宿增五,Jǐngxiù zēng V,Well Added V,54 Aur
31978,四渎增一,Sìdú zēng I,Four Channels Added I,15 Mon
32104,井宿增七,Jǐngxiù zēng VII,Well Added VII,26 Gem
32173,座旗三,Zuòqí III,Seat Flags III,ψ4 Aur
32246,井宿五,Jǐngxiù V,Well V,ε Gem
32249,井宿增十八,Jǐngxiù zēng XVIII,Well Added XVIII,30 Gem
32292,弧矢增一,Húshǐ zēng I,Bow and Arrow Added I,10 CMa
32311,井宿增四,Jǐngxiù zēng IV,Well Added IV,28 Gem
32349,天狼,Tiānláng,Celestial Wolf,α CMa
32362,井宿增十九,Jǐngxiù zēng XIX,Well Added XIX,ξ Gem
32404,井宿增十一,Jǐngxiù zēng XI,Well Added XI,32 Gem
32439,六甲一,Liùjiǎ I,Six Jia I,HD46588
32463,四渎增二,Sìdú zēng II,Four Channels Added II,16 Mon
32480,座旗四,Zuòqí IV,Seat Flags IV,ψ5 Aur
32489,八谷增卅一,Bāgǔ zēng XXXI,Eight Kinds of Crops Added XXXI,13 Lyn
32492,天狼增一,Tiānláng zēng I,Celestial Wolf Added I,11 CMa
32504,军市增三,Jūnshì zēng III,Market for Soldiers Added III,12 CMa
32533,四渎二,Sìdú II,Four Channels II,17 Mon
32562,座旗一,Zuòqí I,Seat Flags I,ψ6 Aur
32578,阙丘一,Quèqiū I,Palace Gate I,18 Mon
32607,金鱼增一,Jīnyú zēng I,Goldfish Added I,α Pic
32759,弧矢八,Húshǐ VIII,Bow and Arrow VIII,κ CMa
32768,老人增一,Lǎorén zēng I,Old Man Added I,τ Pup
32814,井宿增十二,Jǐngxiù zēng XII,Well Added XII,35 Gem
32844,座旗六,Zuòqí VI,Seat Flags VI,ψ7 Aur
32864,上卫增三,Shàngwèi zēng III,The Great Imperial Guard Added III,42 Cam
32921,井宿六,Jǐngxiù VI,Well VI,d Gem
33018,五诸侯一[井宿],Wǔzhūhóu I,Five Feudal Kings I,θ Gem
33041,座旗九,Zuòqí IX,Seat Flags IX,59 Aur
33048,八谷增廿九,Bāgǔ zēng XXIX,Eight Kinds of Crops Added XXIX,14 Lyn
33064,座旗增三,Zuòqí zēng III,Seat Flags Added III,60 Aur
33092,军市三,Jūnshì III,Market for Soldiers III,15 CMa
33104,上卫,Shàngwèi,The Great Imperial Guard,43 Cam
33133,座旗增四,Zuòqí zēng IV,Seat Flags Added IV,ψ8 Aur
33152,军市五,Jūnshì V,Market for Soldiers V,ο1 CMa
33160,天狼增六,Tiānláng zēng VI,Celestial Wolf Added VI,θ CMa
33202,井宿增十三,Jǐngxiù zēng XIII,Well Added XIII,e Gem
33248,军市四,Jūnshì IV,Market for Soldiers IV,17 CMa
33277,天樽增一,Tiānzūn zēng I,Celestial Wine Cup Added I,37 Gem
33302,军市增七,Jūnshì zēng VII,Market for Soldiers Added VII,π CMa
33345,天狼增三,Tiānláng zēng III,Celestial Wolf Added III,μ CMa
33347,天狼增五,Tiānláng zēng V,Celestial Wolf Added V,ι CMa
33449,八谷增卅,Bāgǔ zēng XXX,Eight Kinds of Crops Added XXX,15 Lyn
33485,座旗二,Zuòqí II,Seat Flags II,16 Lyn
33579,弧矢七,Húshǐ VII,Bow and Arrow VII,ε CMa
33614,座旗增五,Zuòqí zēng V,Seat Flags Added V,62 Aur
33650,天樽增二,Tiānzūn zēng II,Celestial Wine Cup Added II,40 Gem
33694,六甲二,Liùjiǎ II,Six Jia II,HD49878
33715,井宿增十四,Jǐngxiù zēng XIV,Well Added XIV,41 Gem
33856,弧矢增二,Húshǐ zēng II,Bow and Arrow Added II,σ CMa
33927,天樽三,Tiānzūn III,Celestial Wine Cup III,ω Gem
33971,阙丘增四,Quèqiū zēng IV,Palace Gate Added IV,19 Mon
33977,军市增五,Jūnshì zēng V,Market for Soldiers Added V,ο2 CMa
34033,四渎一,Sìdú I,Four Channels I,HD52960
34045,天狼增四,Tiānláng zēng IV,Celestial Wolf Added IV,γ CMa
34088,井宿七,Jǐngxiù VII,Well VII,ζ Gem
34182,天樽增六,Tiānzūn zēng VI,Celestial Wine Cup Added VI,44 Gem
34360,弧矢增廿五,Húshǐ zēng XXV,Bow and Arrow Added XXV,FV CMa
34440,井宿增十五,Jǐngxiù zēng XV,Well Added XV,45 Gem
34444,弧矢一,Húshǐ I,Bow and Arrow I,δ CMa
34481,飞鱼二,Fēiyú II,Flying Fish II,γ2 Vol
34579,弧矢增廿六,Húshǐ zēng XXVI,Bow and Arrow Added XXVI,LZ CMa
34622,阙丘增五,Quèqiū zēng V,Palace Gate Added V,20 Mon
34693,五诸侯增六[井宿],Wǔzhūhóu zēng VI,Five Feudal Kings Added VI,τ Gem
34722,天樽增三,Tiānzūn zēng III,Celestial Wine Cup Added III,47 Gem
34724,阙丘二,Quèqiū II,Palace Gate II,21 Mon
34752,座旗增六,Zuòqí zēng VI,Seat Flags Added VI,63 Aur
34769,阙丘增三,Quèqiū zēng III,Palace Gate Added III,δ Mon
34798,弧矢增五,Húshǐ zēng V,Bow and Arrow Added V,26 CMa
34819,天樽增五,Tiānzūn zēng V,Celestial Wine Cup Added V,48 Gem
34858,井宿增十六,Jǐngxiù zēng XVI,Well Added XVI,HIP34858
34904,阙丘增二,Quèqiū zēng II,Palace Gate Added II,HD55533
34909,井宿增十七,Jǐngxiù zēng XVII,Well Added XVII,51 Gem
34981,弧矢增四,Húshǐ zēng IV,Bow and Arrow Added IV,27 CMa
35025,天樽增四,Tiānzūn zēng IV,Celestial Wine Cup Added IV,52 Gem
35037,弧矢增三,Húshǐ zēng III,Bow and Arrow Added III,ω CMa
35080,阙丘增一,Quèqiū zēng I,Palace Gate Added I,24 Mon
35146,内阶增二,Nèijiē zēng II,Inner Steps Added II,18 Lyn
35228,飞鱼五,Fēiyú V,Flying Fish V,δ Vol
35264,弧矢九,Húshǐ IX,Bow and Arrow IX,π Pup
35341,座旗增七,Zuòqí zēng VII,Seat Flags Added VII,64 Aur
35350,井宿八,Jǐngxiù VIII,Well VIII,λ Gem
35412,弧矢增七,Húshǐ zēng VII,Bow and Arrow Added VII,29 CMa
35415,弧矢增六,Húshǐ zēng VI,Bow and Arrow Added VI,τ CMa
35550,天樽二,Tiānzūn II,Celestial Wine Cup II,δ Gem
35699,天樽增七,Tiānzūn zēng VII,Celestial Wine Cup Added VII,56 Gem
35710,积水[井宿],Jīshuǐ,Accumulated Water,65 Aur
35731,座旗增十一,Zuòqí zēng XI,Seat Flags Added XI,HIP35731
35785,内阶增一,Nèijiē zēng I,Inner Steps Added I,19 Lyn
35846,天樽一,Tiānzūn I,Celestial Wine Cup I,A Gem
35904,弧矢二,Húshǐ II,Bow and Arrow II,η CMa
35907,座旗增八,Zuòqí zēng VIII,Seat Flags Added VIII,66 Aur
35941,五诸侯增一[井宿],Wǔzhūhóu zēng I,Five Feudal Kings Added I,59 Gem
35987,水位增一,Shuǐwèi zēng I,Water Level Added I,1 CMi
36041,南河一,Nánhé I,South River I,ε CMi
36046,五诸侯三[井宿],Wǔzhūhóu III,Five Feudal Kings III,ι Gem
36145,座旗增九,Zuòqí zēng IX,Seat Flags Added IX,21 Lyn
36156,天樽增八,Tiānzūn zēng VIII,Celestial Wine Cup Added VIII,61 Gem
36188,南河二,Nánhé II,South River II,β CMi
36238,天樽增九,Tiānzūn zēng IX,Celestial Wine Cup Added IX,63 Gem
36265,南河增二,Nánhé zēng II,South River Added II,η CMi
36284,南河增一,Nánhé zēng I,South River Added I,γ CMi
36366,北河一,Běihé I,North River I,ρ Gem
36377,弧矢增廿四,Húshǐ zēng XXIV,Bow and Arrow Added XXIV,σ Pup
36393,五诸侯增二[井宿],Wǔzhūhóu zēng II,Five Feudal Kings Added II,64 Gem
36425,水位一,Shuǐwèi I,Water Level I,6 CMi
36429,五诸侯增三[井宿],Wǔzhūhóu zēng III,Five Feudal Kings Added III,b Gem
36439,座旗增十,Zuòqí zēng X,Seat Flags Added X,22 Lyn
36547,六甲四,Liùjiǎ IV,Six Jia IV,VZ Cam
36631,水位增十二,Shuǐwèi zēng XII,Water Level Added XII,HD59764
36641,南河增五,Nánhé zēng V,South River Added V,δ1 CMi
36723,南河增四,Nánhé zēng IV,South River Added IV,δ2 CMi
36760,水位增二,Shuǐwèi zēng II,Water Level Added II,68 Gem
36787,弧矢增廿八,Húshǐ zēng XXVIII,Bow and Arrow Added XXVIII,HD60686
36812,南河增三,Nánhé zēng III,South River Added III,δ3 CMi
36848,弧矢增廿七,Húshǐ zēng XXVII,Bow and Arrow Added XXVII,HD60666
36850,北河二,Běihé II,North River II,α Gem
36962,五诸侯四[井宿],Wǔzhūhóu IV,Five Feudal Kings IV,υ Gem
36982,小斗九,Xiǎodǒu IX,Little Dipper IX,HD62689
37088,阙丘增六,Quèqiū zēng VI,Palace Gate Added VI,25 Mon
37204,北河增一,Běihé zēng I,North River Added I,70 Gem
37229,弧矢六,Húshǐ VI,Bow and Arrow VI,κ1 Pup
37265,北河增二,Běihé zēng II,North River Added II,ο Gem
37279,南河三,Nánhé III,South River III,α CMi
37297,弧矢增廿,Húshǐ zēng XX,Bow and Arrow Added XX,d1 Pup
37300,水位增三,Shuǐwèi zēng III,Water Level Added III,f Gem
37391,勾陈增四,Gōuchén zēng IV,Curved Array Added IV,OV Cep
37447,阙丘增七,Quèqiū zēng VII,Palace Gate Added VII,α Mon
37504,飞鱼六,Fēiyú VI,Flying Fish VI,ζ Vol
37590,弧矢增十八,Húshǐ zēng XVIII,Bow and Arrow Added XVIII,HD62412
37609,内阶增三,Nèijiē zēng III,Inner Steps Added III,24 Lyn
37629,北河增四,Běihé zēng IV,North River Added IV,σ Gem
37677,弧矢增十九,Húshǐ zēng XIX,Bow and Arrow Added XIX,l Pup
37704,积薪增一,Jīxīn zēng I,Pile of Firewood Added I,c Gem
37740,积薪,Jīxīn,Pile of Firewood,κ Gem
37819,弧矢三,Húshǐ III,Bow and Arrow III,c Pup
37826,北河三,Běihé III,North River III,β Gem
37843,弧矢增八,Húshǐ zēng VIII,Bow and Arrow Added VIII,2 Pup
37891,弧矢增九,Húshǐ zēng IX,Bow and Arrow Added IX,4 Pup
37908,水位增四,Shuǐwèi zēng IV,Water Level Added IV,g Gem
37915,弧矢增卅,Húshǐ zēng XXX,Bow and Arrow Added XXX,V0392 Pup
37921,水位二,Shuǐwèi II,Water Level II,11 CMi
37951,弧矢增廿九,Húshǐ zēng XXIX,Bow and Arrow Added XXIX,HD63112
38016,北河增三,Běihé zēng III,North River Added III,π Gem
38048,弧矢增十,Húshǐ zēng X,Bow and Arrow Added X,5 Pup
38070,弧矢五,Húshǐ V,Bow and Arrow V,ο Pup
38106,积薪增二,Jīxīn zēng II,Pile of Firewood Added II,82 Gem
38147,水位增十,Shuǐwèi zēng X,Water Level Added X,HD63352
38170,弧矢增十七,Húshǐ zēng XVII,Bow and Arrow Added XVII,ξ Pup
38211,弧矢增十二,Húshǐ zēng XII,Bow and Arrow Added XII,6 Pup
38373,南河增六,Nánhé zēng VI,South River Added VI,ζ CMi
38414,弧矢增廿三,Húshǐ zēng XXIII,Bow and Arrow Added XXIII,a Pup
38427,弧矢增十一,Húshǐ zēng XI,Bow and Arrow Added XI,10 Pup
38455,弧矢增廿一,Húshǐ zēng XXI,Bow and Arrow Added XXI,b Pup
38495,积薪增三,Jīxīn zēng III,Pile of Firewood Added III,HIP38495
38538,五诸侯五[井宿],Wǔzhūhóu V,Five Feudal Kings V,φ Gem
38623,上台增三,Shàngtái zēng III,Upper Steps Added III,25 Lyn
38639,上台增二,Shàngtái zēng II,Upper Steps Added II,26 Lyn
38722,水位增五,Shuǐwèi zēng V,Water Level Added V,85 Gem
38827,天社增一,Tiānshè zēng I,Celestial Earth God's Temple Added I,χ Car
38835,弧矢增十五,Húshǐ zēng XV,Bow and Arrow Added XV,j Pup
38848,水位增九,Shuǐwèi zēng IX,Water Level Added IX,1 Cnc
38901,弧矢四,Húshǐ IV,Bow and Arrow IV,χ Pup
38962,南河增七,Nánhé zēng VII,South River Added VII,14 CMi
39023,弧矢增卅一,Húshǐ zēng XXXI,Bow and Arrow Added XXXI,12 Pup
39079,南河增十,Nánhé zēng X,South River Added X,27 Mon
39177,水位增七,Shuǐwèi zēng VII,Water Level Added VII,3 Cnc
39191,爟增二,Guàn zēng II,Beacon Fire Added II,ω Cnc
39211,南河增九,Nánhé zēng IX,South River Added IX,28 Mon
39236,水位增八,Shuǐwèi zēng VIII,Water Level Added VIII,5 Cnc
39263,爟增一,Guàn zēng I,Beacon Fire Added I,4 Cnc
39311,南河增八,Nánhé zēng VIII,South River Added VIII,G CMi
39424,爟增三,Guàn zēng III,Beacon Fire Added III,χ Gem
39429,弧矢增廿二,Húshǐ zēng XXII,Bow and Arrow Added XXII,ζ Pup
39524,弧矢增十四,Húshǐ zēng XIV,Bow and Arrow Added XIV,14 Pup
39538,六甲三,Liùjiǎ III,Six Jia III,HD64486
39567,水位三,Shuǐwèi III,Water Level III,8 Cnc
39757,弧矢增卅二,Húshǐ zēng XXXII,Bow and Arrow Added XXXII,ρ Pup
39780,水位增六,Shuǐwèi zēng VI,Water Level Added VI,μ Cnc
39847,上台增一,Shàngtái zēng I,Upper Steps Added I,27 Lyn
39863,外厨增一,Wàichú zēng I,Outer Kitchen Added I,ζ Mon
39874,水位增十一,Shuǐwèi zēng XI,Water Level Added XI,12 Cnc
39888,爟增四,Guàn zēng IV,Beacon Fire Added IV,HD67402
39906,弧矢增十三,Húshǐ zēng XIII,Bow and Arrow Added XIII,16 Pup
39953,天社一,Tiānshè I,Celestial Earth God's Temple I,γ2 Vel
40007,爟增五,Guàn zēng V,Beacon Fire Added V,ψ1 Cnc
40023,爟一,Guàn I,Beacon Fire I,ψ Cnc
40035,外厨增十四,Wàichú zēng XIV,Outer Kitchen Added XIV,18 Pup
40084,外厨增十六,Wàichú zēng XVI,Outer Kitchen Added XVI,19 Pup
40167,水位四,Shuǐwèi IV,Water Level IV,ζ1 Cnc
40205,外厨增十五,Wàichú zēng XV,Outer Kitchen Added XV,HIP40205
40240,爟四,Guàn IV,Beacon Fire IV,15 Cnc
40259,外厨增十三,Wàichú zēng XIII,Outer Kitchen Added XIII,20 Pup
40526,柳宿增十,Liǔxiù zēng X,Willow Added X,β Cnc
40604,外厨增十一,Wàichú zēng XI,Outer Kitchen Added XI,21 Pup
40617,柳宿增十一,Liǔxiù zēng XI,Willow Added XI,HD69478
40646,内阶增五,Nèijiē zēng V,Inner Steps Added V,29 Lyn
40702,小斗增一,Xiǎodǒu zēng I,Little Dipper Added I,α Cha
40817,飞鱼四,Fēiyú IV,Flying Fish IV,κ1 Vol
40843,爟增六,Guàn zēng VI,Beacon Fire Added VI,χ Cnc
40875,内阶增四,Nèijiē zēng IV,Inner Steps Added IV,30 Lyn
40881,爟二,Guàn II,Beacon Fire II,λ Cnc
40888,小斗八,Xiǎodǒu VIII,Little Dipper VIII,θ Cha
41037,海石一,Hǎishí I,Sea Rock I,ε Car
41067,外厨增十七,Wàichú zēng XVII,Outer Kitchen Added XVII,22 Pup
41075,上台增四,Shàngtái zēng IV,Upper Steps Added IV,31 Lyn
41117,鬼宿增二,Guǐxiù zēng II,Ghosts Added II,d1 Cnc
41163,柳宿增九,Liǔxiù zēng IX,Willow Added IX,21 Cnc
41211,外厨增二,Wàichú zēng II,Outer Kitchen Added II,1 Hya
41307,外厨增三,Wàichú zēng III,Outer Kitchen Added III,C Hya
41312,飞鱼三,Fēiyú III,Flying Fish III,β Vol
41319,鬼宿增十九,Guǐxiù zēng XIX,Ghosts Added XIX,d2 Cnc
41375,外厨一,Wàichú I,Outer Kitchen I,2 Hya
41377,爟增七,Guàn zēng VII,Beacon Fire Added VII,φ1 Cnc
41389,爟增九,Guàn zēng IX,Beacon Fire Added IX,24 Cnc
41400,鬼宿增五,Guǐxiù zēng V,Ghosts Added V,27 Cnc
41404,爟增八,Guàn zēng VIII,Beacon Fire Added VIII,φ2 Cnc
41574,爟增十,Guàn zēng X,Beacon Fire Added X,28 Cnc
41578,鬼宿增四,Guǐxiù zēng IV,Ghosts Added IV,29 Cnc
41704,内阶一,Nèijiē I,Inner Steps I,ο UMa
41816,爟增十一,Guàn zēng XI,Beacon Fire Added XI,υ1 Cnc
41822,鬼宿一,Guǐxiù I,Ghosts I,θ Cnc
41904,柳宿增八,Liǔxiù zēng VIII,Willow Added VIII,34 Cnc
41909,鬼宿二,Guǐxiù II,Ghosts II,η Cnc
42080,内阶增八,Nèijiē zēng VIII,Inner Steps Added VIII,A UMa
42090,轩辕增八,Xuānyuán zēng VIII,Xuanyuan Added VIII,33 Lyn
42133,鬼宿增一,Guǐxiù zēng I,Ghosts Added I,35 Cnc
42146,外厨增四,Wàichú zēng IV,Outer Kitchen Added IV,3 Hya
42265,柳宿增七,Liǔxiù zēng VII,Willow Added VII,c Cnc
42312,天狗一,Tiāngǒu I,Celestial Dog I,e Vel
42313,柳宿一,Liǔxiù I,Willow I,δ Hya
42353,柳宿增六,Liǔxiù zēng VI,Willow Added VI,37 Cnc
42402,柳宿二,Liǔxiù II,Willow II,σ Hya
42438,内阶增九,Nèijiē zēng IX,Inner Steps Added IX,π1 UMa
42472,轩辕增十,Xuānyuán zēng X,Xuanyuan Added X,HD73427
42503,轩辕增九,Xuānyuán zēng IX,Xuanyuan Added IX,HD73508
42509,外厨增八,Wàichú zēng VIII,Outer Kitchen Added VIII,a Hya
42515,天狗四,Tiāngǒu IV,Celestial Dog IV,β Pyx
42516,积尸增一[鬼宿],Jīshī zēng I,Cumulative Corpses Added I,39 Cnc
42527,内阶增七,Nèijiē zēng VII,Inner Steps Added VII,π2 UMa
42556,积尸增三[鬼宿],Jīshī zēng III,Cumulative Corpses Added III,ε Cnc
42570,天社二,Tiānshè II,Celestial Earth God's Temple II,b Vel
42578,积尸增二[鬼宿],Jīshī zēng II,Cumulative Corpses Added II,42 Cnc
42662,外厨增十,Wàichú zēng X,Outer Kitchen Added X,9 Hya
42726,天社增四*,Tiānshè zēng IV*,Celestial Earth God's Temple Added IV*,HY Vel
42795,鬼宿增六,Guǐxiù zēng VI,Ghosts Added VI,A1 Cnc
42799,柳宿三,Liǔxiù III,Willow III,η Hya
42806,鬼宿三,Guǐxiù III,Ghosts III,γ Cnc
42828,天狗五,Tiāngǒu V,Celestial Dog V,α Pyx
42835,外厨二,Wàichú II,Outer Kitchen II,F Hya
42884,天狗二,Tiāngǒu II,Celestial Dog II,d Vel
42911,鬼宿四,Guǐxiù IV,Ghosts IV,δ Cnc
42913,天社三,Tiānshè III,Celestial Earth God's Temple III,δ Vel
42917,柳宿增五,Liǔxiù zēng V,Willow Added V,b Cnc
42931,柳宿增一,Liǔxiù zēng I,Willow Added I,10 Hya
42954,轩辕增十一,Xuānyuán zēng XI,Xuanyuan Added XI,46 Cnc
43012,小斗七,Xiǎodǒu VII,Little Dipper VII,HD76236
43023,天社增二,Tiānshè zēng II,Celestial Earth God's Temple Added II,a Vel
43067,外厨增九,Wàichú zēng IX,Outer Kitchen Added IX,D Hya
43103,轩辕增廿二,Xuānyuán zēng XXII,Xuanyuan Added XXII,ι Cnc
43109,柳宿五,Liǔxiù V,Willow V,ε Hya
43121,鬼宿增七,Guǐxiù zēng VII,Ghosts Added VII,A2 Cnc
43142,外厨四,Wàichú IV,Outer Kitchen IV,HD74988
43234,柳宿四,Liǔxiù IV,Willow IV,ρ Hya
43305,外厨三,Wàichú III,Outer Kitchen III,14 Hya
43409,天狗六,Tiāngǒu VI,Celestial Dog VI,γ Pyx
43454,鬼宿增八,Guǐxiù zēng VIII,Ghosts Added VIII,54 Cnc
43463,鬼宿增九,Guǐxiù zēng IX,Ghosts Added IX,HIP43463
43496,外厨增六,Wàichú zēng VI,Outer Kitchen Added VI,15 Hya
43531,上台增五,Shàngtái zēng V,Upper Steps Added V,35 Lyn
43575,轩辕增廿一,Xuānyuán zēng XXI,Xuanyuan Added XXI,53 Cnc
43584,轩辕增七,Xuānyuán zēng VII,Xuanyuan Added VII,σ1 Cnc
43587,轩辕增廿,Xuānyuán zēng XX,Xuanyuan Added XX,ρ1 Cnc
43603,天狗三*,Tiāngǒu III*,Celestial Dog III*,HD76110
43644,内阶五,Nèijiē V,Inner Steps V,b UMa
43721,轩辕增十二,Xuānyuán zēng XII,Xuanyuan Added XII,57 Cnc
43783,海石增二,Hǎishí zēng II,Sea Rock Added II,c Car
43797,天社增五,Tiānshè zēng V,Celestial Earth God's Temple Added V,HD76653
43813,柳宿六,Liǔxiù VI,Willow VI,ζ Hya
43822,外厨增七,Wàichú zēng VII,Outer Kitchen Added VII,17 Hya
43825,天狗七,Tiāngǒu VII,Celestial Dog VII,δ Pyx
43834,轩辕增十八,Xuānyuán zēng XVIII,Xuanyuan Added XVIII,ρ2 Cnc
43851,柳宿增十二,Liǔxiù zēng XII,Willow Added XII,60 Cnc
43903,内阶三,Nèijiē III,Inner Steps III,6 UMa
43932,轩辕增六,Xuānyuán zēng VI,Xuanyuan Added VI,σ2 Cnc
43970,鬼宿增十,Guǐxiù zēng X,Ghosts Added X,ο1 Cnc
44001,鬼宿增十一,Guǐxiù zēng XI,Ghosts Added XI,ο2 Cnc
44031,轩辕增十三,Xuānyuán zēng XIII,Xuanyuan Added XIII,61 Cnc
44066,柳宿增十三,Liǔxiù zēng XIII,Willow Added XIII,α Cnc
44127,上台一,Shàngtái I,Upper Steps I,ι UMa
44154,轩辕增五,Xuānyuán zēng V,Xuanyuan Added V,σ3 Cnc
44248,轩辕一,Xuānyuán I,Xuanyuan I,10 UMa
44307,轩辕增四,Xuānyuán zēng IV,Xuanyuan Added IV,66 Cnc
44336,鬼宿增十二,Guǐxiù zēng XII,Ghosts Added XII,HIP44336
44342,轩辕增十七,Xuānyuán zēng XVII,Xuanyuan Added XVII,67 Cnc
44382,飞鱼一,Fēiyú I,Flying Fish I,α Vol
44390,三师一,Sānshī I,Three Top Instructors I,ρ UMa
44405,轩辕增廿三,Xuānyuán zēng XXIII,Xuanyuan Added XXIII,ν Cnc
44471,上台二,Shàngtái II,Upper Steps II,κ UMa
44511,天社增三,Tiānshè zēng III,Celestial Earth God's Temple Added III,c Vel
44512,轩辕增十六,Xuānyuán zēng XVI,Xuanyuan Added XVI,70 Cnc
44637,鬼宿增十三,Guǐxiù zēng XIII,Ghosts Added XIII,HIP44637
44659,柳宿七,Liǔxiù VII,Willow VII,ω Hya
44700,轩辕二,Xuānyuán II,Xuanyuan II,HD77912
44798,柳宿增二,Liǔxiù zēng II,Willow Added II,κ Cnc
44816,天记,Tiānjì,Judge for Estimating the Age of Animals,λ Vel
44818,轩辕增十四,Xuānyuán zēng XIV,Xuanyuan Added XIV,τ Cnc
44857,三师三,Sānshī III,Three Top Instructors III,σ1 UMa
44883,星宿增四,Xīngxiù zēng IV,Star Added IV,19 Hya
44892,轩辕增十五,Xuānyuán zēng XV,Xuanyuan Added XV,75 Cnc
44901,文昌五,Wénchāng V,Administrative Center V,f UMa
44918,鬼宿增十四,Guǐxiù zēng XIV,Ghosts Added XIV,HIP44918
44946,轩辕增廿四,Xuānyuán zēng XXIV,Xuanyuan Added XXIV,ξ Cnc
44961,星宿增三,Xīngxiù zēng III,Star Added III,20 Hya
45033,轩辕增五八,Xuānyuán zēng LVIII,Xuanyuan Added LVIII,79 Cnc
45038,三师增一,Sānshī zēng I,Three Top Instructors Added I,σ2 UMa
45075,内阶增十,Nèijiē zēng X,Inner Steps Added X,τ UMa
45080,海石增一,Hǎishí zēng I,Sea Rock Added I,a Car
45101,海石增三,Hǎishí zēng III,Sea Rock Added III,i Car
45170,鬼宿增十八*,Guǐxiù zēng XVIII*,Ghosts Added XVIII*,81 Cnc
45184,星宿增五,Xīngxiù zēng V,Star Added V,21 Hya
45238,南船五,Nánchuán V,Southern Boat V,β Car
45290,上台增六,Shàngtái zēng VI,Upper Steps Added VI,36 Lyn
45333,内阶二,Nèijiē II,Inner Steps II,c UMa
45336,柳宿八,Liǔxiù VIII,Willow VIII,θ Hya
45410,鬼宿增十六,Guǐxiù zēng XVI,Ghosts Added XVI,π Cnc
45412,轩辕增三,Xuānyuán zēng III,Xuanyuan Added III,HD79452
45455,内阶六,Nèijiē VI,Inner Steps VI,17 UMa
45493,文昌六,Wénchāng VI,Administrative Center VI,e UMa
45526,星宿增二,Xīngxiù zēng II,Star Added II,24 Hya
45527,星宿增六,Xīngxiù zēng VI,Star Added VI,23 Hya
45556,海石二,Hǎishí II,Sea Rock II,ι Car
45688,轩辕三,Xuānyuán III,Xuanyuan III,38 Lyn
45699,鬼宿增十五,Guǐxiù zēng XV,Ghosts Added XV,83 Cnc
45751,星宿六,Xīngxiù VI,Star VI,26 Hya
45811,星宿五,Xīngxiù V,Star V,P Hya
45836,文昌增五,Wénchāng zēng V,Administrative Center Added V,37 Lyn
45860,轩辕四,Xuānyuán IV,Xuanyuan IV,α Lyn
45941,天社五,Tiānshè V,Celestial Earth God's Temple V,κ Vel
45974,文昌增六,Wénchāng zēng VI,Administrative Center Added VI,HD80608
46058,轩辕增廿五,Xuānyuán zēng XXV,Xuanyuan Added XXV,HD80956
46107,小斗六,Xiǎodǒu VI,Little Dipper VI,ι Cha
46146,轩辕七,Xuānyuán VII,Xuanyuan VII,κ Leo
46221,星宿增七,Xīngxiù zēng VII,Star Added VII,28 Hya
46239,文昌增三,Wénchāng zēng III,Administrative Center Added III,HIP46239
46365,星宿增一,Xīngxiù zēng I,Star Added I,29 Hya
46390,星宿一,Xīngxiù I,Star I,α Hya
46454,酒旗三,Jiǔqí III,Banner of Wine Shop III,ω Leo
46457,酒旗增五,Jiǔqí zēng V,Banner of Wine Shop Added V,3 Leo
46471,上台增七,Shàngtái zēng VII,Upper Steps Added VII,41 Lyn
46509,星宿二,Xīngxiù II,Star II,τ1 Hya
46651,天记增一,Tiānjì zēng I,Judge for Estimating the Age of Animals Added I,ψ Vel
46652,轩辕增二,Xuānyuán zēng II,Xuanyuan Added II,7 LMi
46701,天社六,Tiānshè VI,Celestial Earth God's Temple VI,N Vel
46733,内阶四,Nèijiē IV,Inner Steps IV,h UMa
46735,轩辕增一,Xuānyuán zēng I,Xuanyuan Added I,8 LMi
46744,星宿七,Xīngxiù VII,Star VII,HD82428
46750,轩辕八,Xuānyuán VIII,Xuanyuan VIII,λ Leo
46771,酒旗二,Jiǔqí II,Banner of Wine Shop II,ξ Leo
46774,酒旗增四,Jiǔqí zēng IV,Banner of Wine Shop Added IV,h Leo
46776,星宿三,Xīngxiù III,Star III,τ2 Hya
46853,文昌四,Wénchāng IV,Administrative Center IV,θ UMa
46904,内平增五,Nèipíng zēng V,High Judge Added V,9 LMi
46928,小斗五,Xiǎodǒu V,Little Dipper V,ζ Cha
46952,内平增六,Nèipíng zēng VI,High Judge Added VI,10 LMi
46974,海石三,Hǎishí III,Sea Rock III,h Car
46977,少辅,Shàofǔ,The Second Advisor,d UMa
46982,星宿增八,Xīngxiù zēng VIII,Star Added VIII,A Hya
47006,文昌增四,Wénchāng zēng IV,Administrative Center Added IV,26 UMa
47080,内平增七,Nèipíng zēng VII,High Judge Added VII,11 LMi
47096,酒旗增二,Jiǔqí zēng II,Banner of Wine Shop Added II,7 Leo
47189,酒旗增一,Jiǔqí zēng I,Banner of Wine Shop Added I,8 Leo
47193,四辅增一,Sìfǔ zeng I,Four Advisors Added I,HD81817
47205,轩辕增四五,Xuānyuán zēng XLV,Xuanyuan Added XLV,10 Leo
47247,轩辕增廿六,Xuānyuán zēng XXVI,Xuanyuan Added XXVI,9 Leo
47249,星宿增十五,Xīngxiù zēng XV,Star Added XV,34 Hya
47266,酒旗增三,Jiǔqí zēng III,Banner of Wine Shop Added III,11 Leo
47300,内平增四,Nèipíng zēng IV,High Judge Added IV,42 Lyn
47310,轩辕增四六,Xuānyuán zēng XLVI,Xuanyuan Added XLVI,2 Sex
47427,星宿增十三,Xīngxiù zēng XIII,Star Added XIII,37 Hya
47431,星宿四,Xīngxiù IV,Star IV,ι Hya
47436,内平增八,Nèipíng zēng VIII,High Judge Added VIII,HD83525
47452,张宿五,Zhāngxiù V,Extended Net V,κ Hya
47508,轩辕增五九,Xuānyuán zēng LIX,Xuanyuan Added LIX,ο Leo
47550,轩辕增廿七,Xuānyuán zēng XXVII,Xuanyuan Added XXVII,13 Leo
47570,内平增三,Nèipíng zēng III,High Judge Added III,43 Lyn
47617,轩辕五,Xuānyuán V,Xuanyuan V,HD83934
47631,内平三,Nèipíng III,High Judge III,13 LMi
47654,少辅增一,Shàofǔ zēng I,The Second Advisor Added I,27 UMa
47701,轩辕六,Xuānyuán VI,Xuanyuan VI,f Leo
47723,酒旗一,Jiǔqí I,Banner of Wine Shop I,ψ Leo
47854,海石四,Hǎishí IV,Sea Rock IV,l Car
47908,轩辕九,Xuānyuán IX,Xuanyuan IX,ε Leo
47911,文昌增一,Wénchāng zēng I,Administrative Center Added I,28 UMa
47959,轩辕增四四,Xuānyuán zēng XLIV,Xuanyuan Added XLIV,18 Leo
47965,文昌增二,Wénchāng zēng II,Administrative Center Added II,44 Lyn
48002,海石五,Hǎishí V,Sea Rock V,υ Car
48087,星宿增十,Xīngxiù zēng X,Star Added X,HIP48087
48218,轩辕增廿九,Xuānyuán zēng XXIX,Xuanyuan Added XXIX,20 Leo
48256,内平增二,Nèipíng zēng II,High Judge Added II,16 LMi
48273,轩辕增四八,Xuānyuán zēng XLVIII,Xuanyuan Added XLVIII,4 Sex
48286,星宿增十一,Xīngxiù zēng XI,Star Added XI,HIP48286
48319,文昌二,Wénchāng II,Administrative Center II,υ UMa
48324,轩辕增四三,Xuānyuán zēng XLIII,Xuanyuan Added XLIII,23 Leo
48341,星宿增九,Xīngxiù zēng IX,Star Added IX,6 Sex
48356,张宿一,Zhāngxiù I,Extended Net I,υ1 Hya
48390,轩辕增廿八,Xuānyuán zēng XXVIII,Xuanyuan Added XXVIII,g Leo
48402,文昌三,Wénchāng III,Administrative Center III,φ UMa
48414,轩辕增四七,Xuānyuán zēng XLVII,Xuanyuan Added XLVII,7 Sex
48428,内平增一,Nèipíng zēng I,High Judge Added I,HD85373
48437,星宿增十二,Xīngxiù zēng XII,Star Added XII,γ Sex
48455,轩辕十,Xuānyuán X,Xuanyuan X,μ Leo
48552,轩辕增四九,Xuānyuán zēng XLIX,Xuanyuan Added XLIX,9 Sex
48682,文昌增七,Wénchāng zēng VII,Administrative Center Added VII,31 UMa
48734,轩辕增四十,Xuānyuán zēng XL,Xuanyuan Added XL,HD86080
48742,内平四,Nèipíng IV,High Judge IV,18 LMi
48833,中台增二,Zhōngtái zēng II,Middle Steps Added II,19 LMi
48861,中台增一,Zhōngtái zēng I,Middle Steps Added I,HD86166
48876,轩辕增卅九,Xuānyuán zēng XXXIX,Xuanyuan Added XXXIX,HD86369
48883,轩辕增四二,Xuānyuán zēng XLII,Xuanyuan Added XLII,ν Leo
48990,轩辕增五十,Xuānyuán zēng L,Xuanyuan Added L,12 Sex
49029,轩辕增卅八,Xuānyuán zēng XXXVIII,Xuanyuan Added XXXVIII,π Leo
49081,内平增九,Nèipíng zēng IX,High Judge Added IX,20 LMi
49321,张宿四,Zhāngxiù IV,Extended Net IV,HD87344
49329,轩辕增五一,Xuānyuán zēng LI,Xuanyuan Added LI,13 Sex
49402,张宿增一,Zhāngxiù zēng I,Extended Net Added I,υ2 Hya
49530,轩辕增五二,Xuānyuán zēng LII,Xuanyuan Added LII,14 Sex
49583,轩辕十三,Xuānyuán XIII,Xuanyuan XIII,η Leo
49593,内平二,Nèipíng II,High Judge II,21 LMi
49637,御女,Yùnǚ,Maids-in-waiting,A Leo
49669,轩辕十四,Xuānyuán XIV,Xuanyuan XIV,α Leo
49809,张宿增五,Zhāngxiù zēng V,Extended Net Added V,HD88215
49812,天相一,Tiānxiàng I,Celestial Premier I,17 Sex
49841,张宿二,Zhāngxiù II,Extended Net II,λ Hya
49850,轩辕增卅四,Xuānyuán zēng XXXIV,Xuanyuan Added XXXIV,HIP49850
49865,天相增一,Tiānxiàng zēng I,Celestial Premier Added I,18 Sex
49929,轩辕增卅七,Xuānyuán zēng XXXVII,Xuanyuan Added XXXVII,34 Leo
50027,轩辕增五四,Xuānyuán zēng LIV,Xuanyuan Added LIV,19 Sex
50099,南船四,Nánchuán IV,Southern Boat IV,ω Car
50100,天相增三,Tiānxiàng zēng III,Celestial Premier Added III,HIP50100
50140,天相增二,Tiānxiàng zēng II,Celestial Premier Added II,21 Sex
50191,天记增二,Tiānjì zēng II,Judge for Estimating the Age of Animals Added II,q Vel
50218,内平一,Nèipíng I,High Judge I,22 LMi
50303,内平增十,Nèipíng zēng X,High Judge Added X,23 LMi
50316,内平增十一,Nèipíng zēng XI,High Judge Added XI,24 LMi
50319,轩辕增卅,Xuānyuán zēng XXX,Xuanyuan Added XXX,35 Leo
50333,轩辕增卅六,Xuānyuán zēng XXXVI,Xuanyuan Added XXXVI,37 Leo
50335,轩辕十一,Xuānyuán XI,Xuanyuan XI,ζ Leo
50371,南船一,Nánchuán I,Southern Boat I,q Car
50372,中台一,Zhōngtái I,Middle Steps I,λ UMa
50384,轩辕增卅一,Xuānyuán zēng XXXI,Xuanyuan Added XXXI,39 Leo
50414,天相三,Tiānxiàng III,Celestial Premier III,ε Sex
50448,天枢增一,Tiānshū zēng I,The Celestial Pivot Added I,32 UMa
50485,中台增四,Zhōngtái zēng IV,Middle Steps Added IV,HD89221
50564,轩辕增卅三,Xuānyuán zēng XXXIII,Xuanyuan Added XXXIII,40 Leo
50583,轩辕十二,Xuānyuán XII,Xuanyuan XII,γ1 Leo
50684,长垣增四,Chángyuán zēng IV,Long Wall Added IV,23 Sex
50687,中台增三,Zhōngtái zēng III,Middle Steps Added III,HD89572
50755,轩辕增卅五,Xuānyuán zēng XXXV,Xuanyuan Added XXXV,42 Leo
50801,中台二,Zhōngtái II,Middle Steps II,μ UMa
50851,轩辕增五五,Xuānyuán zēng LV,Xuanyuan Added LV,43 Leo
50857,势增六,Shì zēng VI,Eunuch Added VI,HIP50857
50860,势增十七,Shì zēng XVII,Eunuch Added XVII,27 LMi
50885,天相增四,Tiānxiàng zēng IV,Celestial Premier Added IV,25 Sex
50887,天相增八,Tiānxiàng zēng VIII,Celestial Premier Added VIII,HD90043
50935,势增十八,Shì zēng XVIII,Eunuch Added XVIII,28 LMi
50954,南船增一,Nánchuán zēng I,Southern Boat Added I,I Car
51008,轩辕增五六,Xuānyuán zēng LVI,Xuanyuan Added LVI,44 Leo
51047,势增五,Shì zēng V,Eunuch Added V,29 LMi
51056,势增十九,Shì zēng XIX,Eunuch Added XIX,30 LMi
51069,张宿三,Zhāngxiù III,Extended Net III,μ Hya
51117,天相增九,Tiānxiàng zēng IX,Celestial Premier Added IX,26 Sex
51135,天相增五,Tiānxiàng zēng V,Celestial Premier Added V,27 Sex
51213,轩辕增五七,Xuānyuán zēng LVII,Xuanyuan Added LVII,45 Leo
51232,海山一,Hǎishān I,Sea and Mountain I,s Car
51233,势增四,Shì zēng IV,Eunuch Added IV,β LMi
51362,天相增六,Tiānxiàng zēng VI,Celestial Premier Added VI,δ Sex
51384,四辅二,Sìfǔ II,Four Advisors II,HD89571
51401,天枢增二,Tiānshū zēng II,The Celestial Pivot Added II,35 UMa
51420,势增三,Shì zēng III,Eunuch Added III,32 LMi
51437,天相增十,Tiānxiàng zēng X,Celestial Premier Added X,β Sex
51451,长垣增五,Chángyuán zēng V,Long Wall Added V,31 Sex
51459,天璇增一,Tiānxuán zēng I,The Celestial Rotating Jade Added I,36 UMa
51502,四辅三,Sìfǔ III,Four Advisors III,HD90089
51556,势二,Shì II,Eunuch II,33 LMi
51576,南船二,Nánchuán II,Southern Boat II,p Car
51585,长垣一,Chángyuán I,Long Wall I,46 Leo
51592,长垣增三,Chángyuán zēng III,Long Wall Added III,HIP51592
51614,张宿增二,Zhāngxiù zēng II,Extended Net Added II,HIP51614
51624,轩辕十六,Xuānyuán XVI,Xuanyuan XVI,ρ Leo
51685,势一,Shì I,Eunuch I,34 LMi
51718,张宿增四,Zhāngxiù zēng IV,Extended Net Added IV,44 Hya
51734,阴德二,Yīndé II,Hidden Virtue II,HIP51734
51775,长垣四,Chángyuán IV,Long Wall IV,48 Leo
51802,长垣增二,Chángyuán zēng II,Long Wall Added II,49 Leo
51808,阴德增一,Yīndé zēng I,Hidden Virtue Added I,HD91190
51814,天璇增二,Tiānxuán zēng II,The Celestial Rotating Jade Added II,37 UMa
51839,小斗三,Xiǎodǒu III,Little Dipper III,γ Cha
51905,张宿增三,Zhāngxiù zēng III,Extended Net Added III,φ2 Hya
51914,势增一,Shì zēng I,Eunuch Added I,35 LMi
51986,海山增一,Hǎishān zēng I,Sea and Mountain Added I,p Vel
52032,势增十,Shì zēng X,Eunuch Added X,36 LMi
52085,张宿六,Zhāngxiù VI,Extended Net VI,φ Hya
52098,势增十一,Shì zēng XI,Eunuch Added XI,37 LMi
52120,长垣增一,Chángyuán zēng I,Long Wall Added I,HD92196
52139,势增二,Shì zēng II,Eunuch Added II,38 LMi
52240,少微增一,Shàowēi zēng I,Junior Officers Added I,HIP52240
52316,天相增十一,Tiānxiàng zēng XI,Celestial Premier Added XI,33 Sex
52353,天枢增三,Tiānshū zēng III,The Celestial Pivot Added III,38 UMa
52401,长垣增六,Chángyuán zēng VI,Long Wall Added VI,34 Sex
52419,南船三,Nánchuán III,Southern Boat III,θ Car
52422,少微增二,Shàowēi zēng II,Junior Officers Added II,40 LMi
52452,长垣增七,Chángyuán zēng VII,Long Wall Added VII,35 Sex
52457,少微三,Shàowēi III,Junior Officers III,41 LMi
52478,天璇增五,Tiānxuán zēng V,The Celestial Rotating Jade Added V,39 UMa
52584,灵台增二,Língtái zēng II,Astronomical Observatory Added II,36 Sex
52633,小斗四,Xiǎodǒu IV,Little Dipper IV,δ2 Cha
52638,势三,Shì III,Eunuch III,42 LMi
52650,天璇增六,Tiānxuán zēng VI,The Celestial Rotating Jade Added VI,HIP52650
52660,长垣增八,Chángyuán zēng VIII,Long Wall Added VIII,37 Sex
52685,天璇增四,Tiānxuán zēng IV,The Celestial Rotating Jade Added IV,41 UMa
52686,少微四,Shàowēi IV,Junior Officers IV,m Leo
52689,长垣二,Chángyuán II,Long Wall II,k Leo
52727,海山增二,Hǎishān zēng II,Sea and Mountain Added II,μ Vel
52737,翼宿增三,Yìxiù zēng III,Wings Added III,b1 Hya
52763,长垣增九,Chángyuán zēng IX,Long Wall Added IX,HIP52763
52882,势增十四,Shì zēng XIV,Eunuch Added XIV,43 LMi
52884,翼宿增二,Yìxiù zēng II,Wings Added II,HIP52884
52911,长垣三,Chángyuán III,Long Wall III,l Leo
52913,天相增十二,Tiānxiàng zēng XII,Celestial Premier Added XII,40 Sex
52943,翼宿五,Yìxiù V,Wings V,ν Hya
52959,势增十六,Shì zēng XVI,Eunuch Added XVI,44 LMi
52980,翼宿增一,Yìxiù zēng I,Wings Added I,41 Sex
53037,翼宿增四,Yìxiù zēng IV,Wings Added IV,HD94046
53043,天璇增七,Tiānxuán zēng VII,The Celestial Rotating Jade Added VII,43 UMa
53064,天璇增三,Tiānxuán zēng III,The Celestial Rotating Jade Added III,42 UMa
53229,势四,Shì IV,Eunuch IV,46 LMi
53252,翼宿增五,Yìxiù zēng V,Wings Added V,b3 Hya
53261,天璇增八,Tiānxuán zēng VIII,The Celestial Rotating Jade Added VIII,44 UMa
53295,天牢一,Tiānláo I,Celestial Prison I,ω UMa
53355,少微增三,Shàowēi zēng III,Junior Officers Added III,48 LMi
53377,势增十二,Shì zēng XII,Eunuch Added XII,47 LMi
53417,少微增九,Shàowēi zēng IX,Junior Officers Added IX,54 Leo
53423,灵台增三,Língtái zēng III,Astronomical Observatory Added III,55 Leo
53426,势增十三,Shì zēng XIII,Eunuch Added XIII,46 UMa
53439,少微增八,Shàowēi zēng VIII,Junior Officers Added VIII,HIP53439
53449,灵台增一,Língtái zēng I,Astronomical Observatory Added I,56 Leo
53460,灵台增四,Língtái zēng IV,Astronomical Observatory Added IV,HD94738
53492,少微增四,Shàowēi zēng IV,Junior Officers Added IV,50 LMi
53721,天牢三,Tiānláo III,Celestial Prison III,47 UMa
53740,翼宿一,Yìxiù I,Wings I,α Crt
53807,灵台三,Língtái III,Astronomical Observatory III,d Leo
53824,灵台二,Língtái II,Astronomical Observatory II,c Leo
53838,天牢五,Tiānláo V,Celestial Prison V,49 UMa
53907,灵台增五,Língtái zēng V,Astronomical Observatory Added V,p2 Leo
53910,天璇,Tiānxuán,The Celestial Rotating Jade,β UMa
53954,西上相增一,Xīshàngxiàng zēng I,The Great Western Premier Added I,b Leo
53963,翼宿增六,Yìxiù zēng VI,Wings Added VI,HD95698
53975,翼宿十二,Yìxiù XII,Wings XII,HIP53975
54049,灵台增七,Língtái zēng VII,Astronomical Observatory Added VII,p3 Leo
54061,天枢,Tiānshū,The Celestial Pivot,α UMa
54182,灵台一,Língtái I,Astronomical Observatory I,χ Leo
54196,少微增五,Shàowēi zēng V,Junior Officers Added V,HIP54196
54204,翼宿廿,Yìxiù XX,Wings XX,χ1 Hya
54214,翼宿十一,Yìxiù XI,Wings XI,HD96220
54336,灵台增八,Língtái zēng VIII,Astronomical Observatory Added VIII,p4 Leo
54347,少微一,Shàowēi I,Junior Officers I,52 LMi
54388,少微增七,Shàowēi zēng VII,Junior Officers Added VII,64 Leo
54477,翼宿增七,Yìxiù zēng VII,Wings Added VII,HD96819
54487,少微增六,Shàowēi zēng VI,Junior Officers Added VI,67 Leo
54515,灵台增六,Língtái zēng VI,Astronomical Observatory Added VI,HD96855
54539,太尊,Tāizūn,Royals,ψ UMa
54682,翼宿十六,Yìxiù XVI,Wings XVI,β Crt
54849,明堂增五,Míngtáng zēng V,The Hall of Glory Added V,p5 Leo
54872,西上相,Xīshàngxiàng,The Great Western Premier,δ Leo
54879,西次相,Xīcìxiàng,The Second Western Premier,θ Leo
54951,虎贲,Hǔbèn,Emperor's Bodyguard,72 Leo
55016,西次相增三,Xīcìxiàng zēng III,The Second Western Premier Added III,n Leo
55060,天理一,Tiānlǐ I,Judge for Nobility I,HD97889
55084,明堂增六,Míngtáng zēng VI,The Hall of Glory Added VI,φ Leo
55137,明堂增四,Míngtáng zēng IV,The Hall of Glory Added IV,75 Leo
55203,下台二,Xiàtái II,Lower Steps II,ξ UMa
55219,下台一,Xiàtái I,Lower Steps I,ν UMa
55266,天牢增二,Tiānláo zēng II,Celestial Prison Added II,55 UMa
55282,翼宿七,Yìxiù VII,Wings VII,δ Crt
55434,西上将,Xīshàngjiàng,The Great Western General,σ Leo
55560,天牢六,Tiānláo VI,Celestial Prison VI,56 UMa
55598,翼宿四,Yìxiù IV,Wings IV,λ Crt
55642,西次将,Xīcìjiàng,The Second Western General,ι Leo
55650,明堂增三,Míngtáng zēng III,The Hall of Glory Added III,79 Leo
55687,翼宿十,Yìxiù X,Wings X,ε Crt
55705,翼宿二,Yìxiù II,Wings II,γ Crt
55765,西次相增二,Xīcìxiàng zēng II,The Second Western Premier Added II,81 Leo
55791,明堂增二,Míngtáng zēng II,The Hall of Glory Added II,80 Leo
55797,天理二,Tiānlǐ II,Judge for Nobility II,HD99283
55874,翼宿九,Yìxiù IX,Wings IX,κ Crt
55945,明堂一,Míngtáng I,The Hall of Glory I,τ Leo
56034,天牢二,Tiānláo II,Celestial Prison II,57 UMa
56035,天理增一,Tiānlǐ zēng I,Judge for Nobility Added I,HD99747
56080,五帝座增二,Wǔdìzuò zēng II,Seats of the Five Emperors Added II,85 Leo
56127,明堂增七,Míngtáng zēng VII,The Hall of Glory Added VII,e Leo
56146,西上相增二,Xīshàngxiàng zēng II,The Great Western Premier Added II,86 Leo
56148,天牢四,Tiānláo IV,Celestial Prison IV,58 UMa
56211,上辅,Shàngfǔ,The Great Advisor,λ Dra
56242,五帝座增三,Wǔdìzuò zēng III,Seats of the Five Emperors Added III,88 Leo
56245,翼宿十七,Yìxiù XVII,Wings XVII,HD100219
56280,青丘三,Qīngqiū III,Green Hill III,17 Crt
56332,青丘四,Qīngqiū IV,Green Hill IV,HD100393
56343,青丘五,Qīngqiū V,Green Hill V,ξ Hya
56445,明堂增一,Míngtáng zēng I,The Hall of Glory Added I,89 Leo
56452,青丘六,Qīngqiū VI,Green Hill VI,HD100623
56473,五帝座增一,Wǔdìzuò zēng I,Seats of the Five Emperors Added I,90 Leo
56561,海山五,Hǎishān V,Sea and Mountain V,λ Cen
56583,上辅增一,Shàngfǔ zēng I,The Great Advisor Added I,2 Dra
56606,海山四*,Hǎishān IV*,Sea and Mountain IV*,HD100929
56623,青丘增三,Qīngqiū zēng III,Green Hill Added III,HIP56623
56633,翼宿十三,Yìxiù XIII,Wings XIII,θ Crt
56647,明堂二,Míngtáng II,The Hall of Glory II,υ Leo
56657,青丘增二,Qīngqiū zēng II,Green Hill Added II,HD100953
56770,天牢增一,Tiānláo zēng I,Celestial Prison Added I,59 UMa
56779,内屏增一,Nèipíng zēng I,Inner Screen Added I,ω Vir
56789,太阳守增一,Tàiyángshǒu zēng I,Guard of the Sun Added I,60 UMa
56802,翼宿八,Yìxiù VIII,Wings VIII,ι Crt
56830,翼宿廿一,Yìxiù XXI,Wings XXI,HD101259
56922,青丘七,Qīngqiū VII,Green Hill VII,ο Hya
56975,从官[太微垣],Cōngguān,Retinue (In Supreme Palace Enclosure),92 Leo
56997,下台增一,Xiàtái zēng I,Lower Steps Added I,61 UMa
57029,下台增二,Xiàtái zēng II,Lower Steps Added II,62 UMa
57047,青丘增一,Qīngqiū zēng I,Green Hill Added I,HD101666
57111,上辅增二,Shàngfǔ zēng II,The Great Advisor Added II,3 Dra
57283,翼宿三,Yìxiù III,Wings III,ζ Crt
57320,五帝座增四,Wǔdìzuò zēng IV,Seats of the Five Emperors Added IV,HD102103
57328,内屏一,Nèipíng I,Inner Screen I,ξ Vir
57363,海山六,Hǎishān VI,Sea and Mountain VI,λ Mus
57380,内屏二,Nèipíng II,Inner Screen II,ν Vir
57399,太阳守,Tàiyángshǒu,Guard of the Sun,χ UMa
57562,内屏增二,Nèipíng zēng II,Inner Screen Added II,A1 Vir
57565,太子,Tàizǐ,Crown Prince,93 Leo
57587,翼宿十四,Yìxiù XIV,Wings XIV,HD102574
57632,五帝座一,Wǔdìzuò I,Seats of the Five Emperors I,β Leo
57646,五帝座二,Wǔdìzuò II,Seats of the Five Emperors II,HD102660
57757,右执法,Yòuzhífǎ,Right Law Administrator,β Vir
57779,五帝座五,Wǔdìzuò V,Seats of the Five Emperors V,HD102910
57936,青丘一,Qīngqiū I,Green Hill I,β Hya
58001,天玑,Tiānjī,The Celestial Shining Pearl,γ UMa
58110,内屏增三,Nèipíng zēng III,Inner Screen Added III,A2 Vir
58158,青丘二,Qīngqiū II,Green Hill II,HD103596
58159,五帝座四,Wǔdìzuò IV,Seats of the Five Emperors IV,o Leo
58181,天理三,Tiānlǐ III,Judge for Nobility III,66 UMa
58188,翼宿六,Yìxiù VI,Wings VI,η Crt
58259,天理四,Tiānlǐ IV,Judge for Nobility IV,HD103736
58484,小斗二,Xiǎodǒu II,Little Dipper II,ε Cha
58510,内屏增六,Nèipíng zēng VI,Inner Screen Added VI,b Vir
58519,幸臣,Xìngchēn,Officer of Honour,GK Com
58587,轸宿增三,Zhěnxiù zēng III,Chariot Added III,31 Crt
58590,内屏三,Nèipíng III,Inner Screen III,π Vir
58684,常陈七,Chángchén VII,Royal Guards VII,67 UMa
58858,郎位十五,Lángwèi XV,Officers of the Imperial Guard XV,2 Com
58874,四辅四,Sìfǔ IV,Four Advisors IV,HD104904
58948,内屏四,Nèipíng IV,Inner Screen IV,ο Vir
59196,马尾三,Mǎwěi III,Horse's Tail III,δ Cen
59199,右辖,Yoùxiá,Right linchpin,α Crv
59285,谒者增一,yèzhě zēng I,Usher to the Court Added I,10 Vir
59309,内屏增五,Nèipíng zēng V,Inner Screen Added V,11 Vir
59316,轸宿二,Zhěnxiù II,Chariot II,ε Crv
59352,五诸侯增七[太微垣],Wǔzhūhóu zēng VII,Five Lords Added VII,3 Com
59394,轸宿增四,Zhěnxiù zēng IV,Chariot Added IV,3 Crv
59449,马尾二,Mǎwěi II,Horse's Tail II,ρ Cen
59468,郎位增三,Lángwèi zēng III,Officers of the Imperial Guard Added III,4 Com
59501,郎位十四,Lángwèi XIV,Officers of the Imperial Guard XIV,5 Com
59504,大理一,Dàlǐ I,Chief Judge I,CO Cam
59608,内屏增四,Nèipíng zēng IV,Inner Screen Added IV,12 Vir
59708,相增一,Xiàng zēng I,Prime Minister Added I,1 CVn
59747,十字架四,Shízìjià IV,Cross IV,δ Cru
59774,天权,Tiānquán,The Celestial Balance,δ UMa
59803,轸宿一,Zhěnxiù I,Chariot I,γ Crv
59819,五诸侯五[太微垣],Wǔzhūhóu V,Five Lords V,6 Com
59831,常陈六,Chángchén VI,Royal Guards VI,2 CVn
59847,郎位十,Lángwèi X,Officers of the Imperial Guard X,7 Com
60000,小斗一,Xiǎodǒu I,Little Dipper I,β Cha
60030,左执法增一,Zuǒzhífǎ zēng I,Left Law Administrator Added I,13 Vir
60044,大理增一,Dàlǐ zēng I,Chief Judge Added I,HD107193
60088,轸宿增二,Zhěnxiù zēng II,Chariot Added II,HD107161
60098,郎位增二,Lángwèi zēng II,Officers of the Imperial Guard Added II,9 Com
60122,相增二,Xiàng zēng II,Prime Minister Added II,3 CVn
60123,郎位增一,Lángwèi zēng I,Officers of the Imperial Guard Added I,10 Com
60129,左执法,Zuǒzhífǎ,Left Law Administrator,η Vir
60172,谒者,yèzhě,Usher to the Court,c Vir
60189,长沙,Chángshā,Changsha,ζ Crv
60202,五诸侯增六[太微垣],Wǔzhūhóu zēng VI,Five Lords Added VI,11 Com
60212,天权增二,Tiānquán zēng II,The Celestial Balance Added II,70 UMa
60351,郎位七,Lángwèi VII,Officers of the Imperial Guard VII,12 Com
60353,谒者增二,yèzhě zēng II,Usher to the Court Added II,17 Vir
60425,轸宿增五,Zhěnxiù zēng V,Chariot Added V,6 Crv
60467,常陈增一,Chángchén zēng I,Royal Guards Added I,4 CVn
60485,相,Xiàng,Prime Minister,5 CVn
60514,郎位六,Lángwèi VI,Officers of the Imperial Guard VI,13 Com
60517,库楼九,Kùlóu IX,Arsenal IX,HD107931
60646,常陈五,Chángchén V,Royal Guards V,6 CVn
60697,郎位三,Lángwèi III,Officers of the Imperial Guard III,14 Com
60710,马尾一,Mǎwěi I,Horse's Tail I,G Cen
60718,十字架二,Shízìjià II,Cross II,α1 Cru
60742,郎位一,Lángwèi I,Officers of the Imperial Guard I,γ Com
60746,郎位四,Lángwèi IV,Officers of the Imperial Guard IV,16 Com
60795,天权增三,Tiānquán zēng III,The Celestial Balance Added III,73 UMa
60823,库楼十,Kùlóu X,Arsenal X,σ Cen
60904,郎位五,Lángwèi V,Officers of the Imperial Guard V,17 Com
60941,郎位九,Lángwèi IX,Officers of the Imperial Guard IX,18 Com
60957,郎位十三,Lángwèi XIII,Officers of the Imperial Guard XIII,20 Com
60965,轸宿三,Zhěnxiù III,Chariot III,δ Crv
60978,天权增一,Tiānquán zēng I,The Celestial Balance Added I,74 UMa
60998,少尉增二,Shàowèi zēng II,The Second Commandant Added II,4 Dra
61071,郎位八,Lángwèi VIII,Officers of the Imperial Guard VIII,21 Com
61084,十字架一,Shízìjià I,Cross I,γ Cru
61174,左辖,Zuǒxiá,Left linchpin,η Crv
61199,蜜蜂二*,Mìfēng II*,Bee II*,γ Mus
61246,九卿增九,Jǐuqīng zēng IX,Nine Senior Officers Added IX,20 Vir
61281,少尉,Shàowèi,The Second Commandant,κ Dra
61317,常陈四,Chángchén IV,Royal Guards IV,β CVn
61318,轸宿增一,Zhěnxiù zēng I,Chariot Added I,q Vir
61359,轸宿四,Zhěnxiù IV,Chariot IV,β Crv
61384,少尉增一,Shàowèi zēng I,The Second Commandant Added I,6 Dra
61394,郎位十一,Lángwèi XI,Officers of the Imperial Guard XI,23 Com
61415,五诸侯增五[太微垣],Wǔzhūhóu zēng V,Five Lords Added V,24 Com
61558,进贤增九,Jìnxián zēng IX,Recommending Virtuous Men Added IX,f Vir
61571,五诸侯增四[太微垣],Wǔzhūhóu zēng IV,Five Lords Added IV,25 Com
61579,九卿增七,Jǐuqīng zēng VII,Nine Senior Officers Added VII,HD109764
61585,蜜蜂三,Mìfēng III,Bee III,α Mus
61622,库楼八,Kùlóu VIII,Arsenal VIII,τ Cen
61692,常陈三,Chángchén III,Royal Guards III,9 CVn
61724,郎位十二,Lángwèi XII,Officers of the Imperial Guard XII,26 Com
61740,进贤增八,Jìnxián zēng VIII,Recommending Virtuous Men Added VIII,χ Vir
61932,库楼七,Kùlóu VII,Arsenal VII,γ Cen
61936,内厨增二,Nèichú zēng II,Inner Kitchen Added II,76 UMa
61937,九卿增五,Jǐuqīng zēng V,Nine Senior Officers Added V,27 Vir
61941,东上相,Dōngshàngxiàng,The Great Eastern Premier,γ Vir
61960,九卿一,Jǐuqīng I,Nine Senior Officers I,ρ Vir
61968,三公二[太微垣],Sāngōng II,Three Excellencies II (In Supreme Palace Enclosure),d1 Vir
61969,进贤增七,Jìnxián zēng VII,Recommending Virtuous Men Added VII,28 Vir
62207,常陈二,Chángchén II,Royal Guards II,10 CVn
62267,九卿二,Jǐuqīng II,Nine Senior Officers II,d2 Vir
62322,蜜蜂一,Mìfēng I,Bee I,β Mus
62325,九卿增六,Jǐuqīng zēng VI,Nine Senior Officers Added VI,33 Vir
62356,五诸侯三[太微垣],Wǔzhūhóu III,Five Lords III,27 Com
62394,九卿增四,Jǐuqīng zēng IV,Nine Senior Officers Added IV,34 Vir
62423,内厨一,Nèichú I,Inner Kitchen I,7 Dra
62434,十字架三,Shízìjià III,Cross III,β Cru
62443,三公三[太微垣],Sāngōng III,Three Excellencies III (In Supreme Palace Enclosure),35 Vir
62478,九卿增三,Jǐuqīng zēng III,Nine Senior Officers Added III,28 Com
62516,相增三,Xiàng zēng III,Prime Minister Added III,11 CVn
62541,九卿增二,Jǐuqīng zēng II,Nine Senior Officers Added II,29 Com
62572,纽星,Nǐuxīng,Ancient Star,HD112028
62576,郎将增一,Lángjiàng zēng I,Captain of the Bodyguards Added I,30 Com
62757,东次相增一,Dōngcìxiàng zēng I,The Second Eastern Premier Added I,37 Vir
62763,郎将,Lángjiàng,Captain of the Bodyguards,31 Com
62857,郎将增二,Lángjiàng zēng II,Captain of the Bodyguards Added II,HIP62857
62875,进贤增一,Jìnxián zēng I,Recommending Virtuous Men Added I,38 Vir
62886,五诸侯增二[太微垣],Wǔzhūhóu zēng II,Five Lords Added II,35 Com
62933,东次将增一,Dōngcìjiàng zēng I,The Second Eastern General Added I,41 Vir
62956,玉衡,Yùhéng,The Jade Sighting-Tube,ε UMa
62985,进贤增五,Jìnxián zēng V,Recommending Virtuous Men Added V,ψ Vir
63076,内厨二,Nèichú II,Inner Kitchen II,8 Dra
63090,东次相,Dōngcìxiàng,The Second Eastern Premier,δ Vir
63125,常陈一,Chángchén I,Royal Guards I,α2 CVn
63355,五诸侯二[太微垣],Wǔzhūhóu II,Five Lords II,36 Com
63414,进贤增二,Jìnxián zēng II,Recommending Virtuous Men Added II,k Vir
63432,内厨增一,Nèichú zēng I,Inner Kitchen Added I,9 Dra
63462,周鼎二,Zhōudǐng II,Tripod of the Zhou II,37 Com
63494,进贤增三,Jìnxián zēng III,Recommending Virtuous Men Added III,46 Vir
63533,五诸侯增三[太微垣],Wǔzhūhóu zēng III,Five Lords Added III,38 Com
63608,东次将,Dōngcìjiàng,The Second Eastern General,ε Vir
63613,蜜蜂四*,Mìfēng IV*,Bee IV*,δ Mus
63750,进贤增四,Jìnxián zēng IV,Recommending Virtuous Men Added IV,48 Vir
63945,库楼六,Kùlóu VI,Arsenal VI,f Cen
63948,五诸侯一[太微垣],Wǔzhūhóu I,Five Lords I,39 Com
63950,五诸侯增一[太微垣],Wǔzhūhóu zēng I,Five Lords Added I,40 Com
64022,周鼎三,Zhōudǐng III,Tripod of the Zhou III,41 Com
64078,角宿增十五,Jiǎoxiù zēng XV,Horn Added XV,49 Vir
64166,平增一,Píng zēng I,Judging Added I,ψ Hya
64212,常陈增七,Chángchén zēng VII,Royal Guards Added VII,HD114357
64217,常陈增五,Chángchén zēng V,Royal Guards Added V,15 CVn
64224,角宿增十四,Jiǎoxiù zēng XIV,Horn Added XIV,50 Vir
64238,平道一,Píngdào I,Flat Road I,θ Vir
64241,东上将,Dōngshàngjiàng,The Great Eastern General,α Com
64244,常陈增四,Chángchén zēng IV,Royal Guards Added IV,HIP64244
64246,常陈增六,Chángchén zēng VI,Royal Guards Added VI,17 CVn
64355,常陈增二,Chángchén zēng II,Royal Guards Added II,HIP64355
64394,周鼎一,Zhōudǐng I,Tripod of the Zhou I,β Com
64407,天门一,Tiānmén I,Celestial Gate I,53 Vir
64520,天门增三,Tiānmén zēng III,Celestial Gate Added III,54 Vir
64577,天门增二,Tiānmén zēng II,Celestial Gate Added II,55 Vir
64625,角宿增十三,Jiǎoxiù zēng XIII,Horn Added XIII,56 Vir
64725,天门增一,Tiānmén zēng I,Celestial Gate Added I,57 Vir
64792,东次将增三,Dōngcìjiàng zēng III,The Second Eastern General Added III,e Vir
64834,角宿增十一,Jiǎoxiù zēng XI,Horn Added XI,LP Vir
64844,常陈增三,Chángchén zēng III,Royal Guards Added III,20 CVn
64852,天田增一[角宿],Tiāntián zēng I,Celestial Farmland Added I (In Horn Mansion),σ Vir
64906,三公三[紫微垣],Sāngōng III,Three Excellencies III (In Purple Forbidden Enclosure),21 CVn
64924,天门增四,Tiānmén zēng IV,Celestial Gate Added IV,61 Vir
64962,平一,Píng I,Judging I,γ Hya
65074,角宿增十,Jiǎoxiù zēng X,Horn Added X,62 Vir
65109,柱十一[角宿],Zhù XI,Pillars XI (In Horn Mansion),ι Cen
65129,马腹二,Mǎfù II,Horse's Abdomen II,HD115842
65241,天田增二[角宿],Tiāntián zēng II,Celestial Farmland Added II (In Horn Mansion),64 Vir
65301,天门增五,Tiānmén zēng V,Celestial Gate Added V,63 Vir
65323,角宿增一,Jiǎoxiù zēng I,Horn Added I,65 Vir
65378,开阳,Kāiyáng,The Opener of Heat,ζ UMa
65420,角宿增十六,Jiǎoxiù zēng XVI,Horn Added XVI,66 Vir
65474,角宿一,Jiǎoxiù I,Horn I,α Vir
65477,开阳增一,Kāiyáng zēng I,The Opener of Heat Added I,g UMa
65581,角宿增九,Jiǎoxiù zēng IX,Horn Added IX,i Vir
65639,天门二,Tiānmén II,Celestial Gate II,69 Vir
65721,东上将增一,Dōngshàngjiàng zēng I,The Great Eastern General Added I,70 Vir
65790,东上将增二,Dōngshàngjiàng zēng II,The Great Eastern General Added II,71 Vir
65892,角宿增二,Jiǎoxiù zēng II,Horn Added II,72 Vir
65936,库楼五,Kùlóu V,Arsenal V,d Cen
66006,角宿增三,Jiǎoxiù zēng III,Horn Added III,l Vir
66015,天门增十一,Tiānmén zēng XI,Celestial Gate Added XI,73 Vir
66091,天门增六,Tiānmén zēng VI,Celestial Gate Added VI,75 Vir
66098,角宿增八,Jiǎoxiù zēng VIII,Horn Added VIII,h Vir
66200,天田一[角宿],Tiāntián I,Celestial Farmland I (In Horn Mansion),o Vir
66234,三公二[紫微垣],Sāngōng II,Three Excellencies II (In Purple Forbidden Enclosure),24 CVn
66249,角宿二,Jiǎoxiù II,Horn II,ζ Vir
66320,角宿增四,Jiǎoxiù zēng IV,Horn Added IV,80 Vir
66465,角宿增五,Jiǎoxiù zēng V,Horn Added V,HIP66465
66610,东上将增三,Dōngshàngjiàng zēng III,The Great Eastern General Added III,HD118840
66634,开阳增二,Kāiyáng zēng II,The Opener of Heat Added II,82 UMa
66640,东上将增四,Dōngshàngjiàng zēng IV,The Great Eastern General Added IV,HD118889
66657,南门一,Nánmén I,Southern Gate I,ε Cen
66727,右摄提增三,Yòushètí zēng III,Right Conductor Added III,1 Boo
66738,辅增一,Fǔ zēng I,Assistant Added I,83 UMa
66763,右摄提增二,Yòushètí zēng II,Right Conductor Added II,2 Boo
66798,太乙,Tàiyǐ,First Great One,HD119476
66803,平道二,Píngdào II,Flat Road II,m Vir
66936,天田增三[角宿],Tiāntián zēng III,Celestial Farmland Added III (In Horn Mansion),84 Vir
66992,右摄提增四,Yòushètí zēng IV,Right Conductor Added IV,HD119584
67057,天门增七,Tiānmén zēng VII,Celestial Gate Added VII,83 Vir
67139,天门增八,Tiānmén zēng VIII,Celestial Gate Added VIII,85 Vir
67153,柱九[角宿],Zhù IX,Pillars IX (In Horn Mansion),i Cen
67172,角宿增七,Jiǎoxiù zēng VII,Horn Added VII,86 Vir
67231,辅增二,Fǔ zēng II,Assistant Added II,84 UMa
67239,帝席增一,Dìxí zēng I,Mattress of the Emperor Added I,3 Boo
67275,右摄提增五,Yòushètí zēng V,Right Conductor Added V,τ Boo
67288,天门增十,Tiānmén zēng X,Celestial Gate Added X,87 Vir
67301,摇光,Yáoguāng,The Twinkling Brilliance,η UMa
67355,角宿增六,Jiǎoxiù zēng VI,Horn Added VI,HD120235
67457,库楼四,Kùlóu IV,Arsenal IV,g Cen
67459,右摄提三,Yòushètí III,Right Conductor III,υ Boo
67464,衡一,Héng I,Railings I,ν Cen
67472,衡二,Héng II,Railings II,μ Cen
67480,右摄提增一,Yòushètí zēng I,Right Conductor Added I,e Boo
67494,天门增九,Tiānmén zēng IX,Celestial Gate Added IX,89 Vir
67627,天乙,Tiānyǐ,Celestial Great One,i Dra
67669,柱八[角宿],Zhù VIII,Pillars VIII (In Horn Mansion),k Cen
67786,柱七[角宿],Zhù VII,Pillars VII (In Horn Mansion),h Cen
67787,右摄提增六,Yòushètí zēng VI,Right Conductor Added VI,7 Boo
67848,辅增三,Fǔ zēng III,Assistant Added III,86 UMa
67927,右摄提一,Yòushètí I,Right Conductor I,η Boo
67929,天田增六[角宿],Tiāntián zēng VI,Celestial Farmland Added VI (In Horn Mansion),p Vir
68002,库楼一,Kùlóu I,Arsenal I,ζ Cen
68092,天田增五[角宿],Tiāntián zēng V,Celestial Farmland Added V (In Horn Mansion),92 Vir
68103,帝席三,Dìxí III,Mattress of the Emperor III,9 Boo
68245,衡三,Héng III,Railings III,φ Cen
68269,平增四,Píng zēng IV,Judging Added IV,47 Hya
68282,柱二[角宿],Zhù II,Pillars II (In Horn Mansion),υ1 Cen
68390,平增三,Píng zēng III,Judging Added III,48 Hya
68478,帝席二,Dìxí II,Mattress of the Emperor II,11 Boo
68520,天田增七[角宿],Tiāntián zēng VII,Celestial Farmland Added VII (In Horn Mansion),τ Vir
68523,柱一[角宿],Zhù I,Pillars I (In Horn Mansion),υ2 Cen
68702,马腹一,Mǎfù I,Horse's Abdomen I,β Cen
68756,右枢,Yòushū,Right Pivot,α Dra
68862,衡四,Héng IV,Railings IV,χ Cen
68888,亢宿增一,Kàngxiù zēng I,Neck Added I,94 Vir
68895,平二,Píng II,Judging II,π Hya
68933,库楼三,Kùlóu III,Arsenal III,θ Cen
68940,亢宿增二,Kàngxiù zēng II,Neck Added II,95 Vir
68956,庶子增二,Shùzǐ zēng II,Bastard Added II,3 UMi
69068,天枪增一,Tiānqiāng zēng I,Celestial Spear Added I,13 Boo
69112,后宫,Hòugōng,Harem,4 UMi
69127,亢宿增三,Kàngxiù zēng III,Neck Added III,96 Vir
69226,帝席一,Dìxí I,Mattress of the Emperor I,d Boo
69260,亢池二,Kàngchí II,Boats and Lake II,HD124034
69373,天床一,Tiānchuáng I,Celestial Bed I,HD124730
69403,亢宿增四,Kàngxiù zēng IV,Neck Added IV,HIP69403
69415,折威增一,Zhéwēi zēng I,Executions Added I,50 Hya
69427,亢宿一,Kàngxiù I,Neck I,κ Vir
69481,天枪一,Tiānqiāng I,Celestial Spear I,κ1 Boo
69536,亢池三,Kàngchí III,Boats and Lake III,14 Boo
69673,大角,Dàjiǎo,Great Horn,α Boo
69701,亢宿二,Kàngxiù II,Neck II,ι Vir
69713,天枪二,Tiānqiāng II,Celestial Spear II,ι Boo
69732,玄戈,Xuángē,Sombre Lance,λ Boo
69754,南门增一,Nánmén zēng I,Southern Gate Added I,HIP69754
69896,异雀七,Yìquè VII,Exotic Bird VII,η Aps
69974,亢宿四,Kàngxiù IV,Neck IV,λ Vir
69989,亢池四,Kàngchí IV,Boats and Lake IV,18 Boo
69996,柱三[角宿],Zhù III,Pillars III (In Horn Mansion),ι Lup
70012,亢宿增十二,Kàngxiù zēng XII,Neck Added XII,υ Vir
70027,亢池一,Kàngchí I,Boats and Lake I,20 Boo
70090,柱六[角宿],Zhù VI,Pillars VI (In Horn Mansion),ψ Cen
70220,亢宿增十一,Kàngxiù zēng XI,Neck Added XI,HD125817
70248,异雀九,Yìquè IX,Exotic Bird IX,ε Aps
70300,柱五[角宿],Zhù V,Pillars V (In Horn Mansion),a Cen
70306,折威增二,Zhéwēi zēng II,Executions Added II,k Hya
70497,天枪三,Tiānqiāng III,Celestial Spear III,θ Boo
70574,柱四[角宿],Zhù IV,Pillars IV (In Horn Mansion),τ1 Lup
70602,大角增一,Dàjiǎo zēng I,Great Horn Added I,f Boo
70638,异雀五,Yìquè V,Exotic Bird V,δ Oct
70680,亢宿增六,Kàngxiù zēng VI,Neck Added VI,104 Vir
70692,庶子,Shùzǐ,Bastard,5 UMi
70755,亢宿三,Kàngxiù III,Neck III,φ Vir
70791,天枪增二,Tiānqiāng zēng II,Celestial Spear Added II,g Boo
70794,亢宿增五,Kàngxiù zēng V,Neck Added V,106 Vir
71053,梗河三,Gěnghé III,Celestial Lance III,ρ Boo
71075,招摇,Zhāoyáo,Twinkling Indicator,γ Boo
71121,车骑三,Chēqí III,Chariots and Cavalry III,σ Lup
71284,梗河二,Gěnghé II,Celestial Lance II,σ Boo
71352,库楼二,Kùlóu II,Arsenal II,η Cen
71536,车骑二,Chēqí II,Chariots and Cavalry II,ρ Lup
71618,玄戈增一,Xuángē zēng I,Sombre Lance Added I,33 Boo
71652,折威三,Zhéwēi III,Executions III,HIP71652
71683,南门二,Nánmén II,Southern Gate II,α1 Cen
71762,左摄提二,Zuǒshètí II,Left Conductor II,π1 Boo
71795,左摄提三,Zuǒshètí III,Left Conductor III,ζ Boo
71832,左摄提增三,Zuǒshètí zēng III,Left Conductor Added III,31 Boo
71837,左摄提增二,Zuǒshètí zēng II,Left Conductor Added II,32 Boo
71860,骑官十,Qíguān X,Imperial Guards X,α Lup
71865,阳门一,Yángmén I,Gate of Yang I,b Cen
71908,南门增二,Nánmén zēng II,Southern Gate Added II,α Cir
71957,亢宿增七,Kàngxiù zēng VII,Neck Added VII,μ Vir
71974,折威五,Zhéwēi V,Executions V,4 Lib
71995,梗河增五,Gěnghé zēng V,Celestial Lance Added V,34 Boo
72010,阳门二,Yángmén II,Gate of Yang II,c1 Cen
72105,梗河一,Gěnghé I,Celestial Lance I,ε Boo
72125,左摄提一,Zuǒshètí I,Left Conductor I,ο Boo
72154,亢宿增九,Kàngxiù zēng IX,Neck Added IX,108 Vir
72181,天床六,Tiānchuáng VI,Celestial Bed VI,HIP72181
72194,氐宿增六,Dīxiù zēng VI,Root Added VI,5 Lib
72197,折威增三,Zhéwēi zēng III,Executions Added III,m Hya
72220,亢宿增十,Kàngxiù zēng X,Neck Added X,109 Vir
72323,折威增四,Zhéwēi zēng IV,Executions Added IV,55 Hya
72357,折威增五,Zhéwēi zēng V,Executions Added V,56 Hya
72370,异雀八,Yìquè VIII,Exotic Bird VIII,α Aps
72378,折威增七,Zhéwēi zēng VII,Executions Added VII,57 Hya
72487,玄戈增二,Xuángē zēng II,Sombre Lance Added II,h Boo
72489,氐宿增五,Dīxiù zēng V,Root Added V,μ Lib
72524,天枪增三,Tiānqiāng zēng III,Celestial Spear Added III,39 Boo
72571,阵车增一,Zhènchē zēng I,Battle Chariots Added I,E Hya
72603,氐宿增七,Dīxiù zēng VII,Root Added VII,α1 Lib
72607,帝,Dì,Emperor,β UMi
72622,氐宿一,Dīxiù I,Root I,α2 Lib
72631,亢宿增八,Kàngxiù zēng VIII,Neck Added VIII,11 Lib
72659,左摄提增一,Zuǒshètí zēng I,Left Conductor Added I,ξ Boo
72683,骑官九,Qíguān IX,Imperial Guards IX,ο Lup
72702,氐宿增八,Dīxiù zēng VIII,Root Added VIII,HD131027
72848,左摄提增四,Zuǒshètí zēng IV,Left Conductor Added IV,DE Boo
72929,折威六,Zhéwēi VI,Executions VI,12 Lib
72934,氐宿增四,Dīxiù zēng IV,Root Added IV,ξ1 Lib
73133,氐宿增三,Dīxiù zēng III,Root Added III,ξ2 Lib
73165,氐宿增廿九,Dīxiù zēng XXIX,Root Added XXIX,16 Lib
73189,折威增六,Zhéwēi zēng VI,Executions Added VI,HD131992
73199,天床五,Tiānchuáng V,Celestial Bed V,RR UMi
73249,氐宿增卅,Dīxiù zēng XXX,Root Added XXX,17 Lib
73273,骑官四,Qíguān IV,Imperial Guards IV,β Lup
73284,阵车增二,Zhènchē zēng II,Battle Chariots Added II,59 Hya
73310,氐宿增二,Dīxiù zēng II,Root Added II,18 Lib
73334,骑官三,Qíguān III,Imperial Guards III,κ Cen
73369,七公增六,Qīgōng zēng VI,Seven Excellencies Added VI,40 Boo
73440,天床增一,Tiānchuáng zēng I,Celestial Bed Added I,9 UMi
73473,氐宿增一,Dīxiù zēng I,Root Added I,δ Lib
73536,氐宿增廿八,Dīxiù zēng XXVIII,Root Added XXVIII,2 Ser
73555,七公增五,Qīgōng zēng V,Seven Excellencies Added V,β Boo
73566,阵车二,Zhènchē II,Battle Chariots II,60 Hya
73568,梗河增四,Gěnghé zēng IV,Celestial Lance Added IV,ω Boo
73620,氐宿增廿七,Dīxiù zēng XXVII,Root Added XXVII,110 Vir
73695,天枪增四,Tiānqiāng zēng IV,Celestial Spear Added IV,i Boo
73714,折威七,Zhéwēi VII,Executions VII,σ Lib
73745,梗河增一,Gěnghé zēng I,Celestial Lance Added I,ψ Boo
73807,骑官八,Qíguān VIII,Imperial Guards VIII,π Lup
73808,庶子增三,Shùzǐ zēng III,Bastard Added III,HIP73808
73945,氐宿增十,Dīxiù zēng X,Root Added X,ν Lib
73953,氐宿增九,Dīxiù zēng IX,Root Added IX,22 Lib
73996,梗河增三,Gěnghé zēng III,Celestial Lance Added III,c Boo
74087,梗河增二,Gěnghé zēng II,Celestial Lance Added II,b Boo
74117,骑官五,Qíguān V,Imperial Guards V,λ Lup
74376,骑阵将军,Qízhènjiāngjūn,Chariots and Cavalry General,κ1 Lup
74392,氐宿二,Dīxiù II,Root II,ι Lib
74395,车骑一,Chēqí I,Chariots and Cavalry I,ζ Lup
74493,氐宿增十一,Dīxiù zēng XI,Root Added XI,25 Lib
74596,贯索增一,Guànsuǒ zēng I,Coiled Thong Added I,χ Boo
74600,氐宿增十二,Dīxiù zēng XII,Root Added XII,26 Lib
74604,顿顽二,Dùnwán II,Trials II,i Lup
74605,天床二,Tiānchuáng II,Celestial Bed II,HD136064
74649,蜀增二,Shǔ zēng II,Shu Added II,3 Ser
74666,七公七,Qīgōng VII,Seven Excellencies VII,δ Boo
74689,氐宿增廿六,Dīxiù zēng XXVI,Root Added XXVI,4 Ser
74785,氐宿四,Dīxiù IV,Root IV,β Lib
74793,天床增二,Tiānchuáng zēng II,Celestial Bed Added II,11 UMi
74857,阵车三,Zhènchē III,Battle Chariots III,f Lup
74911,骑官七,Qíguān VII,Imperial Guards VII,μ Lup
74946,三角形一,Sānjiǎoxíng I,Triangle I,γ TrA
74975,氐宿增廿四,Dīxiù zēng XXIV,Root Added XXIV,5 Ser
75049,贯索增二,Guànsuǒ zēng II,Coiled Thong Added II,ο CrB
75097,太子,Tàizǐ,Crown Prince,γ UMi
75110,氐宿增十三,Dīxiù zēng XIII,Root Added XIII,28 Lib
75118,氐宿增十七,Dīxiù zēng XVII,Root Added XVII,ο Lib
75119,氐宿增廿五,Dīxiù zēng XXV,Root Added XXV,6 Ser
75141,骑官二,Qíguān II,Imperial Guards II,δ Lup
75177,顿顽一,Dùnwán I,Trials I,φ1 Lup
75264,骑官六,Qíguān VI,Imperial Guards VI,ε Lup
75294,氐宿增十八,Dīxiù zēng XVIII,Root Added XVIII,30 Lib
75304,顿顽增一,Dùnwán zēng I,Trials Added I,φ2 Lup
75312,贯索增三,Guànsuǒ zēng III,Coiled Thong Added III,η CrB
75379,氐宿增廿,Dīxiù zēng XX,Root Added XX,ε Lib
75411,七公六,Qīgōng VI,Seven Excellencies VI,μ1 Boo
75458,左枢,Zuǒshū,Left Pivot,ι Dra
75530,周增一,Zhōu zēng I,Zhou Added I,τ1 Ser
75695,贯索三,Guànsuǒ III,Coiled Thong III,β CrB
75730,氐宿增十六,Dīxiù zēng XVI,Root Added XVI,32 Lib
75761,氐宿增廿三,Dīxiù zēng XXIII,Root Added XXIII,10 Ser
75944,氐宿增十五,Dīxiù zēng XV,Root Added XV,34 Lib
75973,七公五,Qīgōng V,Seven Excellencies V,ν1 Boo
76008,勾陈增七,Gōuchén zēng VII,Curved Array Added VII,θ UMi
76013,三角形增三,Sānjiǎoxíng zēng III,Triangle Added III,κ1 Aps
76041,七公增九,Qīgōng zēng IX,Seven Excellencies Added IX,ν2 Boo
76126,氐宿增十四,Dīxiù zēng XIV,Root Added XIV,ζ Lib
76127,贯索二,Guànsuǒ II,Coiled Thong II,θ CrB
76133,氐宿增廿一,Dīxiù zēng XXI,Root Added XXI,A1 Ser
76219,氐宿增十九,Dīxiù zēng XIX,Root Added XIX,37 Lib
76259,天辐增一,Tiānfú zēng I,Celestial Spokes Added I,36 Lib
76267,贯索四,Guànsuǒ IV,Coiled Thong IV,α CrB
76276,秦,Qín,Qin,δ Ser
76297,骑官一,Qíguān I,Imperial Guards I,γ Lup
76307,七公增八,Qīgōng zēng VIII,Seven Excellencies Added VIII,μ CrB
76333,氐宿三,Dīxiù III,Root III,γ Lib
76337,周增五,Zhōu zēng V,Zhou Added V,τ3 Ser
76423,周增二,Zhōu zēng II,Zhou Added II,τ4 Ser
76424,周增三,Zhōu zēng III,Zhou Added III,τ5 Ser
76425,秦增二,Qín zēng II,Qin Added II,16 Ser
76427,氐宿增廿二,Dīxiù zēng XXII,Root Added XXII,14 Ser
76440,三角形增二,Sānjiǎoxíng zēng II,Triangle Added II,ε TrA
76470,天辐一,Tiānfú I,Celestial Spokes I,υ Lib
76534,七公增十,Qīgōng zēng X,Seven Excellencies Added X,φ Boo
76600,天辐二,Tiānfú II,Celestial Spokes II,τ Lib
76628,日增一,Rì zēng I,Solar Star Added I,41 Lib
76669,七公增七,Qīgōng zēng VII,Seven Excellencies Added VII,ζ1 CrB
76705,从官增一[房宿],Cóngguān zēng I,Retinue Added I (In Room Mansion),ψ1 Lup
76742,房宿增三,Fángxiù zēng III,Room Added III,42 Lib
76750,三角形增四,Sānjiǎoxíng zēng IV,Triangle Added IV,κ2 Aps
76810,周增四,Zhōu zēng IV,Zhou Added IV,τ6 Ser
76852,周增七,Zhōu zēng VII,Zhou Added VII,ι Ser
76866,周增十四,Zhōu zēng XIV,Zhou Added XIV,χ Ser
76878,周增六,Zhōu zēng VI,Zhou Added VI,τ7 Ser
76880,日,Rì,Solar Star,κ Lib
76945,从官一[房宿],Cóngguān I,Retinue I (In Room Mansion),ψ2 Lup
76952,贯索五,Guànsuǒ V,Coiled Thong V,γ CrB
77048,贯索一,Guànsuǒ I,Coiled Thong I,π CrB
77052,巴增一,Bā zēng I,Ba Added I,ψ Ser
77055,勾陈四,Gōuchén IV,Curved Array IV,ζ UMi
77060,西咸四,Xīxián IV,Western Door IV,η Lib
77070,蜀,Shǔ,Shu,α Ser
77111,周增九,Zhōu zēng IX,Zhou Added IX,τ8 Ser
77163,蜀增三,Shǔ zēng III,Shu Added III,HD140775
77227,天乳增一,Tiānrǔ zēng I,Celestial Milk Added I,A2 Ser
77233,周,Zhōu,Zhou,β Ser
77249,周增十一,Zhōu zēng XI,Zhou Added XI,HD141040
77257,蜀增一,Shǔ zēng I,Shu Added I,λ Ser
77277,天床三,Tiānchuáng III,Celestial Bed III,HD141653
77336,周增十五,Zhōu zēng XV,Zhou Added XV,υ Ser
77412,周增十六,Zhōu zēng XVI,Zhou Added XVI,HD141353
77450,周增八,Zhōu zēng VIII,Zhou Added VIII,κ Ser
77464,天乳增四,Tiānrǔ zēng IV,Celestial Milk Added IV,30 Ser
77512,贯索六,Guànsuǒ VI,Coiled Thong VI,δ CrB
77516,天乳,Tiānrǔ,Celestial Milk,μ Ser
77578,巴增二,Bā zēng II,Ba Added II,ω Ser
77622,巴,Bā,Ba,ε Ser
77634,从官二[房宿],Cóngguān II,Retinue II (In Room Mansion),χ Lup
77635,房宿增四,Fángxiù zēng IV,Room Added IV,b Sco
77655,贯索增四,Guànsuǒ zēng IV,Coiled Thong Added IV,κ CrB
77660,天乳增二,Tiānrǔ zēng II,Celestial Milk Added II,b Ser
77661,贯索增十三,Guànsuǒ zēng XIII,Coiled Thong Added XIII,ρ Ser
77760,七公四,Qīgōng IV,Seven Excellencies IV,χ Her
77801,周增十三,Zhōu zēng XIII,Zhou Added XIII,39 Ser
77811,房宿增二,Fángxiù zēng II,Room Added II,λ Lib
77840,房宿增五,Fángxiù zēng V,Room Added V,A Sco
77853,西咸三,Xīxián III,Western Door III,θ Lib
77907,七公增十二,Qīgōng zēng XII,Seven Excellencies Added XII,2 Her
77952,三角形二,Sānjiǎoxíng II,Triangle II,β TrA
77984,房宿增六,Fángxiù zēng VI,Room Added VI,4 Sco
77986,七公增十一,Qīgōng zēng XI,Seven Excellencies Added XI,4 Her
78012,贯索增五,Guànsuǒ zēng V,Coiled Thong Added V,λ CrB
78072,郑,Zhèng,Zheng,γ Ser
78104,房宿二,Fángxiù II,Room II,ρ Sco
78159,贯索七,Guànsuǒ VII,Coiled Thong VII,ε CrB
78207,西咸二,Xīxián II,Western Door II,48 Lib
78265,房宿一,Fángxiù I,Room I,π Sco
78384,积卒增一,Jīzú zēng I,Group of Soldiers Added I,η Lup
78400,罚三,Fá III,Punishment III,49 Lib
78401,房宿三,Fángxiù III,Room III,δ Sco
78436,西咸增一,Xīxián zēng I,Western Door Added I,50 Lib
78442,巴增三,Bā zēng III,Ba Added III,HD143553
78459,贯索九,Guànsuǒ IX,Coiled Thong IX,ρ CrB
78481,晋增一,Jìn zēng I,Jin Added I,r Her
78493,贯索八,Guànsuǒ VIII,Coiled Thong VIII,ι CrB
78527,上宰,Shàngzǎi,The Great Prime Minister,θ Dra
78554,贯索增十二,Guànsuǒ zēng XII,Coiled Thong Added XII,π Ser
78592,七公增四,Qīgōng zēng IV,Seven Excellencies Added IV,υ Her
78685,巴增四,Bā zēng IV,Ba Added IV,43 Ser
78727,西咸一,Xīxián I,Western Door I,HD144069
78820,房宿四,Fángxiù IV,Room IV,β1 Sco
78918,积卒一,Jīzú I,Group of Soldiers I,θ Lup
78933,钩钤一,Gōuqián I,Lock I,ω1 Sco
78970,积卒增二,Jīzú zēng II,Group of Soldiers Added II,HD144415
78990,钩钤二,Gōuqián II,Lock II,ω2 Sco
79005,罚二,Fá II,Punishment II,11 Sco
79007,斗增四,Dǒu zēng IV,Dipper for Liquids Added IV,45 Ser
79043,晋,Jìn,Jin,κ Her
79045,晋增五,Jìn zēng V,Jin Added V,κ Her
79047,斗增三,Dǒu zēng III,Dipper for Liquids Added III,46 Ser
79072,斗增五,Dǒu zēng V,Dipper for Liquids Added V,47 Ser
79101,七公三,Qīgōng III,Seven Excellencies III,φ Her
79102,晋增四,Jìn zēng IV,Jin Added IV,8 Her
79119,贯索增六,Guànsuǒ zēng VI,Coiled Thong Added VI,τ CrB
79248,七公增十三,Qīgōng zēng XIII,Seven Excellencies Added XIII,14 Her
79280,勾陈增八,Gōuchén zēng VIII,Curved Array Added VIII,19 UMi
79332,晋增三,Jìn zēng III,Jin Added III,q Her
79349,贯索增十一,Guànsuǒ zēng XI,Coiled Thong Added XI,10 Her
79374,键闭,Jiànbì,Door Bolt,ν Sco
79375,罚增二,Fá zēng II,Punishment Added II,ψ Sco
79387,罚增一,Fá zēng I,Punishment Added I,16 Sco
79399,心宿增一,Xīnxiù zēng I,Heart Added I,c1 Sco
79404,心宿增二,Xīnxiù zēng II,Heart Added II,c2 Sco
79414,天床四,Tiānchuáng IV,Celestial Bed IV,HD146603
79420,勾陈增十,Gōuchén zēng X,Curved Array Added X,20 UMi
79488,斗增七,Dǒu zēng VII,Dipper for Liquids Added VII,9 Her
79492,斗二,Dǒu II,Dipper for Liquids II,49 Ser
79540,罚增三,Fá zēng III,Punishment Added III,χ Sco
79593,梁,Liáng,Liang,δ Oph
79607,贯索增七,Guànsuǒ zēng VII,Coiled Thong Added VII,σ CrB
79608,斗增六,Dǒu zēng VI,Dipper for Liquids Added VI,HD146169
79634,斗三,Dǒu III,Dipper for Liquids III,HIP79634
79664,三角形增一,Sānjiǎoxíng zēng I,Triangle Added I,δ TrA
79666,河间增一,Hējiēn zēng I,Hejian Added I,16 Her
79672,罚一,Fá I,Punishment I,18 Sco
79704,斗增二,Dǒu zēng II,Dipper for Liquids Added II,HIP79704
79724,贯索增十,Guànsuǒ zēng X,Coiled Thong Added X,HD146604
79757,贯索增八,Guànsuǒ zēng VIII,Coiled Thong Added VIII,υ CrB
79822,勾陈增九,Gōuchén zēng IX,Curved Array Added IX,η UMi
79882,楚,Chǔ,Chu,ε Oph
79889,贯索增九,Guànsuǒ zēng IX,Coiled Thong Added IX,19 Her
79992,七公二,Qīgōng II,Seven Excellencies II,τ Her
80047,异雀六,Yìquè VI,Exotic Bird VI,δ1 Aps
80079,心宿增三,Xīnxiù zēng III,Heart Added III,ο Sco
80112,心宿一,Xīnxiù I,Heart I,σ Sco
80161,尚书四,Shàngshū IV,Royal Secretary IV,HD148293
80170,河间,Héjiān,Hejian,γ Her
80179,列肆一,Lièsì I,Jewel Market I,σ Ser
80181,天纪一,Tiānjì I,Celestial Discipline I,ξ CrB
80214,天纪增三,Tiānjì zēng III,Celestial Discipline Added III,ν2 CrB
80247,天纪增四,Tiānjì zēng IV,Celestial Discipline Added IV,23 Her
80331,少宰,Shàozǎi,The Second Prime Minister,η Dra
80343,东咸三,Dōngxián III,Eastern Door III,ψ Oph
80351,斗增九,Dǒu zēng IX,Dipper for Liquids Added IX,o Her
80460,天纪增二,Tiānjì zēng II,Celestial Discipline Added II,25 Her
80463,斗增一,Dǒu zēng I,Dipper for Liquids Added I,ω Her
80473,心宿增九,Xīnxiù zēng IX,Heart Added IX,ρ Oph
80569,东咸二,Dōngxián II,Eastern Door II,χ Oph
80628,车肆一,Chēsì I,Commodity Market I,υ Oph
80648,天纪增五,Tiānjì zēng V,Celestial Discipline Added V,HD148616
80650,尚书二,Shàngshū II,Royal Secretary II,A Dra
80704,七公增十四,Qīgōng zēng XIV,Seven Excellencies Added XIV,g Her
80763,大火,Dàhuǒ,Great Fire,α Sco
80809,七公增三,Qīgōng zēng III,Seven Excellencies Added III,34 Her
80815,心宿增五,Xīnxiù zēng V,Heart Added V,i Sco
80816,河中,Hézhōng,Hezhong,β Her
80883,列肆二,Lièsì II,Jewel Market II,λ Oph
80894,东咸一,Dōngxián I,Eastern Door I,φ Oph
80975,东咸增二,Dōngxián zēng II,Eastern Door Added II,ω Oph
81007,斗增十一,Dǒu zēng XI,Dipper for Liquids Added XI,n Her
81008,斗四,Dǒu IV,Dipper for Liquids IV,h Her
81065,异雀四,Yìquè IV,Exotic Bird IV,γ Aps
81066,天纪增六,Tiānjì zēng VI,Celestial Discipline Added VI,32 Her
81126,七公增十五,Qīgōng zēng XV,Seven Excellencies Added XV,σ Her
81266,心宿三,Xīnxiù III,Heart III,τ Sco
81290,七公增二,Qīgōng zēng II,Seven Excellencies Added II,16 Dra
81292,七公增一,Qīgōng zēng I,Seven Excellencies Added I,17 Dra
81300,列肆增四,Lièsì zēng IV,Jewel Market Added IV,12 Oph
81354,斗五,Dǒu V,Dipper for Liquids V,HIP81354
81377,韩,Hán,Han,ζ Oph
81497,七公一,Qīgōng I,Seven Excellencies I,42 Her
81634,斛增五,Hú zēng V,Dipper for Solids Added V,36 Her
81641,斛增六,Hú zēng VI,Dipper for Solids Added VI,37 Her
81660,尚书三,Shàngshū III,Royal Secretary III,g Dra
81693,天纪二,Tiānjì II,Celestial Discipline II,ζ Her
81717,斛增四,Hú zēng IV,Dipper for Solids Added IV,HD150525
81724,东咸增一,Dōngxián zēng I,Eastern Door Added I,24 Sco
81729,天纪增七,Tiānjì zēng VII,Celestial Discipline Added VII,39 Her
81734,列肆增三,Lièsì zēng III,Jewel Market Added III,14 Oph
81833,天纪增一,Tiānjì zēng I,Celestial Discipline Added I,η Her
81852,异雀三,Yìquè III,Exotic Bird III,β Aps
81991,斛增二,Hú zēng II,Dipper for Solids Added II,41 Her
82000,天纪增八,Tiānjì zēng VIII,Celestial Discipline Added VIII,HIP82000
82007,心宿增六,Xīnxiù zēng VI,Heart Added VI,HD150937
82037,列肆增二,Lièsì zēng II,Jewel Market Added II,16 Oph
82073,斛增一,Hú zēng I,Dipper for Solids Added I,i Her
82080,勾陈三,Gōuchén III,Curved Array III,ε UMi
82140,心宿增八,Xīnxiù zēng VIII,Heart Added VIII,25 Sco
82216,斛增三,Hú zēng III,Dipper for Solids Added III,l Her
82245,心宿增七,Xīnxiù zēng VII,Heart Added VII,HIP82245
82273,三角形三,Sānjiǎoxíng III,Triangle III,α TrA
82321,七公增十六,Qīgōng zēng XVI,Seven Excellencies Added XVI,52 Her
82324,天纪增十,Tiānjì zēng X,Celestial Discipline Added X,48 Her
82363,龟四,Guī IV,Tortoise IV,η Ara
82369,车肆二,Chēsì II,Commodity Market II,20 Oph
82396,尾宿二,Wěixiù II,Tail II,ε Sco
82402,斛三,Hú III,Dipper for Solids III,k Her
82422,天纪增九,Tiānjì zēng IX,Celestial Discipline Added IX,50 Her
82426,天纪增十二,Tiānjì zēng XII,Celestial Discipline Added XII,HD152224
82480,列肆增一,Lièsì zēng I,Jewel Market Added I,21 Oph
82504,魏增一,Wèi zēng I,Wei Added I,51 Her
82514,尾宿一,Wěixiù I,Tail I,μ1 Sco
82526,宦者增三,Huànzhě zēng III,Eunuch Official Added III,49 Her
82545,尾宿增二,Wěixiù zēng II,Tail Added II,μ2 Sco
82587,天纪增十一,Tiānjì zēng XI,Celestial Discipline Added XI,53 Her
82671,尾宿三,Wěixiù III,Tail III,ζ1 Sco
82673,斛一,Hú I,Dipper for Solids I,ι Oph
82730,车肆增一,Chēsì zēng I,Commodity Market Added I,23 Oph
82780,魏增二,Wèi zēng II,Wei Added II,56 Her
82802,宦者增二,Huànzhě zēng II,Eunuch Official Added II,54 Her
82860,尚书五,Shàngshū V,Royal Secretary V,h Dra
82898,尚书增二,Shàngshū zēng II,Royal Secretary Added II,20 Dra
82960,尾宿增一,Wěixiù zēng I,Tail Added I,27 Sco
82987,魏增三,Wèi zēng III,Wei Added III,57 Her
83000,斛二,Hú II,Dipper for Solids II,κ Oph
83081,龟五,Guī V,Tortoise V,ζ Ara
83153,龟一,Guī I,Tortoise I,ε1 Ara
83196,天江增九,Tiānjiāng zēng IX,Celestial River Added IX,26 Oph
83207,天纪三,Tiānjì III,Celestial Discipline III,ε Her
83262,车肆增二,Chēsì zēng II,Commodity Market Added II,30 Oph
83313,天纪四,Tiānjì IV,Celestial Discipline IV,d Her
83331,宋增二,Sòng zēng II,Song Added II,29 Oph
83430,宦者一,Huànzhě I,Eunuch Official I,32 Oph
83462,天纪五,Tiānjì V,Celestial Discipline V,61 Her
83478,宦者二,Huànzhě II,Eunuch Official II,HD154228
83504,宦者增四,Huànzhě zēng IV,Eunuch Official Added IV,HD154278
83508,天江增十,Tiānjiāng zēng X,Celestial River Added X,HD154021
83566,天江增十一,Tiānjiāng zēng XI,Celestial River Added XI,HD154132
83608,天棓增九,Tiānbàng zēng IX,Celestial Flail Added IX,μ Dra
83613,宦者三,Huànzhě III,Eunuch Official III,60 Her
83684,天江增八,Tiānjiāng zēng VIII,Celestial River Added VIII,HD154418
83830,魏增四,Wèi zēng IV,Wei Added IV,HIP83830
83876,魏增五,Wèi zēng V,Wei Added V,HD155104
83895,上弼,Shàngbì,The Great Protector,ζ Dra
84012,宋,Sòng,Song,η Oph
84143,尾宿四,Wěixiù IV,Tail IV,η Sco
84177,宦者四,Huànzhě IV,Eunuch Official IV,37 Oph
84314,天江一,Tiānjiāng I,Celestial River I,HD155685
84345,帝座,Dìzuò,Emperor's Seat,α1 Her
84379,魏,Wèi,Wei,δ Her
84380,女床一,Nǚchuáng I,Woman's Bed I,π Her
84405,天江二,Tiānjiāng II,Celestial River II,A Oph
84478,天江增三,Tiānjiāng zēng III,Celestial River Added III,V2215 Oph
84514,宗正增三,Zōngzhèng zēng III,Official for the Royal Clan Added III,41 Oph
84535,勾陈增五,Gōuchén zēng V,Curved Array Added V,λ UMi
84573,天纪六,Tiānjì VI,Celestial Discipline VI,u Her
84605,天江增二,Tiānjiāng zēng II,Celestial River Added II,HD156252
84606,女床二,Nǚchuáng II,Woman's Bed II,e Her
84626,天江增六,Tiānjiāng zēng VI,Celestial River Added VI,ο Oph
84671,宦者增五,Huànzhě zēng V,Eunuch Official Added V,e Oph
84835,天棓增七,Tiānbàng zēng VII,Celestial Flail Added VII,74 Her
84862,天纪增十三,Tiānjì zēng XIII,Celestial Discipline Added XIII,w Her
84880,市楼增一,Shìlóu zēng I,Municipal Office Added I,ν Ser
84887,魏增七,Wèi zēng VII,Wei Added VII,70 Her
84893,天江增七,Tiānjiāng zēng VII,Celestial River Added VII,ξ Oph
84947,天江增四,Tiānjiāng zēng IV,Celestial River Added IV,HD156992
84969,异雀一,Yìquè I,Exotic Bird I,ζ Aps
84970,天江三,Tiānjiāng III,Celestial River III,θ Oph
84979,异雀二,Yìquè II,Exotic Bird II,ι Aps
85084,天江增一,Tiānjiāng zēng I,Celestial River Added I,43 Oph
85112,女床三,Nǚchuáng III,Woman's Bed III,ρ Her
85157,魏增八,Wèi zēng VIII,Wei Added VIII,73 Her
85181,天纪增十五,Tiānjì zēng XV,Celestial Discipline Added XV,HD157910
85242,天江增五,Tiānjiāng zēng V,Celestial River Added V,HD157588
85258,杵三[箕宿],Chǔ III,Pestle III (In Winnowing Basket Mansion),β Ara
85267,龟二,Guī II,Tortoise II,γ Ara
85340,天江四,Tiānjiāng IV,Celestial River IV,b Oph
85355,宗正增二,Zōngzhèng zēng II,Official for the Royal Clan Added II,σ Oph
85379,天棓增八,Tiānbàng zēng VIII,Celestial Flail Added VIII,x Her
85397,市楼五,Shìlóu V,Municipal Office V,HD157968
85423,糠,Kāng,Chaff,d Oph
85442,糠增一,Kāng zēng I,Chaff Added I,HD157955
85670,天棓三,Tiānbàng III,Celestial Flail III,β Dra
85693,赵,Zhào,Zhao,λ Her
85696,尾宿九,Wěixiù IX,Tail IX,υ Sco
85699,勾陈增六,Gōuchén zēng VI,Curved Array Added VI,24 UMi
85703,天籥增一,Tiānyuè zēng I,Celestial Keyhole Added I,HIP85703
85727,龟三,Guī III,Tortoise III,δ Ara
85755,天籥六,Tiānyuè VI,Celestial Keyhole VI,c Oph
85783,天籥七,Tiānyuè VII,Celestial Keyhole VII,HD158704
85790,赵增一,Zhào zēng I,Zhao Added I,78 Her
85792,杵二[箕宿],Chǔ II,Pestle II (In Winnowing Basket Mansion),α Ara
85805,尚书一,Shàngshū I,Royal Secretary I,f Dra
85819,天棓增一,Tiānbàng zēng I,Celestial Flail Added I,ν1 Dra
85822,勾陈二,Gōuchén II,Curved Array II,δ UMi
85829,天棓二,Tiānbàng II,Celestial Flail II,ν2 Dra
85852,御女三,Yùnǚ III,Maids-in-waiting III,29 Dra
85927,尾宿八,Wěixiù VIII,Tail VIII,λ Sco
85979,候增三,Hòu zēng III,Astrologer Added III,HD159466
85998,候增五,Hòu zēng V,Astrologer Added V,f Oph
86032,候,Hòu,Astrologer,α Oph
86036,天棓增十,Tiānbàng zēng X,Celestial Flail Added X,26 Dra
86041,候增四,Hòu zēng IV,Astrologer Added IV,HIP86041
86060,天籥五,Tiānyuè V,Celestial Keyhole V,52 Oph
86092,杵一[箕宿],Chǔ I,Pestle I (In Winnowing Basket Mansion),σ Ara
86170,尾宿增三,Wěixiù zēng III,Tail Added III,Q Sco
86178,天纪七,Tiānjì VII,Celestial Discipline VII,HD160054
86182,天棓增四,Tiānbàng zēng IV,Celestial Flail Added IV,y Her
86201,尚书增一,Shàngshū zēng I,Royal Secretary Added I,ω Dra
86228,尾宿五,Wěixiù V,Tail V,θ Sco
86254,赵增二,Zhào zēng II,Zhao Added II,79 Her
86263,南海,Nánhǎi,Nanhai,ξ Ser
86284,市楼一,Shìlóu I,Municipal Office I,μ Oph
86352,天籥四,Tiānyuè IV,Celestial Keyhole IV,HD160042
86414,天棓五,Tiānbàng V,Celestial Flail V,ι Her
86565,市楼二,Shìlóu II,Municipal Office II,ο Ser
86614,女史增一,Nǚshǐ zēng I,Female Protocol Added I,ψ Dra
86670,尾宿七,Wěixiù VII,Tail VII,κ Sco
86731,赵增三,Zhào zēng III,Zhao Added III,84 Her
86736,天籥三,Tiānyuè III,Celestial Keyhole III,58 Oph
86742,宗正一,Zōngzhèng I,Official for the Royal Clan I,β Oph
86768,市楼六,Shìlóu VI,Municipal Office VI,HD161056
86831,宗正增一,Zōngzhèng zēng I,Official for the Royal Clan Added I,61 Oph
86929,孔雀一,Kǒngquè I,Peafowl I,η Pav
86974,九河,Jǐuhé,Jiuhe,μ Her
87072,天籥八,Tiānyuè VIII,Celestial Keyhole VIII,3 Sgr
87073,尾宿六,Wěixiù VI,Tail VI,ι1 Sco
87099,天籥二,Tiānyuè II,Celestial Keyhole II,HD161664
87108,宗正二,Zōngzhèng II,Official for the Royal Clan II,γ Oph
87194,九河增一,Jǐuhé zēng I,Jiuhe Added I,87 Her
87212,天棓增二,Tiānbàng zēng II,Celestial Flail Added II,30 Dra
87234,天柱增六,Tiānzhù zēng VI,Celestial Pillar Added VI,35 Dra
87261,傅说,Fùyuè,Fu Yue,G Sco
87280,天棓增三,Tiānbàng zēng III,Celestial Flail Added III,z Her
87472,尾宿增四,Wěixiù zēng IV,Tail Added IV,HD162391
87563,天纪增十四,Tiānjì zēng XIV,Celestial Discipline Added XIV,f Her
87585,天棓一,Tiānbàng I,Celestial Flail I,ξ Dra
87706,天籥一,Tiānyuè I,Celestial Keyhole I,63 Oph
87728,女史,Nǚshǐ,Female Protocol,34 Dra
87808,天纪九,Tiānjì IX,Celestial Discipline IX,θ Her
87833,天棓四,Tiānbàng IV,Celestial Flail IV,γ Dra
87933,中山增一,Zhōngshān zēng I,Zhongshan Added I,ξ Her
87998,中山增二,Zhōngshān zēng II,Zhongshan Added II,ν Her
88048,燕,Yān,Yan,ν Oph
88116,天籥增二,Tiānyuè zēng II,Celestial Keyhole Added II,4 Sgr
88127,天柱五,Tiānzhù V,Celestial Pillar V,40 Dra
88128,帛度增三,Bódù zēng III,Textile Ruler Added III,93 Her
88136,天柱增五,Tiānzhù zēng V,Celestial Pillar Added V,41 Dra
88142,天籥增三,Tiānyuè zēng III,Celestial Keyhole Added III,HD164031
88149,宗人一,Zōngrén I,Official of Religious Ceremonies I,66 Oph
88175,东海增一,Dōnghǎi zēng I,Donghai Added I,ζ Ser
88192,宗人二,Zōngrén II,Official of Religious Ceremonies II,67 Oph
88258,斗宿增一,Dǒuxiù zēng I,Dipper Added I,6 Sgr
88267,帛度一,Bódù I,Textile Ruler I,95 Her
88290,宗人三,Zōngrén III,Official of Religious Ceremonies III,68 Oph
88331,帛度增一,Bódù zēng I,Textile Ruler Added I,96 Her
88346,屠肆增一,Túsì zēng I,Butcher's Shops Added I,97 Her
88380,天籥增四,Tiānyuè zēng IV,Celestial Keyhole Added IV,7 Sgr
88404,市楼三,Shìlóu III,Municipal Office III,τ Oph
88601,宗人四,Zōngrén IV,Official of Religious Ceremonies IV,p Oph
88635,箕宿一,Jīxiù I,Winnowing Basket I,γ2 Sgr
88657,屠肆二,Túsì II,Butcher's Shops II,98 Her
88714,杵增一[箕宿],Chǔ zēng I,Pestle Added I (In Winnowing Basket Mansion),θ Ara
88745,中山增三,Zhōngshān zēng III,Zhongshan Added III,b Her
88765,宗人增二,Zōngrén zēng II,Official of Religious Ceremonies Added II,71 Oph
88771,宗人增一,Zōngrén zēng I,Official of Religious Ceremonies Added I,72 Oph
88794,中山,Zhōngshān,Zhongshan,ο Her
88817,中山增七,Zhōngshān zēng VII,Zhongshan Added VII,100 Her
88866,孔雀二,Kǒngquè II,Peafowl II,π Pav
88886,帛度二,Bódù II,Textile Ruler II,102 Her
88899,帛度增二,Bódù zēng II,Textile Ruler Added II,101 Her
88964,宗人增三,Zōngrén zēng III,Official of Religious Ceremonies Added III,73 Oph
89172,中山增四,Zhōngshān zēng IV,Zhongshan Added IV,A Her
89341,斗宿三,Dǒuxiù III,Dipper III,μ Sgr
89348,扶筐增一,Fúkuāng zēng I,Basket for Mulberry Leaves Added I,36 Dra
89439,斗宿增五,Dǒuxiù zēng V,Dipper Added V,15 Sgr
89448,柱史增二,Zhùshǐ zēng II,Official of Royal Archives Added II,37 Dra
89594,柱史增一,Zhùshǐ zēng I,Official of Royal Archives Added I,38 Dra
89642,箕宿四,Jīxiù IV,Winnowing Basket IV,η Sgr
89773,屠肆增二,Túsì zēng II,Butcher's Shops Added II,105 Her
89826,织女增四,Zhinǚ zēng IV,Weaving Girl Added IV,κ Lyr
89861,屠肆增三,Túsì zēng III,Butcher's Shops Added III,106 Her
89908,柱史,Zhùshǐ,Official of Royal Archives,φ Dra
89918,宗人增四,Zōngrén zēng IV,Official of Religious Ceremonies Added IV,74 Oph
89925,中山增五,Zhōngshān zēng V,Zhongshan Added V,108 Her
89931,箕宿二,Jīxiù II,Winnowing Basket II,δ Sgr
89935,中山增六,Zhōngshān zēng VI,Zhongshan Added VI,t Her
89937,御女四,Yùnǚ IV,Maids-in-waiting IV,χ Dra
89962,东海,Dōnghǎi,Donghai,η Ser
90098,孔雀增二,Kǒngquè zēng II,Peafowl Added II,ξ Pav
90139,屠肆一,Túsì I,Butcher's Shops I,109 Her
90156,扶筐三,Fúkuāng III,Basket for Mulberry Leaves III,b Dra
90185,箕宿三,Jīxiù III,Winnowing Basket III,ε Sgr
90191,织女增三,Zhinǚ zēng III,Weaving Girl Added III,μ Lyr
90289,斗宿增三,Dǒuxiù zēng III,Dipper Added III,21 Sgr
90344,扶筐增二,Fúkuāng zēng II,Basket for Mulberry Leaves Added II,42 Dra
90422,鳖一,Biē I,River Turtle I,α Tel
90441,东海增二,Dōnghǎi zēng II,Donghai Added II,d Ser
90496,斗宿二,Dǒuxiù II,Dipper II,λ Sgr
90642,东海增四,Dōnghǎi zēng IV,Donghai Added IV,c Ser
90797,孔雀三,Kǒngquè III,Peafowl III,ν Pav
90844,东海增三,Dōnghǎi zēng III,Donghai Added III,61 Ser
90905,扶筐二,Fúkuāng II,Basket for Mulberry Leaves II,d Dra
90968,鳖十,Biē X,River Turtle X,κ2 CrA
90982,鳖十一,Biē XI,River Turtle XI,θ CrA
91117,天弁一,Tiānbiàn I,Market Officer I,α Sct
91262,织女,Zhinǚ,Weaving Girl,α Lyr
91689,斗宿增四,Dǒuxiù zēng IV,Dipper Added IV,26 Sgr
91726,天弁二,Tiānbiàn II,Market Officer II,δ Sct
91755,扶筐一,Fúkuāng I,Basket for Mulberry Leaves I,c Dra
91792,孔雀八,Kǒngquè VIII,Peafowl VIII,ζ Pav
91845,天弁三,Tiānbiàn III,Market Officer III,ε Sct
91918,农丈人,Nóngzhàngrén,Peasant,HD172910
91919,织女二,Zhinǚ II,Weaving Girl II,ε1 Lyr
91926,织女增二,Zhinǚ zēng II,Weaving Girl Added II,ε2 Lyr
91971,织女三,Zhinǚ III,Weaving Girl III,ζ1 Lyr
91973,织女增一,Zhinǚ zēng I,Weaving Girl Added I,ζ2 Lyr
91975,徐增一,Xú zēng I,Xu Added I,4 Aql
92024,孔雀增一,Kǒngquè zēng I,Peafowl Added I,HD172555
92041,斗宿一,Dǒuxiù I,Dipper I,φ Sgr
92043,宗一,Zōng I,Patriarchal Clan I,110 Her
92112,御女二,Yùnǚ II,Maids-in-waiting II,50 Dra
92117,天弁增一,Tiānbiàn zēng I,Market Officer Added I,5 Aql
92161,宗二,Zōng II,Patriarchal Clan II,111 Her
92175,天弁四,Tiānbiàn IV,Market Officer IV,β Sct
92308,鳖二,Biē II,River Turtle II,η1 CrA
92390,建增一,Jiàn zēng I,Establishment Added I,29 Sgr
92398,渐台增六,Jiàntái zēng VI,Clepsydra Terrace Added VI,ν1 Lyr
92405,渐台增五,Jiàntái zēng V,Clepsydra Terrace Added V,ν Lyr
92420,渐台二,Jiàntái II,Clepsydra Terrace II,β Lyr
92480,建增五,Jiàn zēng V,Establishment Added V,30 Sgr
92488,天弁增六,Tiānbiàn zēng VI,Market Officer Added VI,HD174464
92501,天弁增二,Tiānbiàn zēng II,Market Officer Added II,HD174532
92512,扶筐四,Fúkuāng IV,Basket for Mulberry Leaves IV,ο Dra
92524,天弁增三,Tiānbiàn zēng III,Market Officer Added III,8 Aql
92602,建增四,Jiàn zēng IV,Establishment Added IV,HD174596
92609,孔雀四,Kǒngquè IV,Peafowl IV,λ Pav
92614,齐,Qí,Qi,112 Her
92728,渐台增一,Jiàntái zēng I,Clepsydra Terrace Added I,δ1 Lyr
92747,建增三,Jiàn zēng III,Establishment Added III,33 Sgr
92761,建增六,Jiàn zēng VI,Establishment Added VI,ν1 Sgr
92782,少弼,Shàobì,The Second Protector,υ Dra
92791,渐台一,Jiàntái I,Clepsydra Terrace I,δ2 Lyr
92818,齐增一,Qí zēng I,Qi Added I,113 Her
92845,建增七,Jiàn zēng VII,Establishment Added VII,ν2 Sgr
92855,斗宿四,Dǒuxiù IV,Dipper IV,σ Sgr
92862,辇道一,Niǎndào I,Imperial Passageway I,13 Lyr
92872,徐增二,Xú zēng II,Xu Added II,62 Ser
92946,徐,Xú,Xu,θ1 Ser
92989,鳖九,Biē IX,River Turtle IX,V0686 CrA
92997,扶筐五,Fúkuāng V,Basket for Mulberry Leaves V,48 Dra
93015,孔雀五,Kǒngquè V,Peafowl V,κ Pav
93026,天弁五,Tiānbiàn V,Market Officer V,η Sct
93051,徐增四,Xú zēng IV,Xu Added IV,64 Ser
93057,建增二,Jiàn zēng II,Establishment Added II,ξ1 Sgr
93085,建一,Jiàn I,Establishment I,ξ2 Sgr
93163,孔雀增三,Kǒngquè zēng III,Peafowl Added III,ω Pav
93174,鳖八,Biē VIII,River Turtle VIII,ε CrA
93179,吴越增二,Wúyuè zēng II,Wuyue Added II,10 Aql
93194,渐台三,Jiàntái III,Clepsydra Terrace III,γ Lyr
93203,吴越增三,Wúyuè zēng III,Wuyue Added III,11 Aql
93244,吴越增一,Wúyuè zēng I,Wuyue Added I,ε Aql
93279,渐台增四,Jiàntái zēng IV,Clepsydra Terrace Added IV,λ Lyr
93340,扶筐六,Fúkuāng VI,Basket for Mulberry Leaves VI,49 Dra
93408,辇道增一,Niǎndào zēng I,Imperial Passageway Added I,16 Lyr
93429,天弁六,Tiānbiàn VI,Market Officer VI,i Aql
93506,斗宿六,Dǒuxiù VI,Dipper VI,ζ Sgr
93526,天弁九,Tiānbiàn IX,Market Officer IX,g Aql
93542,鳖三,Biē III,River Turtle III,ζ CrA
93683,建二,Jiàn II,Establishment II,ο Sgr
93713,扶筐七,Fúkuāng VII,Basket for Mulberry Leaves VII,51 Dra
93717,天弁八,Tiānbiàn VIII,Market Officer VIII,h Aql
93747,吴越,Wúyuè,Wuyue,ζ Aql
93805,天弁七,Tiānbiàn VII,Market Officer VII,λ Aql
93825,鳖七,Biē VII,River Turtle VII,γ CrA
93864,斗宿五,Dǒuxiù V,Dipper V,τ Sgr
93867,吴越增四,Wúyuè zēng IV,Wuyue Added IV,18 Aql
93903,渐台四,Jiàntái IV,Clepsydra Terrace IV,ι Lyr
93917,渐台增三,Jiàntái zēng III,Clepsydra Terrace Added III,17 Lyr
93975,齐增九,Qí zēng IX,Qi Added IX,HD178476
94005,鳖四,Biē IV,River Turtle IV,δ CrA
94068,徐增三,Xú zēng III,Xu Added III,19 Aql
94083,天柱增一,Tiānzhù zēng I,Celestial Pillar Added I,59 Dra
94114,鳖六,Biē VI,River Turtle VI,α CrA
94140,天厨增一,Tiānchú zēng I,Celestial Kitchen Added I,55 Dra
94141,建三,Jiàn III,Establishment III,π Sgr
94160,鳖五,Biē V,River Turtle V,β CrA
94302,扶筐增四,Fúkuāng zēng IV,Basket for Mulberry Leaves Added IV,53 Dra
94376,天厨一,Tiānchú I,Celestial Kitchen I,δ Dra
94382,齐增十,Qí zēng X,Qi Added X,HD179648
94385,天弁增四,Tiānbiàn zēng IV,Market Officer Added IV,20 Aql
94477,右旗增二,Yòuqí zēng II,Right Flag Added II,21 Aql
94481,辇道增二,Niǎndào zēng II,Imperial Passageway Added II,η Lyr
94484,渐台增七,Jiàntái zēng VII,Clepsydra Terrace Added VII,HIP94484
94490,扶筐增三,Fúkuāng zēng III,Basket for Mulberry Leaves Added III,54 Dra
94620,齐增二,Qí zēng II,Qi Added II,1 Sge
94643,狗增六,Gǒu zēng VI,Dog Added VI,ψ Sgr
94648,御女一,Yùnǚ I,Maids-in-waiting I,τ Dra
94703,齐增三,Qí zēng III,Qi Added III,1 Vul
94713,辇道三,Niǎndào III,Imperial Passageway III,θ Lyr
94727,右旗增一,Yòuqí zēng I,Right Flag Added I,22 Aql
94779,奚仲一,Xīzhòng I,Xi Zhong I,κ Cyg
94820,建四,Jiàn IV,Establishment IV,d Sgr
94823,建增九,Jiàn zēng IX,Establishment Added IX,HD180562
94827,齐增四,Qí zēng IV,Qi Added IV,2 Vul
94834,吴越增五,Wúyuè zēng V,Wuyue Added V,ω1 Aql
94859,建增十,Jiàn zēng X,Establishment Added X,HD180699
94982,吴越增六,Wúyuè zēng VI,Wuyue Added VI,A Aql
95066,天弁增五,Tiānbiàn zēng V,Market Officer Added V,f Aql
95073,右旗增三,Yòuqí zēng III,Right Flag Added III,d Aql
95081,天厨六,Tiānchú VI,Celestial Kitchen VI,π Dra
95168,建五,Jiàn V,Establishment V,ρ1 Sgr
95176,建六,Jiàn VI,Establishment VI,υ Sgr
95188,建增八,Jiàn zēng VIII,Establishment Added VIII,ρ2 Sgr
95241,天渊二,Tiānyuān II,Celestial Spring II,β1 Sgr
95260,齐增八,Qí zēng VIII,Qi Added VIII,3 Vul
95294,天渊一,Tiānyuān I,Celestial Spring I,β2 Sgr
95347,天渊三,Tiānyuān III,Celestial Spring III,α Sgr
95372,辇道增八,Niǎndào zēng VIII,Imperial Passageway Added VIII,2 Cyg
95398,左旗增三,Zuǒqí zēng III,Left Flag Added III,2 Sge
95435,左旗增二,Zuǒqí zēng II,Left Flag Added II,3 Sge
95447,吴越增七,Wúyuè zēng VII,Wuyue Added VII,b Aql
95477,狗二,Gǒu II,Dog II,χ1 Sgr
95486,狗增五,Gǒu zēng V,Dog Added V,HIP95486
95492,齐增七,Qí zēng VII,Qi Added VII,HD182807
95498,左旗增四,Zuǒqí zēng IV,Left Flag Added IV,4 Vul
95501,右旗三,Yòuqí III,Right Flag III,δ Aql
95503,狗增七,Gǒu zēng VII,Dog Added VII,χ3 Sgr
95556,辇道四,Niǎndào IV,Imperial Passageway IV,4 Cyg
95560,左旗增五,Zuǒqí zēng V,Left Flag Added V,5 Vul
95564,狗增三,Gǒu zēng III,Dog Added III,50 Sgr
95585,右旗四,Yòuqí IV,Right Flag IV,ν Aql
95656,奚仲增一,Xīzhòng zēng I,Xi Zhong Added I,7 Cyg
95744,齐增六,Qí zēng VI,Qi Added VI,HIP95744
95771,齐增五,Qí zēng V,Qi Added V,α Vul
95785,齐增十一,Qí zēng XI,Qi Added XI,8 Vul
95793,右旗增四,Yòuqí zēng IV,Right Flag Added IV,c Aql
95818,左旗增六,Zuǒqí zēng VI,Left Flag Added VI,7 Vul
95853,奚仲二,Xīzhòng II,Xi Zhong II,ι Cyg
95937,右旗增八,Yòuqí zēng VIII,Right Flag Added VIII,e Aql
95947,辇道增七,Niǎndào zēng VII,Imperial Passageway Added VII,β1 Cyg
96052,辇道增九,Niǎndào zēng IX,Imperial Passageway Added IX,8 Cyg
96081,齐增十二,Qí zēng XII,Qi Added XII,HD184151
96100,天厨二,Tiānchú II,Celestial Kitchen II,σ Dra
96229,右旗一,Yòuqí I,Right Flag I,μ Aql
96275,左旗增七,Zuǒqí zēng VII,Left Flag Added VII,9 Vul
96327,右旗增十,Yòuqí zēng X,Right Flag Added X,37 Aql
96387,辇道增三,Niǎndào zēng III,Imperial Passageway Added III,11 Cyg
96392,右旗六,Yòuqí VI,Right Flag VI,HD184701
96406,狗增一,Gǒu zēng I,Dog Added I,h1 Sgr
96441,奚仲三,Xīzhòng III,Xi Zhong III,θ Cyg
96465,狗一,Gǒu I,Dog I,h2 Sgr
96468,右旗增六,Yòuqí zēng VI,Right Flag Added VI,ι Aql
96483,右旗八,Yòuqí VIII,Right Flag VIII,κ Aql
96516,左旗增一,Zuǒqí zēng I,Left Flag Added I,ε Sge
96556,右旗七,Yòuqí VII,Right Flag VII,42 Aql
96665,右旗二,Yòuqí II,Right Flag II,σ Aql
96683,辇道增六,Niǎndào zēng VI,Imperial Passageway Added VI,φ Cyg
96693,天津增一,Tiānjīn zēng I,Celestial Ford Added I,14 Cyg
96729,狗增二,Gǒu zēng II,Dog Added II,53 Sgr
96757,左旗一,Zuǒqí I,Left Flag I,α Sge
96807,右旗增五,Yòuqí zēng V,Right Flag Added V,45 Aql
96808,天鸡增一,Tiānjī zēng I,Celestial Cock Added I,e1 Sgr
96837,左旗二,Zuǒqí II,Left Flag II,β Sge
96895,奚仲四,Xīzhòng IV,Xi Zhong IV,c Cyg
96931,河鼓增二,Hégǔ zēng II,Drum at the River Added II,46 Aql
96950,天鸡一,Tiānjī I,Celestial Cock I,e2 Sgr
96957,河鼓增三,Hégǔ zēng III,Drum at the River Added III,χ Aql
97077,左旗增八,Zuǒqí zēng VIII,Left Flag Added VIII,10 Vul
97118,辇道增四,Niǎndào zēng IV,Imperial Passageway Added IV,15 Cyg
97139,河鼓增一,Hégǔ zēng I,Drum at the River Added I,ψ Aql
97165,天津二,Tiānjīn II,Celestial Ford II,δ Cyg
97229,河鼓增九,Hégǔ zēng IX,Drum at the River Added IX,υ Aql
97278,河鼓三,Hégǔ III,Drum at the River III,γ Aql
97290,天鸡二,Tiānjī II,Celestial Cock II,f Sgr
97295,辇道五,Niǎndào V,Imperial Passageway V,17 Cyg
97365,左旗三,Zuǒqí III,Left Flag III,δ Sge
97433,天厨三,Tiānchú III,Celestial Kitchen III,ε Dra
97473,河鼓增四,Hégǔ zēng IV,Drum at the River Added IV,π Aql
97496,左旗四,Zuǒqí IV,Left Flag IV,ζ Sge
97572,左旗增九,Zuǒqí zēng IX,Left Flag Added IX,V0379 Vul
97630,天津增二,Tiānjīn zēng II,Celestial Ford Added II,19 Cyg
97635,奚仲增二,Xīzhòng zēng II,Xi Zhong Added II,d Cyg
97649,牛郎,Niúláng,Cowboy,α Aql
97650,右旗增十一,Yòuqí zēng XI,Right Flag Added XI,51 Aql
97675,河鼓增五,Hégǔ zēng V,Drum at the River Added V,ο Aql
97679,左旗增十八,Zuǒqí zēng XVIII,Left Flag Added XVIII,12 Vul
97783,天鸡增二,Tiānjī zēng II,Celestial Cock Added II,57 Sgr
97796,左旗增廿九,Zuǒqí zēng XXIX,Left Flag Added XXIX,9 Sge
97804,天桴四,Tiānfú IV,Celestial Drumstick IV,η Aql
97816,波斯一,Bōsī I,Persia I,HD187420
97870,奚仲增七,Xīzhòng zēng VII,Xi Zhong Added VII,23 Cyg
97886,左旗增十七,Zuǒqí zēng XVII,Left Flag Added XVII,13 Vul
97928,右旗九,Yòuqí IX,Right Flag IX,56 Aql
97938,河鼓增八,Hégǔ zēng VIII,Drum at the River Added VIII,ξ Aql
97966,右旗增十二,Yòuqí zēng XII,Right Flag Added XII,57 Aql
97980,天桴三,Tiānfú III,Celestial Drumstick III,58 Aql
98032,天渊增一,Tiānyuān zēng I,Celestial Spring Added I,ι Sgr
98036,河鼓一,Hégǔ I,Drum at the River I,β Aql
98066,狗国一,Gǒuguó I,Territory of Dog I,ω Sgr
98068,天津增三,Tiānjīn zēng III,Celestial Ford Added III,22 Cyg
98073,奚仲增五,Xīzhòng zēng V,Xi Zhong Added V,HD189276
98085,左旗增廿八,Zuǒqí zēng XXVIII,Left Flag Added XXVIII,10 Sge
98103,河鼓增六,Hégǔ zēng VI,Drum at the River Added VI,φ Aql
98110,辇道增五,Niǎndào zēng V,Imperial Passageway Added V,η Cyg
98162,狗国四,Gǒuguó IV,Territory of Dog IV,b1 Sgr
98234,左旗七,Zuǒqí VII,Left Flag VII,11 Sge
98258,天鸡增三,Tiānjī zēng III,Celestial Cock Added III,g Sgr
98337,左旗五,Zuǒqí V,Left Flag V,γ Sge
98353,狗国二,Gǒuguó II,Territory of Dog II,A Sgr
98375,左旗增十九,Zuǒqí zēng XIX,Left Flag Added XIX,14 Vul
98401,天柱三,Tiānzhù III,Celestial Pillar III,69 Dra
98412,天渊增二,Tiānyuān zēng II,Celestial Spring Added II,θ1 Sgr
98421,狗国增二,Gǒuguó zēng II,Territory of Dog Added II,θ2 Sgr
98425,天津增四,Tiānjīn zēng IV,Celestial Ford Added IV,25 Cyg
98438,左旗六,Zuǒqí VI,Left Flag VI,13 Sge
98495,孔雀九,Kǒngquè IX,Peafowl IX,ε Pav
98543,左旗增十,Zuǒqí zēng X,Left Flag Added X,15 Vul
98571,奚仲增三,Xīzhòng zēng III,Xi Zhong Added III,e Cyg
98583,天厨五,Tiānchú V,Celestial Kitchen V,e Dra
98609,左旗增卅,Zuǒqí zēng XXX,Left Flag Added XXX,HD189944
98633,牛宿增一,Niúxiù zēng I,Ox Added I,63 Sgr
98636,左旗增十六,Zuǒqí zēng XVI,Left Flag Added XVI,16 Vul
98658,天厨增二,Tiānchú zēng II,Celestial Kitchen Added II,65 Dra
98688,狗国三,Gǒuguó III,Territory of Dog III,c Sgr
98702,天厨四,Tiānchú IV,Celestial Kitchen IV,ρ Dra
98754,左旗八,Zuǒqí VIII,Left Flag VIII,14 Sge
98761,天渊增三,Tiānyuān zēng III,Celestial Spring Added III,HD189831
98819,左旗增廿七,Zuǒqí zēng XXVII,Left Flag Added XXVII,15 Sge
98823,河鼓增七,Hégǔ zēng VII,Drum at the River Added VII,τ Aql
98842,狗国增一,Gǒuguó zēng I,Territory of Dog Added I,HD190056
98844,天桴二,Tiānfú II,Celestial Drumstick II,62 Aql
98910,牛宿增三,Niúxiù zēng III,Ox Added III,V1401 Aql
98920,左旗增廿六,Zuǒqí zēng XXVI,Left Flag Added XXVI,η Sge
98953,牛宿增二,Niúxiù zēng II,Ox Added II,65 Sgr
98962,天钩增一,Tiāngōu zēng I,Celestial Hook Added I,66 Dra
99031,天津增五,Tiānjīn zēng V,Celestial Ford Added V,b1 Cyg
99080,左旗增廿,Zuǒqí zēng XX,Left Flag Added XX,17 Vul
99171,天桴增一,Tiānfú zēng I,Celestial Drumstick Added I,64 Aql
99240,孔雀六,Kǒngquè VI,Peafowl VI,δ Pav
99255,天柱增二,Tiānzhù zēng II,Celestial Pillar Added II,κ Cep
99303,天津增六,Tiānjīn zēng VI,Celestial Ford Added VI,b2 Cyg
99352,左旗增廿五,Zuǒqí zēng XXV,Left Flag Added XXV,θ Sge
99404,左旗增十三,Zuǒqí zēng XIII,Left Flag Added XIII,18 Vul
99461,狗国增三,Gǒuguó zēng III,Territory of Dog Added III,HD191408
99473,天桴一,Tiānfú I,Celestial Drumstick I,θ Aql
99500,天钩增二,Tiāngōu zēng II,Celestial Hook Added II,68 Dra
99518,左旗增十四,Zuǒqí zēng XIV,Left Flag Added XIV,19 Vul
99529,牛宿增四,Niúxiù zēng IV,Ox Added IV,ξ1 Cap
99531,左旗增十五,Zuǒqí zēng XV,Left Flag Added XV,20 Vul
99572,牛宿三,Niúxiù III,Ox III,ξ Cap
99631,天桴增二,Tiānfú zēng II,Celestial Drumstick Added II,66 Aql
99639,天津三,Tiānjīn III,Celestial Ford III,30 Cyg
99655,奚仲增四,Xīzhòng zēng IV,Xi Zhong Added IV,33 Cyg
99675,天津增卅八,Tiānjīn zēng XXXVIII,Celestial Ford Added XXXVIII,ο1 Cyg
99731,天钩二,Tiāngōu II,Celestial Hook II,HIP99731
99738,左旗增十一,Zuǒqí zēng XI,Left Flag Added XI,21 Vul
99742,左旗九,Zuǒqí IX,Left Flag IX,ρ Aql
99770,天津增七,Tiānjīn zēng VII,Celestial Ford Added VII,b3 Cyg
99825,牛宿增十,Niúxiù zēng X,Ox Added X,HD192310
99848,天津增卅七,Tiānjīn zēng XXXVII,Celestial Ford Added XXXVII,ο2 Cyg
99853,左旗增廿三,Zuǒqí zēng XXIII,Left Flag Added XXIII,22 Vul
99874,左旗增十二,Zuǒqí zēng XII,Left Flag Added XII,23 Vul
99913,左旗增廿四,Zuǒqí zēng XXIV,Left Flag Added XXIV,18 Sge
99918,牛宿增五,Niúxiù zēng V,Ox Added V,3 Cap
99951,左旗增廿一,Zuǒqí zēng XXI,Left Flag Added XXI,24 Vul
100027,牛宿增六,Niúxiù zēng VI,Ox Added VI,α1 Cap
100044,天津增九,Tiānjīn zēng IX,Celestial Ford Added IX,P Cyg
100062,牛宿增九,Niúxiù zēng IX,Ox Added IX,4 Cap
100064,牛宿二,Niúxiù II,Ox II,α2 Cap
100108,天津增八,Tiānjīn zēng VIII,Celestial Ford Added VIII,36 Cyg
100122,天津增十四,Tiānjīn zēng XIV,Celestial Ford Added XIV,35 Cyg
100195,牛宿增八,Niúxiù zēng VIII,Ox Added VIII,σ Cap
100221,天钩增四,Tiāngōu zēng IV,Celestial Hook Added IV,71 Dra
100310,牛宿增十一,Niúxiù zēng XI,Ox Added XI,ν Cap
100325,牛宿增十二,Niúxiù zēng XII,Ox Added XII,β2 Cap
100345,牛宿一,Niúxiù I,Ox I,β Cap
100435,左旗增廿二,Zuǒqí zēng XXII,Left Flag Added XXII,25 Vul
100453,天津一,Tiānjīn I,Celestial Ford I,γ Cyg
100587,天津增十五,Tiānjīn zēng XV,Celestial Ford Added XV,39 Cyg
100751,孔雀十一,Kǒngquè XI,Peafowl XI,α Pav
100859,天津增卅六,Tiānjīn zēng XXXVI,Celestial Ford Added XXXVI,43 Cyg
100881,牛宿增十三,Niúxiù zēng XIII,Ox Added XIII,π Cap
100907,天津增十,Tiānjīn zēng X,Celestial Ford Added X,40 Cyg
100965,天柱增四,Tiānzhù zēng IV,Celestial Pillar Added IV,75 Dra
100977,离珠增一,Lízhū zēng I,Pearls on Ladies' Wear Added I,68 Aql
101027,牛宿六,Niúxiù VI,Ox VI,ρ Cap
101040,牛宿增十四,Niúxiù zēng XIV,Ox Added XIV,HD194960
101067,天津增十二,Tiānjīn zēng XII,Celestial Ford Added XII,42 Cyg
101076,天津增十六,Tiānjīn zēng XVI,Celestial Ford Added XVI,41 Cyg
101082,天柱增三,Tiānzhù zēng III,Celestial Pillar Added III,74 Dra
101093,天钩三,Tiāngōu III,Celestial Hook III,θ Cep
101101,离珠四,Lízhū IV,Pearls on Ladies' Wear IV,69 Aql
101123,牛宿五,Niúxiù V,Ox V,ο Cap
101138,天津增卅五,Tiānjīn zēng XXXV,Celestial Ford Added XXXV,ω1 Cyg
101160,败瓜增一,Bàiguā zēng I,Rotten Gourd Added I,1 Del
101214,天津增十一,Tiānjīn zēng XI,Celestial Ford Added XI,44 Cyg
101243,天津增卅四,Tiānjīn zēng XXXIV,Celestial Ford Added XXXIV,ω2 Cyg
101260,上卫,Shàngwèi,The Great Imperial Guard,73 Dra
101421,败瓜一,Bàiguā I,Rotten Gourd I,ε Del
101474,天津增十三,Tiānjīn zēng XIII,Celestial Ford Added XIII,47 Cyg
101483,败瓜二,Bàiguā II,Rotten Gourd II,η Del
101589,瓠瓜五,Hùguā V,Good Gourd V,ζ Del
101641,天津增廿一,Tiānjīn zēng XXI,Celestial Ford Added XXI,26 Vul
101692,离珠一,Lízhū I,Pearls on Ladies' Wear I,70 Aql
101716,天津增廿,Tiānjīn zēng XX,Celestial Ford Added XX,27 Vul
101751,罗堰增一,Luóyàn zēng I,Network of Dykes Added I,τ1 Cap
101765,天津增十七,Tiānjīn zēng XVII,Celestial Ford Added XVII,48 Cyg
101769,瓠瓜四,Hùguā IV,Good Gourd IV,β Del
101772,波斯二,Bōsī II,Persia II,α Ind
101800,败瓜四,Bàiguā IV,Rotten Gourd IV,ι Del
101847,离珠二,Lízhū II,Pearls on Ladies' Wear II,l Aql
101867,瓠瓜增五,Hùguā zēng V,Good Gourd Added V,29 Vul
101868,天津增廿二,Tiānjīn zēng XXII,Celestial Ford Added XXII,28 Vul
101882,败瓜三,Bàiguā III,Rotten Gourd III,θ Del
101909,瓠瓜增六,Hùguā zēng VI,Good Gourd Added VI,HD196775
101916,败瓜五,Bàiguā V,Rotten Gourd V,κ Del
101923,罗堰一,Luóyàn I,Network of Dykes I,τ Cap
101936,离珠三,Lízhū III,Pearls on Ladies' Wear III,1 Aqr
101958,瓠瓜一,Hùguā I,Good Gourd I,α Del
101984,罗堰二,Luóyàn II,Network of Dykes II,υ Cap
102066,天津增十八,Tiānjīn zēng XVIII,Celestial Ford Added XVIII,49 Cyg
102080,瓠瓜增一,Hùguā zēng I,Good Gourd Added I,10 Del
102098,天津四,Tiānjīn IV,Celestial Ford IV,α Cyg
102177,车府增一,Chēfǔ zēng I,Big Yard for Chariots Added I,51 Cyg
102208,天柱一,Tiānzhù I,Celestial Pillar I,76 Dra
102253,天钩一,Tiāngōu I,Celestial Hook I,4 Cep
102281,瓠瓜三,Hùguā III,Good Gourd III,δ Del
102333,波斯九,Bōsī IX,Persia IX,η Ind
102388,天津增廿三,Tiānjīn zēng XXIII,Celestial Ford Added XXIII,30 Vul
102395,孔雀七,Kǒngquè VII,Peafowl VII,β Pav
102422,天钩四,Tiāngōu IV,Celestial Hook IV,η Cep
102431,螣蛇增一,Téngshé zēng I,Flying Serpent Added I,υ1 Cep
102453,天津增十九,Tiānjīn zēng XIX,Celestial Ford Added XIX,52 Cyg
102485,天田四[牛宿],Tiāntián IV,Celestial Farmland IV (In Ox Mansion),ψ Cap
102487,罗堰三,Luóyàn III,Network of Dykes III,17 Cap
102488,天津九,Tiānjīn IX,Celestial Ford IX,ε Cyg
102532,瓠瓜增七,Hùguā zēng VII,Good Gourd Added VII,γ2 Del
102571,天津增四十,Tiānjīn zēng XL,Celestial Ford Added XL,T Cyg
102589,天津增卅,Tiānjīn zēng XXX,Celestial Ford Added XXX,λ Cyg
102618,女宿一,Nǚxiù I,Girl I,ε Aqr
102624,女宿四,Nǚxiù IV,Girl IV,k Aqr
102633,败瓜增三,Bàiguā zēng III,Rotten Gourd Added III,13 Del
102724,天津增卅三,Tiānjīn zēng XXXIII,Celestial Ford Added XXXIII,55 Cyg
102805,瓠瓜增二,Hùguā zēng II,Good Gourd Added II,15 Del
102819,败瓜增二,Bàiguā zēng II,Rotten Gourd Added II,14 Del
102843,天津增卅一,Tiānjīn zēng XXXI,Celestial Ford Added XXXI,56 Cyg
102945,女宿三,Nǚxiù III,Girl III,4 Aqr
102950,波斯十一*,Bōsī XI*,Persia XI*,ι Ind
102978,天田二[牛宿],Tiāntián II,Celestial Farmland II (In Ox Mansion),ω Cap
103004,天津增廿四,Tiānjīn zēng XXIV,Celestial Ford Added XXIV,31 Vul
103005,女宿增一,Nǚxiù zēng I,Girl Added I,5 Aqr
103045,女宿二,Nǚxiù II,Girl II,μ Aqr
103089,天津增卅二,Tiānjīn zēng XXXII,Celestial Ford Added XXXII,57 Cyg
103200,天津增廿五,Tiānjīn zēng XXV,Celestial Ford Added XXV,32 Vul
103226,越,Yuè,Yue State (In Twelve States),19 Cap
103227,孔雀增四,Kǒngquè zēng IV,Peafowl Added IV,β Ind
103294,瓠瓜增八,Hùguā zēng VIII,Good Gourd Added VIII,17 Del
103298,瓠瓜增三,Hùguā zēng III,Good Gourd Added III,16 Del
103401,女宿增五,Nǚxiù zēng V,Girl Added V,7 Aqr
103413,天津五,Tiānjīn V,Celestial Ford V,ν Cyg
103511,人增一,Rén zēng I,Humans Added I,33 Vul
103527,司非增二,Sīfēi zēng II,Deified Judge of Right and Wrong  Added II,18 Del
103569,虚宿增四,Xūxiù zēng IV,Emptiness Added IV,ε Equ
103616,郑,Zhèng,Zheng State (In Twelve States),20 Cap
103632,车府五,Chēfǔ V,Big Yard for Chariots V,f1 Cyg
103640,天垒城九,Tiānlěichéng IX,Celestial Ramparts IX,HD199828
103681,女宿增三,Nǚxiù zēng III,Girl Added III,HD199944
103682,女宿增二,Nǚxiù zēng II,Girl Added II,11 Aqr
103703,周二,Zhōu II,Zhou State II (In Twelve States),HD199947
103728,天垒城八,Tiānlěichéng VIII,Celestial Ramparts VIII,HD200004
103732,车府增二,Chēfǔ zēng II,Big Yard for Chariots Added II,60 Cyg
103738,离瑜增一,Líyú zēng I,Jade Ornament on Ladies' Wear Added I,γ Mic
103813,虚宿增一,Xūxiù zēng I,Emptiness Added I,λ Equ
103981,女宿增四,Nǚxiù zēng IV,Girl Added IV,12 Aqr
104019,周一,Zhōu I,Zhou State I (In Twelve States),η Cap
104031,虚宿增三,Xūxiù zēng III,Emptiness Added III,3 Equ
104043,蛇尾四,Shéwěi IV,Snake's Tail IV,α Oct
104060,车府六,Chēfǔ VI,Big Yard for Chariots VI,ξ Cyg
104101,虚宿增二,Xūxiù zēng II,Emptiness Added II,4 Equ
104105,天柱二,Tiānzhù II,Celestial Pillar II,77 Dra
104139,秦一,Qín I,Qin State I (In Twelve States),θ Cap
104174,离瑜增二,Líyú zēng II,Jade Ornament on Ladies' Wear Added II,2 PsA
104194,车府增三,Chēfǔ zēng III,Big Yard for Chariots Added III,f2 Cyg
104217,天津增廿九,Tiānjīn zēng XXIX,Celestial Ford Added XXIX,61 Cyg
104234,天田三[牛宿],Tiāntián III,Celestial Farmland III (In Ox Mansion),A Cap
104365,齐,Qí,Qi State (In Twelve States),χ Cap
104429,赵一,Zhào I,Zhao State I (In Twelve States),HD201301
104452,赵二,Zhào II,Zhao State II (In Twelve States),27 Cap
104459,天垒城增二,Tiānlěichéng zēng II,Celestial Ramparts Added II,ν Aqr
104521,司非一,Sīfēi I,Deified Judge of Right and Wrong  I,γ Equ
104538,司非增三,Sīfēi zēng III,Deified Judge of Right and Wrong  Added III,6 Equ
104680,九坎二*,Nine Water Wells II*,Nine Water Wells II*,NSV 25 506
104732,天津八,Tiānjīn VIII,Celestial Ford VIII,ζ Cyg
104750,天田一[牛宿],Tiāntián I,Celestial Farmland I (In Ox Mansion),3 PsA
104858,司非二,Sīfēi II,Deified Judge of Right and Wrong  II,δ Equ
104887,天津六,Tiānjīn VI,Celestial Ford VI,τ Cyg
104963,楚,Chǔ,Chu State (In Twelve States),φ Cap
104974,天垒城七,Tiānlěichéng VII,Celestial Ramparts VII,29 Cap
104987,虚宿二,Xūxiù II,Emptiness II,α Equ
105019,天垒城十一,Tiānlěichéng XI,Celestial Ramparts XI,IW Aqr
105064,螣蛇六*,Téngshé VI*,Flying Serpent VI*,HD202923
105102,天津增廿八,Tiānjīn zēng XXVIII,Celestial Ford Added XXVIII,σ Cyg
105138,天津七,Tiānjīn VII,Celestial Ford VII,υ Cyg
105140,离瑜二,Líyú II,Jade Ornament on Ladies' Wear II,ε Mic
105143,秦二,Qín II,Qin State II (In Twelve States),30 Cap
105164,虚宿增五,Xūxiù zēng V,Emptiness Added V,15 Aqr
105199,天钩五,Tiāngōu V,Celestial Hook V,α Cep
105268,天钩增六,Tiāngōu zēng VI,Celestial Hook Added VI,6 Cep
105412,虚宿增六,Xūxiù zēng VI,Emptiness Added VI,16 Aqr
105413,司危二,Sīwēi II,Deified Judge of Disaster and Good Fortune II,9 Equ
105502,人二,Rén II,Humans II,1 Peg
105515,代一,Dài I,Dai State I (In Twelve States),ι Cap
105570,司危一,Sīwēi I,Deified Judge of Disaster and Good Fortune I,β Equ
105574,天垒城十二,Tiānlěichéng XII,Celestial Ramparts XII,17 Aqr
105665,魏,Wèi,Wei State (In Twelve States),33 Cap
105668,天垒城六,Tiānlěichéng VI,Celestial Ramparts VI,18 Aqr
105729,虚宿增八,Xūxiù zēng VIII,Emptiness Added VIII,20 Aqr
105761,天垒城十三,Tiānlěichéng XIII,Celestial Ramparts XIII,19 Aqr
105767,虚宿增七,Xūxiù zēng VII,Emptiness Added VII,21 Aqr
105811,天津增廿六,Tiānjīn zēng XXVI,Celestial Ford Added XXVI,69 Cyg
105858,孔雀十,Kǒngquè X,Peafowl X,γ Pav
105881,燕,Yān,Yan State (In Twelve States),ζ Cap
105928,韩,Hán,Han State (In Twelve States),35 Cap
105942,天津增廿七,Tiānjīn zēng XXVII,Celestial Ford Added XXVII,70 Cyg
105972,天钩增七,Tiāngōu zēng VII,Celestial Hook Added VII,7 Cep
106032,上卫增一,Shàngwèi zēng I,The Great Imperial Guard Added I,β Cep
106039,晋,Jìn,Jin State (In Twelve States),b Cap
106065,波斯四*,Bōsī IV*,Persia IV*,HD204228
106067,离瑜三,Líyú III,Jade Ornament on Ladies' Wear III,5 PsA
106085,天钩增八*,Tiāngōu zēng VIII*,Celestial Hook Added VIII*,HD205022
106093,车府增四,Chēfǔ zēng IV,Big Yard for Chariots Added IV,g Cyg
106140,人一,Rén I,Humans I,2 Peg
106278,虚宿一,Xūxiù I,Emptiness I,β Aqr
106340,离瑜增三,Líyú zēng III,Jade Ornament on Ladies' Wear Added III,6 PsA
106481,车府四,Chēfǔ IV,Big Yard for Chariots IV,ρ Cyg
106551,车府增八,Chēfǔ zēng VIII,Big Yard for Chariots Added VIII,72 Cyg
106559,代增一,Dài zēng I,Dai State Added I (In Twelve States),37 Cap
106568,代二,Dài II,Dai State II (In Twelve States),HD205306
106654,天钱增三,Tiānqián zēng III,Celestial Money Added III,8 PsA
106703,天钱增四,Tiānqián zēng IV,Celestial Money Added IV,7 PsA
106711,车府七,Chēfǔ VII,Big Yard for Chariots VII,74 Cyg
106723,垒壁阵二,Lěibìzhèn II,Line of Ramparts II,ε Cap
106730,天钩增九,Tiāngōu zēng IX*,Celestial Hook Added IX*,HIP106730
106758,司命一,Sīmìng I,Deified Judge of Life I,HD205765
106768,垒壁阵增八,Lěibìzhèn zēng VIII,Line of Ramparts Added VIII,HIP106768
106783,危宿增一,Wēixiù zēng I,Rooftop Added I,3 Peg
106786,天垒城一,Tiānlěichéng I,Celestial Ramparts I,ξ Aqr
106787,人增三,Rén zēng III,Humans Added III,5 Peg
106801,天钩增十,Tiāngōu zēng X,Celestial Hook Added X,9 Cep
106856,危宿增二,Wēixiù zēng II,Rooftop Added II,4 Peg
106886,螣蛇七,Téngshé VII,Flying Serpent VII,HD206267
106944,司禄增二,Sīlù zēng II,Deified Judge of Rank Added II,d Aqr
106985,垒壁阵三,Lěibìzhèn III,Line of Ramparts III,γ Cap
106999,车府增五,Chēfǔ zēng V,Big Yard for Chariots Added V,75 Cyg
107089,蛇尾三,Shéwěi III,Snake's Tail III,ν Oct
107095,哭增一,Kū zēng I,Crying Added I,42 Cap
107097,车府增七,Chēfǔ zēng VII,Big Yard for Chariots Added VII,76 Cyg
107119,上卫增二,Shàngwèi zēng II,The Great Imperial Guard Added II,11 Cep
107128,代增二,Dài zēng II,Dai State Added II (In Twelve States),41 Cap
107136,螣蛇四,Téngshé IV,Flying Serpent IV,π1 Cyg
107144,司命二,Sīmìng II,Deified Judge of Life II,26 Aqr
107151,危宿增三,Wēixiù zēng III,Rooftop Added III,7 Peg
107162,车府增六,Chēfǔ zēng VI,Big Yard for Chariots Added VI,77 Cyg
107188,垒壁阵一,Lěibìzhèn I,Line of Ramparts I,κ Cap
107230,上卫增三,Shàngwèi zēng III,The Great Imperial Guard Added III,78 Dra
107232,哭增二,Kū zēng II,Crying Added II,44 Cap
107259,造父四,Zàofù IV,Zaofu IV,μ Cep
107302,哭增三,Kū zēng III,Crying Added III,45 Cap
107310,臼一,Jiù I,Mortar I,μ1 Cyg
107315,危宿三,Wēixiù III,Rooftop III,ε Peg
107348,人四,Rén IV,Humans IV,9 Peg
107354,臼二,Jiù II,Mortar II,κ Peg
107380,天钱三,Tiānqián III,Celestial Money III,ι PsA
107382,天垒城二,Tiānlěichéng II,Celestial Ramparts II,c Cap
107418,造父增五,Zàofù zēng V,Zaofu Added V,ν Cep
107472,人三,Rén III,Humans III,12 Peg
107487,天垒城三,Tiānlěichéng III,Celestial Ramparts III,47 Cap
107517,天垒城四,Tiānlěichéng IV,Celestial Ramparts IV,λ Cap
107527,天垒城五,Tiānlěichéng V,Celestial Ramparts V,HD207061
107533,螣蛇三,Téngshé III,Flying Serpent III,π2 Cyg
107556,垒壁阵四,Lěibìzhèn IV,Line of Ramparts IV,δ Cap
107575,司禄增一,Sīlù zēng I,Deified Judge of Rank Added I,11 Peg
107586,造父增四,Zàofù zēng IV,Zaofu Added IV,12 Cep
107608,天钱二,Tiānqián II,Celestial Money II,θ PsA
107763,臼增一,Jiù zēng I,Mortar Added I,14 Peg
107788,人增四,Rén zēng IV,Humans Added IV,13 Peg
107975,臼增二,Jiù zēng II,Mortar Added II,15 Peg
107995,少卫增一,Shàowèi zēng I,The Second Imperial Guard Added I,HD208509
108022,臼增三,Jiù zēng III,Mortar Added III,16 Peg
108036,哭一,Kū I,Crying I,μ Cap
108085,败臼一,Bàijiù I,Decayed Mortar I,γ Gru
108127,危宿增十二,Wēixiù zēng XII,Rooftop Added XII,HD208189
108165,螣蛇八,Téngshé VIII,Flying Serpent VIII,13 Cep
108339,危宿增十三,Wēixiù zēng XIII,Rooftop Added XIII,17 Peg
108431,波斯六,Bōsī VI,Persia VI,δ Ind
108535,少卫增二,Shàowèi zēng II,The Second Imperial Guard Added II,16 Cep
108571,天钱增二,Tiānqián zēng II,Celestial Money Added II,HIP108571
108612,危宿增七,Wēixiù zēng VII,Rooftop Added VII,18 Peg
108626,波斯七*,Bōsī VII*,Persia VII*,HD208796
108661,天钱增一,Tiānqián zēng I,Celestial Money Added I,η PsA
108691,危宿增四,Wēixiù zēng IV,Rooftop Added IV,28 Aqr
108693,危宿增十,Wēixiù zēng X,Rooftop Added X,20 Peg
108699,危宿增八,Wēixiù zēng VIII,Rooftop Added VIII,19 Peg
108766,危宿增十四,Wēixiù zēng XIV,Rooftop Added XIV,HD209288
108772,造父增一,Zàofù zēng I,Zaofu Added I,14 Cep
108797,羽林军一,Yǔlínjūn I,Palace Guard I,29 Aqr
108868,泣增一,Qì zēng I,Weeping Added I,30 Aqr
108874,盖屋一,Gàiwū I,Roofing I,ο Aqr
108875,危宿增九,Wēixiù zēng IX,Rooftop Added IX,21 Peg
108917,天钩六,Tiāngōu VI,Celestial Hook VI,ξ Cep
108924,天钩增十三*,Tiāngōu zēng XIII*,Celestial Hook Added XIII*,18 Cep
108925,造父增三,Zàofù zēng III,Zaofu Added III,15 Cep
108952,天钱一,Tiānqián I,Celestial Money I,13 PsA
108991,盖屋二,Gàiwū II,Roofing II,32 Aqr
109005,天钩增十七,Tiāngōu zēng XVII,Celestial Hook Added XVII,20 Cep
109017,天钩增十八,Tiāngōu zēng XVIII,Celestial Hook Added XVIII,19 Cep
109056,杵三[危宿],Chǔ III,Pestle III (In Rooftop Mansion),23 Peg
109068,危宿增六,Wēixiù zēng VI,Rooftop Added VI,ν Peg
109074,危宿一,Wēixiù I,Rooftop I,α Aqr
109111,败臼二,Bàijiù II,Decayed Mortar II,λ Gru
109139,垒壁阵五,Lěibìzhèn V,Line of Ramparts V,ι Aqr
109176,臼三,Jiù III,Mortar III,ι Peg
109190,造父增二,Zàofù zēng II,Zaofu Added II,HD210220
109240,臼增四,Jiù zēng IV,Mortar Added IV,25 Peg
109268,鹤一,Hè I,Crane I,α Gru
109276,臼增六,Jiù zēng VI,Mortar Added VI,HD210210
109285,天钱四,Tiānqián IV,Celestial Money IV,μ PsA
109332,羽林军二,Yǔlínjūn II,Palace Guard II,35 Aqr
109352,杵增一[危宿],Chǔ zēng I,Pestle Added I (In Rooftop Mansion),π1 Peg
109369,泣增二,Qì zēng II,Weeping Added II,HD210269
109400,少卫增三,Shàowèi zēng III,The Second Imperial Guard Added III,24 Cep
109410,杵二[危宿],Chǔ II,Pestle II (In Rooftop Mansion),π Peg
109422,天钱五,Tiānqián V,Celestial Money V,τ PsA
109427,危宿二,Wēixiù II,Rooftop II,θ Peg
109434,少卫增四,Shàowèi zēng IV,The Second Imperial Guard Added IV,HD210873
109458,臼增五,Jiù zēng V,Mortar Added V,28 Peg
109460,哭增四,Kū zēng IV,Crying Added IV,37 Aqr
109472,哭二,Kū II,Crying II,e Aqr
109492,造父二,Zàofù II,Zaofu II,ζ Cep
109556,造父三,Zàofù III,Zaofu III,λ Cep
109693,天皇大帝,Tiānhuángdàdì,Great Emperor of Heaven,HD212710
109786,羽林军三,Yǔlínjūn III,Palace Guard III,41 Aqr
109789,羽林军六,Yǔlínjūn VI,Palace Guard VI,λ PsA
109857,螣蛇九,Téngshé IX,Flying Serpent IX,ε Cep
109908,鹤十二,Hè XII,Crane XII,μ1 Gru
109937,杵一[危宿],Chǔ I,Pestle I (In Rooftop Mansion),1 Lac
109973,鹤增一,Hè zēng I,Crane Added I,μ2 Gru
110003,泣二,Qì II,Weeping II,θ Aqr
110023,虚梁一,Xūliáng I,Temple I,44 Aqr
110078,蛇尾二,Shéwěi II,Snake's Tail II,ψ Oct
110103,天钩增十四,Tiāngōu zēng XIV,Celestial Hook Added XIV,25 Cep
110130,鸟喙一,Niǎohuì I,Bird's Beak I,α Tuc
110179,羽林军十八,Yǔlínjūn XVIII,Palace Guard XVIII,45 Aqr
110273,泣一,Qì I,Weeping I,ρ Aqr
110298,危宿增五,Wēixiù zēng V,Rooftop Added V,30 Peg
110351,车府三,Chēfǔ III,Big Yard for Chariots III,2 Lac
110371,臼四,Jiù IV,Mortar IV,32 Peg
110386,土公吏一,Tǔgōnglì I,Official for Materials Supply I,31 Peg
110391,羽林军四,Yǔlínjūn IV,Palace Guard IV,47 Aqr
110395,坟墓二,Fénmù II,Tomb II,γ Aqr
110529,羽林军五,Yǔlínjūn V,Palace Guard V,49 Aqr
110538,螣蛇十,Téngshé X,Flying Serpent X,β Lac
110548,离宫增一,Lígōng zēng I,Resting Palace Added I,33 Peg
110578,虚梁二,Xūliáng II,Temple II,51 Aqr
110602,羽林军十七,Yǔlínjūn XVII,Palace Guard XVII,50 Aqr
110609,螣蛇二,Téngshé II,Flying Serpent II,4 Lac
110641,羽林军七,Yǔlínjūn VII,Palace Guard VII,HIP110641
110672,坟墓四,Fénmù IV,Tomb IV,π Aqr
110778,羽林军十五,Yǔlínjūn XV,Palace Guard XV,f Aqr
110785,坟墓增一,Fénmù zēng I,Tomb Added I,34 Peg
110786,垒壁阵增一,Lěibìzhèn zēng I,Line of Ramparts Added I,HD212741
110817,天钩七,Tiāngōu VII,Celestial Hook VII,26 Cep
110838,鸟喙二,Niǎohuì II,Bird's Beak II,δ Tuc
110882,坟墓增二,Fénmù zēng II,Tomb Added II,35 Peg
110936,鹤十,Hè X,Crane X,ν Gru
110960,坟墓一,Fénmù I,Tomb I,ζ1 Aqr
110986,土公吏二,Tǔgōnglì II,Official for Materials Supply II,36 Peg
110991,造父一,Zàofù I,Zaofu I,δ Cep
110997,鹤增二,Hè zēng II,Crane Added II,δ1 Gru
111022,车府增十九,Chēfǔ zēng XIX,Big Yard for Chariots Added XIX,5 Lac
111043,鹤十一,Hè XI,Crane XI,δ2 Gru
111056,少卫增七,Shàowèi zēng VII,The Second Imperial Guard Added VII,ρ Cep
111062,坟墓增三,Fénmù zēng III,Tomb Added III,37 Peg
111068,杵增二[危宿],Chǔ zēng II,Pestle Added II (In Rooftop Mansion),38 Peg
111086,羽林军十六,Yǔlínjūn XVI,Palace Guard XVI,56 Aqr
111104,车府增九,Chēfǔ zēng IX,Big Yard for Chariots Added IX,6 Lac
111123,垒壁阵六,Lěibìzhèn VI,Line of Ramparts VI,σ Aqr
111169,螣蛇一,Téngshé I,Flying Serpent I,α Lac
111188,败臼增一,Bàijiù zēng I,Decayed Mortar Added I,β PsA
111200,羽林军十九,Yǔlínjūn XIX,Palace Guard XIX,58 Aqr
111278,离宫增二,Lígōng zēng II,Resting Palace Added II,39 Peg
111394,坟墓增四,Fénmù zēng IV,Tomb Added IV,60 Aqr
111449,羽林军十一,Yǔlínjūn XI,Palace Guard XI,υ Aqr
111497,坟墓三,Fénmù III,Tomb III,η Aqr
111532,少卫增六,Shàowèi zēng VI,The Second Imperial Guard Added VI,31 Cep
111539,羽林军十四,Yǔlínjūn XIV,Palace Guard XIV,HD214028
111546,车府增十,Chēfǔ zēng X,Big Yard for Chariots Added X,8 Lac
111674,螣蛇十五,Téngshé XV,Flying Serpent XV,9 Lac
111701,天钩增十五*,Tiāngōu zēng XV*,Celestial Hook Added XV*,HD214584
111710,虚梁三,Xūliáng III,Temple III,κ Aqr
111797,天钩增十六,Tiāngōu zēng XVI,Celestial Hook Added XVI,30 Cep
111810,离宫增三,Lígōng zēng III,Resting Palace Added III,40 Peg
111841,车府增十一,Chēfǔ zēng XI,Big Yard for Chariots Added XI,10 Lac
111843,羽林军廿,Yǔlínjūn XX,Palace Guard XX,HD214572
111884,离宫增四,Lígōng zēng IV,Resting Palace Added IV,41 Peg
111944,车府二,Chēfǔ II,Big Yard for Chariots II,11 Lac
111954,羽林军八,Yǔlínjūn VIII,Palace Guard VIII,ε PsA
112029,雷电一,Léidiàn I,Thunder and Lightning I,ζ Peg
112031,车府增十二,Chēfǔ zēng XII,Big Yard for Chariots Added XII,12 Lac
112051,离宫三,Lígōng III,Resting Palace III,ο Peg
112102,败臼四,Bàijiù IV,Decayed Mortar IV,19 PsA
112122,鹤二,Hè II,Crane II,β Gru
112158,离宫四,Lígōng IV,Resting Palace IV,η Peg
112161,羽林军廿一,Yǔlínjūn XXI,Palace Guard XXI,HIP112161
112179,垒壁阵增二,Lěibìzhèn zēng II,Line of Ramparts Added II,67 Aqr
112203,鹤九,Hè IX,Crane IX,ρ Gru
112211,羽林军十三,Yǔlínjūn XIII,Palace Guard XIII,g Aqr
112242,车府增十三,Chēfǔ zēng XIII,Big Yard for Chariots Added XIII,13 Lac
112358,离宫增五,Lígōng zēng V,Resting Palace Added V,45 Peg
112362,羽林军十,Yǔlínjūn X,Palace Guard X,HD215452
112374,鹤四,Hè IV,Crane IV,η Gru
112440,离宫一,Lígōng I,Resting Palace I,λ Peg
112447,雷电二,Léidiàn II,Thunder and Lightning II,ξ Peg
112519,勾陈增一,Gōuchén zēng I,Curved Array Added I,HD216446
112529,羽林军十二,Yǔlínjūn XII,Palace Guard XII,68 Aqr
112542,羽林军廿五,Yǔlínjūn XXV,Palace Guard XXV,τ1 Aqr
112615,羽林军廿二,Yǔlínjūn XXII,Palace Guard XXII,70 Aqr
112623,鹤三,Hè III,Crane III,ε Gru
112716,羽林军廿四,Yǔlínjūn XXIV,Palace Guard XXIV,τ2 Aqr
112724,天钩八,Tiāngōu VIII,Celestial Hook VIII,ι Cep
112748,离宫二,Lígōng II,Resting Palace II,μ Peg
112778,车府增十四,Chēfǔ zēng XIV,Big Yard for Chariots Added XIV,14 Lac
112862,羽林军九,Yǔlínjūn IX,Palace Guard IX,21 PsA
112917,车府一,Chēfǔ I,Big Yard for Chariots I,15 Lac
112935,雷电三,Léidiàn III,Thunder and Lightning III,σ Peg
112948,败臼三,Bàijiù III,Decayed Mortar III,γ PsA
112961,垒壁阵七,Lěibìzhèn VII,Line of Ramparts VII,λ Aqr
113031,羽林军廿三,Yǔlínjūn XXIII,Palace Guard XXIII,74 Aqr
113116,勾陈六,Gōuchén VI,Curved Array VI,HD217382
113127,垒壁阵增三,Lěibìzhèn zēng III,Line of Ramparts Added III,78 Aqr
113136,羽林军廿六,Yǔlínjūn XXVI,Palace Guard XXVI,δ Aqr
113148,羽林军廿七,Yǔlínjūn XXVII,Palace Guard XXVII,77 Aqr
113186,雷电增二,Léidiàn zēng II,Thunder and Lightning Added II,ρ Peg
113246,天纲,Tiāngāng,Materials for Making Tents,δ PsA
113281,车府增十五,Chēfǔ zēng XV,Big Yard for Chariots Added XV,16 Lac
113345,虚梁四,Xūliáng IV,Temple IV,HD216953
113357,室宿增一,Shìxiù zēng I,Encampment Added I,51 Peg
113368,北落师门,Běiluòshīmén,North Gate of the Military Camp,α PsA
113503,雷电增一,Léidiàn zēng I,Thunder and Lightning Added I,52 Peg
113521,霹雳增二,Pīlì zēng II,Thunderbolt Added II,2 Psc
113610,霹雳增一,Pīlì zēng I,Thunderbolt Added I,3 Psc
113638,鹤六,Hè VI,Crane VI,ζ Gru
113726,车府增廿,Chēfǔ zēng XX,Big Yard for Chariots Added XX,ο And
113788,车府增十七,Chēfǔ zēng XVII,Big Yard for Chariots Added XVII,2 And
113881,室宿二,Shìxiù II,Encampment II,β Peg
113889,霹雳一,Pīlì I,Thunderbolt I,β Psc
113919,螣蛇十六,Téngshé XVI,Flying Serpent XVI,3 And
113963,室宿一,Shìxiù I,Encampment I,α Peg
113996,羽林军四二,Yǔlínjūn XLII,Palace Guard XLII,h Aqr
114054,羽林军四一,Yǔlínjūn XLI,Palace Guard XLI,HD218173
114104,螣蛇增十三,Téngshé zēng XIII,Flying Serpent Added XIII,1 Cas
114119,羽林军卅,Yǔlínjūn XXX,Palace Guard XXX,c1 Aqr
114131,鹤八,Hè VIII,Crane VIII,θ Gru
114144,雷电四,Léidiàn IV,Thunder and Lightning IV,55 Peg
114155,室宿增二,Shìxiù zēng II,Encampment Added II,56 Peg
114164,羽林军四十,Yǔlínjūn XL,Palace Guard XL,HIP114164
114200,螣蛇增四,Téngshé zēng IV,Flying Serpent Added IV,4 And
114210,螣蛇增二,Téngshé zēng II,Flying Serpent Added II,5 And
114222,少卫,Shàowèi,The Second Imperial Guard,π Cep
114273,霹雳增三,Pīlì zēng III,Thunderbolt Added III,A Psc
114341,羽林军廿八,Yǔlínjūn XXVIII,Palace Guard XXVIII,c2 Aqr
114347,雷电增三,Léidiàn zēng III,Thunder and Lightning Added III,57 Peg
114365,螣蛇增十六,Téngshé zēng XVI,Flying Serpent Added XVI,2 Cas
114375,羽林军廿九,Yǔlínjūn XXIX,Palace Guard XXIX,c3 Aqr
114389,雷电增五,Léidiàn zēng V,Thunder and Lightning Added V,58 Peg
114421,鹤七,Hè VII,Crane VII,ι Gru
114430,车府增十八,Chēfǔ zēng XVIII,Big Yard for Chariots Added XVIII,6 And
114520,雷电增四,Léidiàn zēng IV,Thunder and Lightning Added IV,59 Peg
114526,室宿增三,Shìxiù zēng III,Encampment Added III,60 Peg
114570,螣蛇十七,Téngshé XVII,Flying Serpent XVII,7 And
114724,垒壁阵八,Lěibìzhèn VIII,Line of Ramparts VIII,φ Aqr
114844,室宿增四,Shìxiù zēng IV,Encampment Added IV,61 Peg
114855,羽林军卅九,Yǔlínjūn XXXIX,Palace Guard XXXIX,ψ1 Aqr
114939,羽林军四三,Yǔlínjūn XLIII,Palace Guard XLIII,χ Aqr
114971,霹雳二,Pīlì II,Thunderbolt II,γ Psc
114996,鹤五,Hè V,Crane V,γ Tuc
115022,螣蛇十八,Téngshé XVIII,Flying Serpent XVIII,8 And
115033,羽林军卅八,Yǔlínjūn XXXVIII,Palace Guard XXXVIII,ψ2 Aqr
115065,螣蛇增七,Téngshé zēng VII,Flying Serpent Added VII,9 And
115088,天钩九,Tiāngōu IX,Celestial Hook IX,ο Cep
115115,羽林军卅七,Yǔlínjūn XXXVII,Palace Guard XXXVII,ψ3 Aqr
115125,羽林军卅六,Yǔlínjūn XXXVI,Palace Guard XXXVI,HIP115125
115152,螣蛇增三,Téngshé zēng III,Flying Serpent Added III,11 And
115171,螣蛇增十七,Téngshé zēng XVII,Flying Serpent Added XVII,HD219962
115191,螣蛇增六,Téngshé zēng VI,Flying Serpent Added VI,10 And
115227,霹雳增四,Pīlì zēng IV,Thunderbolt Added IV,b Psc
115250,离宫五,Lígōng V,Resting Palace V,τ Peg
115271,室宿增五,Shìxiù zēng V,Encampment Added V,63 Peg
115280,螣蛇增八,Téngshé zēng VIII,Flying Serpent Added VIII,12 And
115355,室宿增六,Shìxiù zēng VI,Encampment Added VI,64 Peg
115404,羽林军卅五,Yǔlínjūn XXXV,Palace Guard XXXV,97 Aqr
115407,离宫增六,Lígōng zēng VI,Resting Palace Added VI,65 Peg
115438,羽林军卅四,Yǔlínjūn XXXIV,Palace Guard XXXIV,b1 Aqr
115444,雷电五,Léidiàn V,Thunder and Lightning V,66 Peg
115481,雷电增六,Léidiàn zēng VI,Thunder and Lightning Added VI,HIP115481
115590,螣蛇增十四,Téngshé zēng XIV,Flying Serpent Added XIV,4 Cas
115591,室宿增七,Shìxiù zēng VII,Encampment Added VII,67 Peg
115623,离宫六,Lígōng VI,Resting Palace VI,υ Peg
115669,羽林军卅三,Yǔlínjūn XXXIII,Palace Guard XXXIII,b2 Aqr
115738,云雨一,Yúnyǔ I,Cloud and Rain I,κ Psc
115746,勾陈增二,Gōuchén zēng II,Curved Array Added II,HD221525
115755,螣蛇增五,Téngshé zēng V,Flying Serpent Added V,13 And
115768,云雨增四,Yúnyǔ zēng IV,Cloud and Rain Added IV,9 Psc
115806,离宫增八,Lígōng zēng VIII,Resting Palace Added VIII,69 Peg
115830,霹雳三,Pīlì III,Thunderbolt III,θ Psc
115919,雷电六,Léidiàn VI,Thunder and Lightning VI,70 Peg
115945,云雨增一,Yúnyǔ zēng I,Cloud and Rain Added I,HD221147
115951,云雨二,Yúnyǔ II,Cloud and Rain II,HD221146
115990,螣蛇十四,Téngshé XIV,Flying Serpent XIV,AR Cas
116076,螣蛇增九,Téngshé zēng IX,Flying Serpent Added IX,14 And
116118,羽林军卅二,Yǔlínjūn XXXII,Palace Guard XXXII,100 Aqr
116146,云雨增三,Yúnyǔ zēng III,Cloud and Rain Added III,13 Psc
116231,火鸟一,Huǒniǎo I,Firebird I,β Scl
116247,羽林军卅一,Yǔlínjūn XXXI,Palace Guard XXXI,b3 Aqr
116264,离宫增七,Lígōng zēng VII,Resting Palace Added VII,71 Peg
116310,壁宿增二,Bìxiù zēng II,Wall Added II,72 Peg
116323,云雨增二,Yúnyǔ zēng II,Cloud and Rain Added II,14 Psc
116354,螣蛇增十,Téngshé zēng X,Flying Serpent Added X,15 And
116355,壁宿增一,Bìxiù zēng I,Wall Added I,73 Peg
116389,火鸟二,Huǒniǎo II,Firebird II,ι Phe
116422,云雨增五,Yúnyǔ zēng V,Cloud and Rain Added V,15 Psc
116495,云雨增六,Yúnyǔ zēng VI,Cloud and Rain Added VI,16 Psc
116584,螣蛇十九,Téngshé XIX,Flying Serpent XIX,λ And
116602,火鸟增一,Huǒniǎo zēng I,Firebird Added I,HD222095
116611,雷电增七,Léidiàn zēng VII,Thunder and Lightning Added VII,75 Peg
116631,螣蛇廿二,Téngshé XXII,Flying Serpent XXII,ι And
116687,王良增六,Wángliáng zēng VI,Wang Liang Added VI,HD222275
116709,螣蛇增十二,Téngshé zēng XII,Flying Serpent Added XII,18 And
116727,少卫增八,Shàowèi zēng VIII,The Second Imperial Guard Added VIII,γ Cep
116758,羽林军四四,Yǔlínjūn XLIV,Palace Guard XLIV,ω1 Aqr
116771,霹雳四,Pīlì IV,Thunderbolt IV,ι Psc
116805,螣蛇廿一,Téngshé XXI,Flying Serpent XXI,κ And
116889,𫓧钺一,Fūyuè I,Axe I,A1 Aqr
116901,𫓧钺增三,Fūyuè zēng III,Axe Added III,A2 Aqr
116928,云雨四,Yúnyǔ IV,Cloud and Rain IV,λ Psc
116962,王良增七,Wángliáng zēng VII,Wang Liang Added VII,HD222682
116971,羽林军四五,Yǔlínjūn XLV,Palace Guard XLV,ω2 Aqr
116972,雷电增八,Léidiàn zēng VIII,Thunder and Lightning Added VIII,76 Peg
117020,霹雳增五,Pīlì zēng V,Thunderbolt Added V,77 Peg
117073,壁宿增三,Bìxiù zēng III,Wall Added III,78 Peg
117089,𫓧钺二,Fūyuè II,Axe II,i1 Aqr
117218,𫓧钺增二,Fūyuè zēng II,Axe Added II,i2 Aqr
117221,螣蛇廿,Téngshé XX,Flying Serpent XX,ψ And
117245,云雨增七,Yúnyǔ zēng VII,Cloud and Rain Added VII,19 Psc
117301,螣蛇十三,Téngshé XIII,Flying Serpent XIII,τ Cas
117371,传舍一,Chuánshè I,Guest House I,HD223274
117375,垒壁阵增四,Lěibìzhèn zēng IV,Line of Ramparts Added IV,20 Psc
117447,王良增一,Wángliáng zēng I,Wang Liang Added I,6 Cas
117472,王良增八,Wángliáng zēng VIII,Wang Liang Added VIII,HD223421
117491,云雨增十,Yúnyǔ zēng X,Cloud and Rain Added X,21 Psc
117500,壁宿增四,Bìxiù zēng IV,Wall Added IV,79 Peg
117628,霹雳增七,Pīlì zēng VII,Thunderbolt Added VII,80 Peg
117629,𫓧钺三,Fūyuè III,Axe III,i3 Aqr
117683,云雨增八,Yúnyǔ zēng VIII,Cloud and Rain Added VIII,22 Psc
117710,壁宿增八,Bìxiù zēng VIII,Wall Added VIII,HD223755
117718,壁宿增九,Bìxiù zēng IX,Wall Added IX,φ Peg
117730,霹雳增六,Pīlì zēng VI,Thunderbolt Added VI,82 Peg
117735,壁宿增七,Bìxiù zēng VII,Wall Added VII,HD223792
117761,垒壁阵增五,Lěibìzhèn zēng V,Line of Ramparts Added V,24 Psc
117774,云雨增九,Yúnyǔ zēng IX,Cloud and Rain Added IX,25 Psc
117863,螣蛇十二,Téngshé XII,Flying Serpent XII,ρ Cas
117927,霹雳增八,Pīlì zēng VIII,Thunderbolt Added VIII,26 Psc
118077,螣蛇增十八,Téngshé zēng XVIII,Flying Serpent Added XVIII,V1022 Cas
118092,鸟喙三,Niǎohuì III,Bird's Beak III,HD224361
118121,鸟喙增一,Niǎohuì zēng I,Bird's Beak Added I,η Tuc
118131,壁宿增六,Bìxiù zēng VI,Wall Added VI,ψ Peg
118178,八魁三,Bākuí III,Net for Catching Birds III,1 Cet
118209,垒壁阵九,Lěibìzhèn IX,Line of Ramparts IX,27 Psc
118243,螣蛇十一,Téngshé XI,Flying Serpent XI,σ Cas
118268,霹雳五,Pīlì V,Thunderbolt V,ω Psc
118322,鸟喙七,Niǎohuì VII,Bird's Beak VII,ε Tuc
