hip,proper,ra,dec,mag,ci,con
88,,0.017941,-48.809876,5.710,0.911,Phe
107,,0.022255,-50.337373,5.530,1.615,Phe
122,,0.026616,-77.065724,4.780,1.254,Oct
124,,0.026949,61.222801,5.580,0.407,Cas
145,,0.030402,-3.027504,5.130,-0.128,Psc
154,,0.032672,-6.014072,4.370,1.631,Psc
171,,0.036139,27.082256,5.800,0.69,Peg
183,,0.038867,-29.720414,5.040,-0.15,Scl
194,,0.041584,8.485463,5.700,0.315,Psc
207,,0.043357,66.098966,5.870,1.073,Cas
301,,0.06233,-17.335988,4.550,-0.047,Cet
330,,0.070462,62.287664,5.900,0.274,Cas
343,,0.072165,-16.529036,5.780,1.084,Cet
355,,0.075033,-10.509523,4.990,1.619,Cet
377,,0.078131,-71.436891,5.590,-0.1,Tuc
379,,0.078304,67.166445,5.680,1.051,Cep
418,,0.085039,61.31397,5.800,-0.067,Cas
443,,0.088928,-5.707618,4.610,1.029,Psc
476,,0.094989,13.396266,5.550,0.901,Peg
518,,0.104356,58.436733,5.980,0.687,Cas
522,,0.105277,-49.075191,5.700,0.519,Phe
531,,0.10737,64.196168,5.570,-0.023,Cas
636,,0.129693,-22.50856,5.930,0.141,Cet
655,,0.134303,-33.529326,5.670,1.119,Scl
671,,0.138204,-8.824112,5.990,1.034,Cet
677,Alpheratz,0.139791,29.090432,2.070,-0.038,And
729,,0.150672,18.211963,5.570,1.043,Peg
746,Caph,0.152887,59.14978,2.280,0.38,Cas
761,,0.155851,-27.987928,5.420,0.414,Scl
765,,0.156836,-45.747426,3.880,1.013,Phe
813,,0.167278,11.145813,5.540,-0.064,Psc
814,,0.167293,-82.224047,5.290,1.049,Oct
840,,0.171908,-5.248588,5.840,0.973,Psc
841,,0.172012,46.072272,5.010,0.405,And
873,,0.178565,-12.579897,5.840,1.0,Cet
910,,0.187739,-15.467977,4.890,0.487,Cet
930,,0.192894,-27.799737,5.410,1.346,Scl
950,,0.195552,-35.133119,5.240,0.459,Scl
983,,0.202773,-17.938278,5.290,1.478,Cet
1067,Algenib,0.220598,15.183596,2.830,-0.19,Peg
1074,,0.222099,-84.993978,5.780,1.71,Oct
1086,,0.22524,41.03537,5.710,0.331,And
1096,,0.228401,-26.022345,5.940,1.548,Scl
1158,,0.241008,-7.780532,5.130,1.601,Cet
1168,,0.243378,20.206702,4.790,1.572,Peg
1170,,0.244005,-18.932866,4.440,1.64,Cet
1191,,0.248476,-9.569571,5.770,-0.084,Cet
1288,,0.269126,-31.446394,5.660,1.35,Scl
1354,,0.282513,61.533185,5.740,0.898,Cas
1366,,0.284863,38.681636,4.610,0.059,And
1372,,0.285845,47.947405,5.860,-0.079,Cas
1473,,0.305463,36.785224,4.510,0.054,And
1493,,0.310625,31.517227,5.880,-0.014,And
1562,,0.323799,-8.823921,3.560,1.214,Cet
1599,,0.334142,-64.874791,4.230,0.576,Tuc
1630,,0.340111,30.935614,5.890,-0.098,And
1645,,0.343295,8.190271,5.380,1.343,Psc
1647,,0.344178,-69.624913,5.500,-0.046,Tuc
1657,,0.345978,32.911186,5.790,1.595,And
1686,,0.352017,37.968603,5.160,0.442,And
1706,,0.357986,-77.426873,5.960,1.397,Hyi
1708,,0.358665,-28.981469,5.180,1.006,Scl
1728,,0.362853,-20.058024,5.610,1.58,Cet
1921,,0.404348,52.019914,5.580,-0.11,Cas
1960,,0.413193,61.831057,5.380,0.008,Cas
1982,,0.418445,53.046786,5.720,-0.056,Cas
2006,,0.423391,1.939692,5.770,0.855,Psc
2021,,0.427916,-77.254247,2.820,0.618,Hyi
2072,,0.436716,-43.679829,3.930,0.175,Phe
2081,Ankaa,0.438056,-42.305981,2.400,1.083,Phe
2159,,0.454085,-25.54717,5.990,1.022,Scl
2210,,0.465472,-33.007167,4.860,1.634,Scl
2219,,0.467475,17.893125,5.010,1.584,Psc
2225,,0.470454,44.394452,5.180,0.043,And
2240,,0.474027,-39.915002,5.420,1.556,Phe
2353,,0.500655,-3.957332,5.720,1.545,Cet
2355,,0.502045,29.751557,5.200,0.271,And
2377,,0.505534,59.977554,5.940,-0.003,Cas
2381,,0.506293,-23.78768,5.170,0.128,Cet
2383,,0.507242,-48.21491,5.670,0.367,Phe
2472,,0.523594,-48.803514,4.760,0.018,Phe
2475,,0.523787,33.581642,5.880,1.133,And
2484,,0.525725,-62.958218,4.360,-0.064,Tuc
2487,,0.525946,-62.965561,4.530,0.147,Tuc
2497,,0.528105,52.839526,5.590,1.163,Cas
2505,,0.529539,54.522289,4.740,-0.098,Cas
2548,,0.539939,6.955463,5.690,-0.014,Psc
2568,,0.543189,20.294316,5.380,1.069,Psc
2578,,0.545512,-63.0315,5.070,0.038,Tuc
2599,,0.549997,62.931783,4.170,0.13,Cas
2611,,0.552879,54.894985,5.930,1.037,Cas
2661,,0.561401,-29.558278,5.550,1.262,Scl
2711,,0.574374,-52.37309,5.570,0.472,Phe
2762,,0.587466,-3.592846,5.200,0.567,Cet
2787,,0.592454,-0.50561,5.940,0.444,Cet
2802,,0.594767,-48.000907,5.510,0.461,Phe
2854,,0.602306,54.16845,5.080,-0.098,Cas
2876,,0.607595,60.326215,5.780,0.294,Cas
2900,,0.612903,44.488587,5.140,1.587,And
2903,,0.613142,15.231725,5.890,-0.146,Psc
2912,,0.61468,33.719344,4.340,-0.123,And
2920,Fulu,0.616188,53.896909,3.690,-0.196,Cas
2941,,0.622393,-24.767267,5.570,0.715,Cet
2942,,0.622561,35.399501,5.450,0.886,And
3031,,0.642602,29.311751,4.340,0.871,And
3083,,0.652748,49.354589,5.450,1.644,Cas
3092,,0.655462,30.861024,3.270,1.268,And
3093,,0.656063,21.250472,5.880,0.85,Psc
3137,,0.664428,-44.796293,6.000,1.142,Phe
3138,,0.665436,21.438495,5.360,1.16,Psc
3170,,0.673659,-59.454604,5.890,0.564,Tuc
3179,Schedar,0.675116,56.537331,2.240,1.17,Cas
3193,,0.678437,-4.351841,5.900,1.091,Cet
3231,,0.68533,39.458664,5.300,0.891,And
3245,,0.688766,-46.085007,4.590,0.953,Phe
3277,,0.69621,-56.501315,5.720,0.131,Phe
3299,,0.700953,66.147592,5.830,1.042,Cas
3300,,0.701081,50.512526,4.800,-0.105,Cas
3330,,0.707869,-65.46803,5.380,0.515,Tuc
3352,,0.711609,-60.262807,5.990,1.318,Tuc
3405,,0.722567,-57.46306,4.360,0.024,Phe
3414,,0.724466,47.024546,4.950,0.17,Cas
3419,Diphda,0.72649,-17.986605,2.040,1.019,Cet
3455,,0.7365,-10.60955,4.770,0.998,Cet
3456,,0.736683,-38.421686,5.900,1.144,Scl
3478,,0.740612,47.863984,5.660,-0.113,Cas
3504,,0.74542,48.284364,4.480,-0.069,Cas
3505,,0.745666,-22.006135,5.220,0.35,Cet
3521,,0.749187,-42.676558,5.940,0.297,Phe
3544,,0.754774,55.221396,5.410,0.022,Cas
3572,,0.760862,74.988073,5.640,0.078,Cas
3583,,0.76265,-47.551985,5.800,0.635,Phe
3607,,0.769929,-22.522097,5.490,0.978,Cet
3632,,0.775822,15.475504,5.360,1.559,Psc
3675,,0.783738,11.973849,5.510,0.987,Psc
3693,Shimu,0.788981,24.267178,4.080,1.1,And
3697,,0.789898,6.740956,5.980,0.941,Psc
3717,,0.795339,-18.061339,5.700,1.3,Cet
3721,,0.796119,74.847573,5.420,-0.066,Cas
3741,,0.800296,-21.722492,5.570,-0.058,Cet
3750,,0.802487,72.674482,5.860,1.01,Cas
3760,,0.804836,7.299928,5.920,1.104,Psc
3765,96 G. Psc,0.806382,5.280615,5.740,0.89,Psc
3781,,0.809777,-74.923438,5.090,1.345,Hyi
3786,,0.811373,7.585079,4.440,1.5,Psc
3801,,0.813892,50.968168,4.900,-0.091,Cas
3810,,0.816308,16.940644,5.070,0.502,Psc
3821,Achird,0.81826,57.815187,3.460,0.587,Cas
3834,,0.82054,-24.136672,5.900,0.944,Cet
3849,,0.823782,-13.561274,5.590,1.325,Cet
3881,,0.830234,41.078911,4.530,-0.136,And
3885,,0.831433,27.710286,5.550,0.398,Psc
3909,,0.835443,-10.644326,5.170,0.514,Cet
3949,,0.844768,-50.986816,5.240,0.356,Phe
3951,,0.845442,64.247549,5.350,0.528,Cas
4104,,0.877951,-24.005844,5.470,1.275,Cet
4147,,0.883471,-1.14426,4.780,1.55,Cet
4151,,0.884511,61.12397,4.800,0.54,Cas
4200,,0.893839,-62.871352,5.730,1.574,Tuc
4267,,0.909785,19.188417,5.800,-0.016,Psc
4283,,0.914667,83.707435,5.590,0.105,Cep
4288,,0.916139,23.628335,5.460,1.012,And
4292,,0.916715,58.972698,4.830,1.216,Cas
4293,,0.916751,-69.527084,5.450,1.095,Tuc
4346,,0.928444,-7.347149,5.880,1.52,Cet
4371,,0.933747,-11.266526,5.350,1.505,Cet
4422,Castula,0.944432,59.181056,4.620,0.957,Cas
4427,Cih,0.945143,60.71674,2.150,-0.046,Cas
4436,,0.945885,38.499345,3.860,0.13,And
4440,,0.946377,60.362836,5.560,-0.054,Cas
4463,Kui,0.953445,23.417648,4.400,0.94,And
4510,,0.963931,28.992217,5.440,1.076,Psc
4552,,0.970615,33.950885,5.990,1.0,And
4572,,0.975285,66.351793,5.970,-0.008,Cas
4577,,0.976766,-29.357449,4.300,-0.154,Scl
4587,,0.978852,-11.379975,5.620,0.949,Cet
4675,,1.000988,44.713243,5.690,-0.01,And
4770,,1.02174,-38.916527,5.590,1.185,Scl
4852,,1.040674,-31.552005,5.500,0.083,Scl
4889,,1.046971,31.804263,5.500,-0.043,Psc
4890,,1.046997,-46.397311,5.390,0.9,Phe
4903,,1.048407,41.345157,5.950,0.161,And
4906,,1.049058,7.890135,4.270,0.952,Psc
4914,,1.050705,-4.836601,5.400,1.106,Cet
4962,,1.06028,61.074823,5.920,0.512,Cas
4998,,1.06733,52.502161,5.990,1.447,Cas
5021,,1.072084,61.580184,5.830,0.569,Cas
5081,,1.084821,14.946133,5.640,0.42,Psc
5131,,1.094709,21.473181,5.330,0.003,Psc
5132,,1.094919,21.465442,5.550,-0.048,Psc
5165,,1.101407,-46.718414,3.320,0.885,Phe
5164,,1.10143,-9.839354,5.580,0.009,Cet
5268,,1.121838,-61.775289,5.360,0.884,Tuc
5296,,1.129502,-9.78555,5.710,0.446,Cet
5300,,1.129957,-41.486916,5.210,0.159,Phe
5310,,1.132544,20.739113,5.560,0.121,Psc
5317,,1.133559,43.942092,5.040,0.109,And
5336,,1.137477,54.92034,5.170,0.704,Cas
5346,,1.1395,5.649819,5.510,0.334,Psc
5348,Wurren,1.139742,-55.24576,3.940,-0.12,Phe
5361,,1.142627,58.263449,5.770,-0.019,Cas
5364,,1.143164,-10.182264,3.460,1.161,Cet
5372,,1.145613,86.25709,4.240,1.213,Cep
5434,,1.158368,47.241792,4.260,0.012,And
5447,Mirach,1.162194,35.620558,2.070,1.576,And
5454,,1.163667,19.658408,5.570,0.697,Psc
5493,,1.17188,42.081475,5.670,0.603,And
5494,,1.17207,25.457763,5.810,1.466,Psc
5510,,1.175987,2.44567,5.970,1.491,Cet
5518,,1.177579,68.778621,5.320,-0.014,Cas
5542,,1.185017,55.149901,4.340,0.17,Cas
5544,,1.185213,31.424736,5.150,0.261,Psc
5550,,1.186189,37.724121,5.800,-0.095,And
5566,,1.190428,64.202677,5.560,-0.052,Cas
5571,,1.190894,21.03465,4.660,1.024,Psc
5586,,1.194342,30.089638,4.510,1.092,Psc
5589,,1.194829,65.018854,5.570,-0.072,Cas
5594,,1.195419,-2.251079,5.930,1.403,Cet
5626,,1.204601,79.673963,5.600,0.008,Cep
5661,,1.212616,-37.856479,5.950,0.281,Scl
5737,Revati,1.228857,7.575354,5.210,0.32,Psc
5742,,1.229152,24.583713,4.670,1.047,Psc
5778,,1.235453,16.133479,5.970,-0.082,Psc
5799,,1.240011,-7.922826,5.140,0.448,Cet
5833,,1.246992,-0.973795,5.700,0.428,Cet
5862,,1.253043,-45.531664,4.970,0.571,Phe
5896,,1.262704,-68.875927,4.250,0.48,Tuc
5926,,1.269972,71.743842,5.870,2.042,Cas
5951,,1.276747,-2.500368,5.420,0.888,Cet
6061,,1.296654,3.614466,5.130,0.071,Psc
6193,,1.324443,27.264059,4.740,0.032,Psc
6226,,1.330082,-0.509029,5.870,0.635,Cet
6242,,1.334699,58.231611,4.950,0.683,Cas
6315,,1.352047,28.738207,5.230,1.396,Psc
6411,Adhil,1.372337,45.528778,4.870,1.077,And
6492,,1.390264,20.468967,5.970,1.677,Psc
6502,,1.391933,-30.945617,5.840,1.612,Scl
6514,,1.394612,37.714943,5.600,0.276,And
6537,,1.40039,-8.183257,3.600,1.065,Cet
6564,,1.405695,-6.914656,5.920,0.407,Cet
6592,,1.411329,-41.492549,5.420,1.03,Phe
6631,,1.418136,-64.369478,5.920,1.561,Hyi
6670,,1.427009,-14.598796,4.900,1.231,Cet
6686,Ruchbah,1.430216,60.235283,2.660,0.16,Cas
6692,,1.432208,68.130012,4.720,1.047,Cas
6706,,1.437573,19.172346,5.350,0.395,Psc
6711,,1.438517,43.457739,5.980,0.52,And
6732,,1.44491,19.240422,5.500,1.106,Psc
6748,,1.447657,-13.056512,5.510,0.321,Cet
6813,,1.460915,45.406687,4.830,0.421,And
6867,,1.472759,-43.318234,3.410,1.542,Phe
6960,,1.49337,-21.629339,5.110,0.028,Cet
6999,,1.501695,47.007274,5.270,0.999,And
7007,,1.503087,6.14382,4.840,1.372,Psc
7016,,1.506362,-26.207851,5.920,1.327,Scl
7078,,1.520444,70.264604,5.820,0.489,Cas
7083,,1.520851,-49.072702,3.930,0.972,Phe
7097,Alpherg,1.524725,15.345823,3.620,0.974,Psc
7118,,1.52868,-30.283081,5.790,1.073,Scl
7213,,1.548903,-36.865231,5.490,1.021,Scl
7251,,1.557142,58.327334,5.690,1.435,Cas
7276,,1.561899,-7.025341,5.750,0.639,Cet
7294,,1.565528,59.23204,4.680,0.991,Cas
7321,,1.571279,37.237146,5.900,-0.067,And
7345,,1.57716,-15.676359,5.620,0.066,Cet
7359,,1.580296,18.460512,5.900,1.536,Psc
7447,,1.598542,17.433841,5.950,0.259,Psc
7450,,1.599713,-15.400183,5.410,1.226,Cet
7463,,1.602361,-29.907317,5.690,0.335,Scl
7513,Titawin,1.613299,41.405459,4.100,0.536,And
7535,,1.61831,12.141535,5.540,0.347,Psc
7568,,1.624389,-84.769593,5.660,0.939,Oct
7588,Achernar,1.628556,-57.236757,0.450,-0.158,Eri
7601,,1.631959,-82.974995,5.880,0.62,Oct
7607,Nembus,1.633205,48.628213,3.590,1.275,And
7617,,1.635435,57.977631,5.550,1.388,Cas
7643,,1.640968,-36.528251,5.940,1.045,Scl
7650,,1.641926,73.04004,5.280,0.972,Cas
7679,,1.647718,-21.275384,5.580,0.346,Cet
7719,,1.655835,44.386165,5.010,0.883,And
7740,,1.661338,16.405858,5.980,1.119,Psc
7751,p Eridani,1.663169,-56.1964,5.760,0.88,Eri
7818,,1.676337,40.577049,4.960,-0.068,And
7825,,1.677674,43.297687,5.630,0.214,And
7884,,1.690526,5.487613,4.450,1.347,Psc
7906,,1.694233,30.04712,5.970,1.015,Tri
7916,,1.695787,-11.324669,5.750,0.443,Cet
7918,,1.696383,42.613369,4.960,0.618,And
7921,,1.696655,-60.789339,5.700,1.264,Hyi
7941,,1.700833,-36.832305,5.700,-0.01,Scl
7943,,1.700968,35.245707,5.630,-0.059,Tri
7955,,1.702389,-32.32697,5.250,1.044,Scl
7965,,1.705688,68.043021,5.570,-0.049,Cas
7978,,1.708125,-53.740834,5.520,0.551,Eri
7981,,1.70827,20.268504,5.240,0.836,Psc
7999,,1.712086,-3.6902,4.980,1.378,Cet
8016,,1.715493,70.622526,5.180,-0.022,Cas
8046,,1.722151,60.551332,5.780,-0.01,Cas
8068,,1.727675,50.688732,4.010,-0.098,Per
8102,,1.734479,-15.93748,3.490,0.727,Cet
8198,Torcular,1.756564,9.157736,4.260,0.942,Psc
8209,,1.760763,-25.05261,5.290,0.395,Scl
8230,,1.766461,-5.733299,5.370,1.517,Cet
8240,,1.76832,-50.816256,5.490,1.615,Phe
8241,,1.768392,-53.522037,5.040,0.031,Eri
8362,,1.795668,63.852501,5.630,0.804,Cas
8387,,1.803038,16.955551,5.860,-0.039,Ari
8404,,1.807227,3.685447,5.910,0.97,Psc
8423,,1.810808,37.95287,5.940,0.975,And
8433,,1.81155,32.69021,5.780,0.572,Tri
8497,,1.826418,-10.68641,4.660,0.333,Cet
8544,,1.835714,22.275338,5.830,0.743,Ari
8588,,1.84777,11.043378,5.920,0.302,Ari
8593,,1.848459,-50.206138,5.940,0.154,Phe
8598,,1.849198,51.933417,5.960,0.419,Per
8645,Baten Kaitos,1.857676,-10.335038,3.740,1.136,Cet
8704,,1.866476,55.147385,5.530,-0.175,Per
8714,,1.869268,50.792794,5.700,-0.067,Per
8778,,1.881142,-16.92925,5.780,0.26,Cet
8796,Mothallah,1.884696,29.578829,3.420,0.488,Tri
8814,,1.888152,40.72979,5.420,1.311,And
8832,Mesarthim,1.89217,19.293852,3.880,-0.047,Ari
8833,,1.892597,3.187536,4.610,0.928,Psc
8837,,1.894102,-46.302669,4.390,1.597,Phe
8882,,1.906122,-42.49695,5.120,-0.06,Phe
8886,Segin,1.906584,63.670101,3.350,-0.15,Cas
8903,Sheratan,1.910668,20.808035,2.640,0.165,Ari
8928,,1.915572,-67.647303,4.680,0.931,Hyi
8993,,1.930844,23.577322,5.760,1.185,Ari
9001,,1.9318,37.277786,5.890,1.599,And
9007,,1.932564,-51.608896,3.690,0.844,Eri
9009,,1.933337,68.685242,4.970,-0.084,Cas
9021,,1.935927,37.25183,5.690,1.06,And
9061,,1.944499,-22.526785,4.920,1.434,Cet
9095,,1.952792,-47.385277,4.820,0.864,Phe
9110,,1.955848,17.817532,5.090,0.921,Ari
9132,,1.962151,27.804381,5.840,1.576,Tri
9153,,1.965478,23.596061,4.790,0.29,Ari
9222,,1.975973,49.204352,5.700,1.005,Per
9236,,1.979451,-61.569859,2.860,0.29,Hyi
9307,,1.993244,21.05857,5.890,1.031,Ari
9312,,1.993892,64.621602,5.290,0.002,Cas
9313,,1.994118,-42.030532,5.570,1.052,Phe
9326,,1.996166,-20.824539,5.430,1.64,Cet
9347,,2.000084,-21.077831,3.990,1.554,Cet
9353,,2.002544,3.097015,5.890,0.61,Psc
9372,,2.007451,-8.523873,5.430,1.391,Cet
9440,,2.020759,-30.00183,5.340,0.883,For
9459,,2.02844,-44.713509,5.150,1.471,Phe
9480,,2.032644,70.90702,4.490,0.164,Cas
9487,Alrescha,2.034117,2.763759,3.820,0.024,Psc
9505,,2.038359,54.487541,4.990,-0.071,Per
9533,,2.043077,13.476716,5.970,1.584,Ari
9564,,2.047913,64.901466,6.000,0.029,Cas
9570,,2.049433,33.284135,5.500,0.029,Tri
9572,,2.049602,-15.305932,5.870,0.966,Cet
9573,,2.050052,64.390018,5.590,0.325,Cas
9589,,2.053236,0.128507,5.420,0.146,Cet
9598,,2.057268,72.421294,3.950,-0.002,Cas
9621,,2.060927,25.935471,5.640,0.537,Ari
9622,,2.061247,-4.103516,5.610,1.589,Cet
9631,,2.063381,-0.340251,5.960,0.851,Cet
9640,Almach,2.064984,42.329725,2.100,1.37,And
9677,,2.074844,-29.296819,4.680,-0.156,For
9727,,2.085315,77.281341,5.270,0.345,Cas
9763,,2.092103,76.11506,5.220,0.954,Cas
9836,,2.109423,22.648317,5.030,0.121,Ari
9884,Hamal,2.119555,23.462423,2.010,1.151,Ari
9977,,2.141454,37.859077,4.780,0.12,And
9990,,2.144606,58.423601,5.660,0.595,Per
10035,,2.152584,-43.516596,5.840,1.197,Phe
10053,,2.157036,25.939892,4.980,0.339,Ari
10064,,2.159058,34.987297,3.000,0.14,Tri
10155,,2.177109,19.500338,5.680,1.641,Ari
10212,,2.189189,8.569805,5.640,0.569,Cet
10215,,2.189507,-10.052162,6.000,0.418,Cet
10234,,2.193287,-1.825429,5.940,0.967,Cet
10280,,2.206191,30.303067,4.940,0.77,Tri
10296,,2.210427,24.167778,5.960,1.366,Ari
10305,,2.213206,-2.393637,5.650,0.546,Cet
10306,,2.213355,21.210993,5.230,0.457,Ari
10320,,2.21513,-30.723825,5.270,-0.013,For
10324,,2.216665,8.846717,4.360,0.878,Cet
10326,,2.21694,-21.000137,5.860,1.006,Cet
10328,,2.217584,15.27986,5.720,1.551,Ari
10340,,2.220369,44.231652,4.840,1.476,And
10366,,2.226728,51.065818,5.310,0.926,And
10418,,2.237366,-67.841441,5.570,1.556,Hyi
10440,,2.242208,-41.166765,5.910,0.965,Phe
10513,,2.25794,-67.746366,5.670,1.306,Hyi
10535,,2.261884,25.043043,5.570,0.52,Ari
10540,,2.262789,25.782937,5.790,0.439,Ari
10559,,2.265635,33.358895,5.250,-0.004,Tri
10602,,2.275154,-51.512165,3.560,-0.12,Eri
10642,,2.283068,-6.422116,5.510,0.962,Cet
10644,Deltoton,2.284191,34.224231,4.840,0.607,Tri
10670,,2.288573,33.847194,4.030,0.019,Tri
10718,,2.29996,57.89982,5.750,1.175,Per
10723,,2.3004,1.757802,5.600,0.588,Cet
10729,,2.301275,57.516321,5.990,1.039,Per
10732,,2.302094,19.901164,5.580,0.011,Ari
10793,,2.315831,28.642674,5.290,0.037,Tri
10819,,2.321337,47.379973,5.310,0.006,And
10871,,2.331739,-55.944796,5.810,1.57,Hor
10944,,2.349499,50.151466,5.570,-0.089,And
11001,,2.362498,-68.659418,4.080,0.034,Hyi
11021,,2.36573,0.395675,5.290,1.648,Cet
11029,,2.367092,-10.777534,5.430,0.364,Cet
11033,,2.368051,-17.662169,5.890,1.231,Cet
11046,,2.37011,-0.884852,5.420,0.335,Cet
11060,,2.372621,55.845653,5.160,0.369,Per
11072,,2.375704,-23.816326,5.190,0.608,For
11090,,2.380644,41.396297,5.810,0.289,And
11095,,2.38123,-73.645792,5.990,1.088,Hyi
11102,,2.381852,-51.092129,5.900,0.213,Eri
11220,,2.406919,50.006546,5.190,0.979,And
11249,,2.413627,10.610565,5.480,-0.098,Ari
11258,,2.414987,-60.311947,5.360,0.395,Hor
11313,,2.42706,50.278631,4.730,1.532,And
11345,,2.432501,-12.29048,4.880,-0.027,Cet
11348,,2.433431,-15.341247,5.880,0.116,Cet
11381,,2.443115,-20.042617,5.890,1.247,Cet
11407,,2.449755,-47.70384,4.240,-0.136,Eri
11432,,2.457715,31.80128,5.550,1.114,Tri
11477,,2.467139,-33.811039,5.130,0.089,For
11484,,2.469317,8.460054,4.300,-0.053,Cet
11486,,2.469439,29.66933,5.290,0.311,Tri
11548,,2.480139,29.93176,5.890,0.591,Tri
11569,,2.484437,67.402474,4.460,0.153,Cas
11670,,2.508986,25.235036,5.880,0.412,Ari
11687,,2.512556,0.255749,6.000,0.168,Cet
11738,,2.525027,2.267182,5.270,1.271,Cet
11757,,2.527834,-79.109382,5.270,0.981,Hyi
11767,Polaris,2.52975,89.264109,1.970,0.636,UMi
11783,,2.534786,-15.244677,4.740,0.454,Cet
11784,,2.535045,36.147271,5.150,1.472,Tri
11791,,2.53595,-1.034896,5.360,1.004,Cet
11840,,2.547952,34.54241,5.840,1.083,Tri
11843,,2.548372,15.034554,6.000,0.572,Ari
11867,,2.551952,-34.649967,5.910,1.064,For
11918,,2.564085,-28.232343,4.960,-0.05,For
12002,,2.578507,-7.859445,5.740,1.393,Cet
12072,,2.594095,37.312263,5.720,1.389,And
12086,,2.596336,34.687558,5.380,1.652,Tri
12093,,2.597909,5.593246,4.870,0.88,Cet
12107,,2.600013,-7.831597,5.530,1.607,Cet
12114,268 G. Cet,2.601357,6.88687,5.790,0.918,Cet
12122,,2.602574,-30.044978,5.740,1.017,For
12148,,2.609742,7.730026,5.810,1.04,Cet
12153,,2.610531,12.447639,5.640,0.516,Ari
12181,,2.615879,38.733581,5.910,0.502,And
12186,,2.616281,-34.577977,5.780,0.653,For
12225,,2.623425,-52.543086,5.300,0.289,Hor
12239,,2.626676,65.745336,5.800,1.561,Cas
12247,,2.628278,-3.396175,5.650,1.021,Cet
12273,,2.633909,72.818252,5.170,0.896,Cas
12288,,2.638515,-30.194062,5.840,0.476,For
12332,,2.646943,21.961408,5.450,0.168,Ari
12387,,2.658044,0.328511,4.080,-0.212,Cet
12390,,2.659398,-11.872156,4.830,0.447,Cet
12394,,2.659799,-68.266946,4.120,-0.061,Hyi
12413,,2.663326,-42.89167,4.740,0.061,Eri
12444,,2.670117,-9.452875,5.790,0.524,Cet
12484,,2.677666,-54.549911,5.210,0.411,Hor
12486,,2.677781,-39.855375,4.110,1.006,Eri
12489,,2.678075,27.060943,5.300,0.081,Ari
12530,,2.687222,-0.695653,5.720,0.511,Cet
12562,,2.692814,-14.549276,5.980,0.429,Cet
12608,,2.701834,-38.383686,5.990,0.917,For
12623,,2.704144,40.193944,4.910,0.582,Per
12640,,2.706094,20.011465,5.740,-0.017,Ari
12653,,2.709265,-50.800294,5.400,0.561,Hor
12686,,2.716528,53.526105,5.850,1.125,Per
12692,,2.717451,55.106019,5.760,-0.11,Per
12706,Kaffaljidhma,2.721678,3.235818,3.470,0.093,Cet
12719,,2.724198,27.707146,4.650,-0.122,Ari
12768,,2.734766,44.29704,5.430,0.904,Per
12770,,2.735375,-13.858696,4.240,-0.122,Cet
12777,,2.736634,49.228448,4.100,0.514,Per
12803,,2.742493,15.311862,5.780,-0.024,Ari
12821,,2.747133,67.82463,5.950,0.136,Cas
12828,,2.749039,10.114146,4.270,0.311,Cet
12832,,2.749328,12.445761,5.170,0.234,Ari
12843,,2.751715,-18.572563,4.470,0.481,Eri
12871,,2.757629,-63.704553,5.730,0.932,Hor
12876,,2.759048,-67.616617,4.830,0.058,Hyi
13055,,2.796568,81.448475,5.800,1.3,Cep
13061,Lilii Borea,2.79848,29.247118,4.520,1.112,Ari
13108,,2.808913,18.28379,5.830,1.216,Ari
13121,,2.81275,25.188064,5.890,-0.033,Ari
13141,,2.817062,-62.806521,5.250,0.101,Hor
13147,,2.818169,-32.405898,4.450,0.981,For
13165,,2.821544,17.464309,5.260,-0.066,Ari
13202,,2.831716,-27.941981,5.390,0.013,For
13209,Bharani,2.833063,27.260507,3.610,-0.1,Ari
13225,,2.837438,-35.843636,5.920,0.899,For
13244,,2.841255,-75.066947,4.760,1.337,Hyi
13254,,2.843063,38.318644,4.220,0.343,Per
13265,,2.844557,-35.675849,5.480,1.259,For
13268,Miram,2.844945,55.895496,3.770,1.69,Per
13288,Angetenar,2.850645,-21.004019,4.760,0.906,Eri
13327,,2.858218,15.082071,5.520,-0.099,Ari
13328,,2.858566,35.059741,4.560,1.554,Per
13339,,2.861594,46.841939,5.860,0.903,Per
13367,,2.866319,68.888497,5.940,0.7,Cas
13473,,2.892885,-38.437004,5.930,0.437,For
13479,,2.893144,-22.376308,5.930,1.041,Eri
13490,,2.895168,38.337488,5.340,0.423,Per
13531,,2.904295,52.762479,3.930,0.758,Per
13654,,2.930138,18.33164,5.760,1.452,Ari
13665,,2.932452,61.521138,5.590,0.445,Cas
13679,,2.937158,8.381563,5.970,0.478,Cet
13701,Azha,2.940458,-8.898144,3.890,1.088,Eri
13702,,2.940596,18.023119,5.580,0.471,Ari
13717,,2.943729,-3.71232,5.160,0.084,Eri
13775,,2.954801,31.934219,5.100,-0.007,Per
13782,,2.9566,-23.862164,5.440,0.238,Eri
13834,,2.968114,20.668733,5.800,0.415,Ari
13835,,2.968258,-23.606012,5.820,1.334,Eri
13847,Acamar,2.971023,-40.304672,2.880,0.128,Eri
13874,,2.978355,-2.782877,5.220,0.014,Eri
13879,,2.979352,39.662728,4.680,0.065,Per
13884,,2.979939,-64.071284,4.980,0.126,Hor
13905,,2.984356,35.183128,4.940,1.235,Per
13914,,2.986868,21.340429,4.630,0.048,Ari
13942,,2.993381,-25.274133,5.690,0.427,For
13949,,2.99441,41.032941,5.890,1.445,Per
13951,,2.994767,-2.464952,5.560,-0.072,Eri
13954,,2.99525,8.907365,4.710,-0.109,Cet
13965,,2.997164,47.220693,5.470,0.869,Per
14036,,3.012261,10.870388,5.930,1.593,Ari
14043,,3.014501,52.351744,5.240,-0.049,Per
14060,,3.019451,-7.663012,5.750,1.043,Eri
14086,,3.027115,-28.091554,5.880,0.794,For
14109,,3.031706,26.462354,5.910,0.141,Ari
14110,,3.032255,-9.961407,5.840,1.092,Eri
14131,,3.037615,-71.902457,5.510,-0.125,Hyi
14135,Menkar,3.037992,4.089734,2.540,1.63,Cet
14143,,3.039588,4.352884,5.620,-0.107,Cet
14146,,3.039863,-23.624472,4.080,0.163,Eri
14168,,3.045076,-7.685472,5.320,0.941,Eri
14187,,3.048849,-46.975036,5.810,1.304,Eri
14240,,3.060239,-59.737775,5.120,0.349,Hor
14293,,3.071254,-7.600857,5.260,0.193,Eri
14328,,3.079942,53.50644,2.910,0.716,Per
14354,,3.08627,38.840274,3.320,1.528,Per
14376,,3.090747,25.255174,5.450,-0.031,Ari
14382,,3.092338,56.705719,4.770,1.018,Per
14417,,3.102203,79.418535,5.490,1.569,Cep
14439,,3.106579,13.18725,5.640,1.087,Ari
14456,,3.109303,-6.088555,5.230,1.575,Eri
14502,,3.121947,64.057594,5.890,-0.02,Cas
14521,,3.125541,-78.989244,5.670,0.298,Hyi
14576,Algol,3.136148,40.955648,2.090,-0.003,Per
14632,,3.151005,49.613278,4.050,0.595,Per
14668,Misam,3.158258,44.857544,3.790,0.98,Per
14677,,3.160206,29.07708,5.740,0.115,Ari
14764,,3.177443,11.872627,5.970,-0.061,Ari
14817,,3.188163,39.611582,4.610,1.115,Per
14838,Botein,3.193822,19.726677,4.350,1.033,Ari
14844,,3.195229,81.47071,5.920,0.149,Cep
14862,,3.198957,74.393659,4.850,0.035,Cas
14879,Dalim,3.201249,-28.987618,3.800,0.543,For
14893,,3.203957,27.256968,5.780,-0.106,Ari
14913,,3.207146,-44.41966,5.920,0.44,Eri
14915,,3.207324,6.660883,5.550,1.011,Cet
14930,,3.209209,-57.321549,5.710,2.419,Hor
14954,,3.212899,-1.196101,5.070,0.575,Cet
15004,,3.223297,48.176953,5.930,0.972,Per
15110,,3.24836,21.044441,4.870,-0.007,Ari
15154,,3.255677,30.556689,5.610,0.012,Ari
15192,,3.263325,57.14062,5.790,0.644,Per
15197,Zibal,3.263896,-8.81973,4.800,0.232,Eri
15201,,3.265951,-77.388454,5.510,0.438,Hyi
15219,,3.270057,50.937664,5.040,1.107,Per
15241,,3.276442,32.184018,5.980,0.988,Per
15305,,3.290722,-47.751664,5.840,1.228,Hor
15330,,3.295903,-62.575322,5.530,0.641,Ret
15334,,3.296042,39.283373,5.970,0.056,Per
15338,,3.296485,44.025024,5.490,-0.06,Per
15357,,3.300717,-28.797075,5.930,0.337,For
15371,,3.303309,-62.506363,5.240,0.6,Ret
15382,,3.30614,-22.511118,4.860,0.904,Eri
15383,,3.306229,-0.930288,5.620,1.05,Cet
15404,,3.310482,50.222174,5.160,-0.073,Per
15411,,3.311429,-18.559794,5.720,0.381,Eri
15416,,3.312174,34.222653,4.850,1.491,Per
15444,,3.318787,50.094966,5.050,-0.067,Per
15457,,3.322693,3.370198,4.840,0.681,Cet
15474,,3.325278,-21.757864,3.700,1.614,Eri
15479,,3.326363,-24.122902,5.630,1.663,For
15510,82 G. Eri,3.331944,-43.069784,4.260,0.711,Eri
15514,,3.332166,27.071134,5.910,0.86,Ari
15520,,3.333129,65.652292,4.740,-0.108,Cam
15547,,3.338783,77.73474,5.440,0.211,Cep
15549,,3.338989,29.048458,4.470,1.555,Ari
15619,,3.35189,3.67562,5.700,0.964,Cet
15627,,3.353784,21.147086,5.270,-0.067,Ari
15643,,3.35667,-23.635135,5.500,0.885,Eri
15648,,3.357381,43.329651,4.960,0.051,Per
15669,,3.364577,49.070905,5.940,0.468,Per
15696,,3.36997,27.607553,5.550,1.1,Ari
15737,,3.379234,20.742069,5.100,1.231,Ari
15770,,3.386997,49.213269,5.320,-0.076,Per
15861,,3.405132,24.724063,5.500,1.19,Ari
15863,Mirfak,3.405378,49.86118,1.790,0.481,Per
15876,,3.408249,33.535962,5.780,-0.001,Per
15890,,3.411267,64.585996,5.130,2.038,Cam
15900,,3.413554,9.02887,3.610,0.887,Tau
15968,,3.426737,-69.336436,5.960,0.415,Hyi
16029,,3.43959,-27.317479,5.930,0.934,For
16083,,3.45282,9.73268,3.730,-0.082,Tau
16112,,3.459281,-35.681323,5.710,1.284,For
16142,,3.46693,-11.2866,5.740,1.102,Eri
16147,,3.467517,49.062866,4.990,-0.091,Per
16168,,3.472416,33.807557,5.720,0.048,Per
16210,,3.4812,49.848384,5.580,-0.054,Per
16228,,3.484482,59.94033,4.210,0.419,Cam
16244,,3.489456,49.508948,4.670,-0.096,Per
16245,,3.489558,-62.937527,4.710,0.41,Ret
16263,,3.493341,-12.674737,5.570,0.171,Eri
16281,,3.49854,58.87875,4.550,0.489,Cam
16285,,3.498656,-42.634256,5.760,0.205,Eri
16290,,3.4997,-78.35185,5.680,0.932,Men
16292,,3.500057,55.451808,5.090,0.022,Cam
16322,,3.506797,11.336442,5.140,-0.041,Tau
16335,,3.509579,47.995216,4.360,1.367,Per
16339,,3.51026,-47.375125,5.980,0.116,Hor
16340,,3.510262,48.103596,5.820,-0.033,Per
16341,,3.510294,-5.075145,4.740,-0.092,Eri
16358,,3.512617,6.188703,5.930,0.953,Tau
16368,,3.514359,-66.489714,5.810,-0.055,Ret
16369,,3.514549,12.936678,4.140,1.112,Tau
16470,,3.535721,48.023476,5.470,-0.101,Per
16489,,3.53882,84.91104,5.620,0.894,Cep
16499,,3.540631,46.056862,5.300,0.398,Per
16509,,3.542992,-50.378646,5.670,1.101,Hor
16511,,3.543319,9.373438,5.760,-0.072,Tau
16518,,3.544449,35.461729,5.910,-0.084,Per
16537,Ran,3.548848,-9.458262,3.720,0.881,Eri
16591,,3.559731,39.899478,5.790,0.139,Per
16599,,3.560855,54.974857,5.980,0.114,Cam
16611,,3.563132,-21.632883,4.260,-0.106,Eri
16664,,3.574062,24.464393,5.950,0.123,Tau
16780,,3.599352,-11.193782,5.560,0.915,Eri
16803,,3.604837,-17.467064,5.240,-0.117,Eri
16826,,3.608159,48.192634,4.320,-0.058,Per
16846,,3.613136,0.587758,5.820,0.885,Tau
16852,,3.614551,0.401662,4.290,0.575,Tau
16870,,3.618244,-40.274545,4.570,1.023,Eri
16989,,3.641459,-7.391863,5.860,0.98,Eri
17027,,3.65031,-5.62621,5.970,0.921,Eri
17103,,3.664201,3.056863,5.550,0.931,Tau
17167,,3.677315,-5.210706,5.530,-0.145,Eri
17203,,3.685515,37.580198,5.550,-0.062,Per
17296,,3.702594,63.216806,5.060,1.651,Cam
17304,,3.704139,-31.938361,4.990,-0.159,For
17309,,3.705263,19.700254,5.680,-0.016,Tau
17313,,3.706291,33.965026,4.970,-0.048,Per
17342,,3.711871,59.969391,5.740,1.736,Cam
17351,,3.713908,-37.313518,4.590,1.191,Eri
17358,,3.715416,47.787551,3.010,-0.125,Per
17378,Rana,3.720806,-9.763395,3.520,0.915,Eri
17395,,3.726065,-10.485661,5.590,0.216,Eri
17440,,3.736593,-64.806903,3.840,1.133,Ret
17448,Atik,3.738648,32.288248,3.840,0.022,Per
17457,,3.741808,-1.163091,5.240,-0.088,Eri
17460,,3.742062,36.460103,5.600,0.062,Per
17489,Celaeno,3.746726,24.28947,5.450,-0.034,Tau
17499,Electra,3.747927,24.113339,3.720,-0.105,Tau
17506,,3.749027,-0.29672,5.560,1.411,Eri
17527,,3.752705,24.83926,5.660,-0.064,Tau
17529,,3.753232,42.578549,3.770,0.425,Per
17531,Taygeta,3.75347,24.467278,4.300,-0.11,Tau
17534,,3.75441,-47.359476,5.720,0.961,Hor
17563,,3.761234,6.049991,5.340,-0.099,Tau
17573,Maia,3.763779,24.367748,3.870,-0.063,Tau
17579,Asterope,3.765132,24.554511,5.760,-0.036,Tau
17584,,3.76646,45.681899,5.660,-0.08,Per
17585,,3.766907,67.201605,5.790,0.347,Cam
17587,,3.767314,63.345047,4.780,0.747,Cam
17593,,3.769037,-12.101589,4.430,1.604,Eri
17595,,3.769267,6.80352,5.910,0.992,Tau
17608,Merope,3.772104,23.948358,4.140,-0.051,Tau
17618,,3.774286,-29.338157,5.910,0.11,For
17651,,3.780804,-23.249723,4.220,0.434,Eri
17678,,3.787295,-74.238962,3.260,1.59,Hyi
17702,Alcyone,3.79141,24.105137,2.850,-0.086,Tau
17717,,3.794347,-23.874677,5.240,0.075,Eri
17738,,3.7989,-30.167882,5.520,0.973,For
17771,,3.804519,11.143294,5.080,-0.125,Tau
17776,,3.805782,23.42125,5.440,-0.067,Tau
17798,,3.809918,-20.902977,5.810,1.602,Eri
17797,,3.809963,-37.620155,4.300,-0.038,Eri
17805,,3.810821,0.227857,5.910,1.224,Eri
17846,,3.818922,43.963095,5.950,0.279,Per
17847,Atlas,3.819373,24.053415,3.620,-0.07,Tau
17851,Pleione,3.819782,24.136712,5.050,-0.082,Tau
17854,,3.820476,70.87105,5.400,0.096,Cam
17874,,3.824237,-36.20025,4.170,0.927,Eri
17884,,3.825357,65.525972,4.390,1.87,Cam
17886,,3.825748,33.091382,5.140,0.057,Per
17891,,3.826836,63.296967,5.820,0.189,Cam
17932,,3.834564,44.967856,5.650,0.779,Per
17954,,3.838593,25.579362,5.240,0.231,Tau
17959,,3.839302,71.332266,4.590,0.064,Cam
18081,,3.864922,34.359119,5.780,-0.036,Per
18089,,3.86673,6.534907,5.660,0.046,Tau
18141,,3.878238,-5.361259,5.480,-0.09,Eri
18170,,3.886123,17.327083,5.970,0.354,Tau
18199,,3.892587,-46.893674,5.930,1.22,Hor
18212,,3.894081,48.650495,5.760,1.04,Per
18213,,3.894151,-34.732297,5.110,-0.133,Eri
18216,,3.895195,-24.61223,4.640,-0.136,Eri
18217,,3.895345,57.975141,5.800,0.182,Cam
18246,,3.9022,31.883635,2.840,0.271,Per
18255,,3.904862,-2.95473,4.460,0.672,Eri
18262,,3.906435,-40.357009,5.700,0.599,Eri
18339,,3.921147,-12.099105,5.990,0.323,Eri
18396,,3.932824,47.87142,5.390,-0.073,Per
18434,,3.941303,35.080899,5.490,-0.058,Per
18453,,3.94347,50.695381,5.280,0.425,Per
18471,,3.947798,22.477971,5.620,0.345,Tau
18488,,3.952303,61.108883,4.990,1.435,Cam
18505,,3.957067,63.072264,4.950,-0.074,Cam
18532,,3.96423,40.010215,2.900,-0.199,Per
18543,Zaurak,3.967157,-13.508515,2.970,1.588,Eri
18597,,3.979095,-61.400185,4.560,1.59,Ret
18606,,3.981221,-5.469947,5.850,1.001,Eri
18614,Menkib,3.98275,35.791033,3.980,0.016,Per
18647,,3.991703,-12.574425,5.610,1.479,Eri
18673,,3.998745,-24.016215,4.620,-0.121,Eri
18723,,4.011292,-30.490697,5.930,0.036,Eri
18724,,4.011338,12.490347,3.410,-0.099,Tau
18735,,4.013545,18.194,5.890,0.319,Tau
18744,,4.014946,-62.159284,4.480,1.5,Ret
18772,,4.021697,-61.078822,4.970,1.386,Ret
18788,,4.025569,-1.54966,5.280,-0.133,Eri
18805,,4.029482,9.998017,5.670,0.005,Tau
18859,,4.04354,-0.268923,5.380,0.516,Eri
18907,,4.052606,5.989305,3.910,0.032,Tau
18957,,4.06239,5.435624,5.320,-0.08,Tau
18975,,4.065723,8.197269,5.450,0.371,Tau
18993,,4.06941,2.826947,5.360,0.505,Tau
19009,,4.072687,24.105993,5.460,0.813,Tau
19011,,4.072977,-12.792295,5.620,1.062,Eri
19018,,4.074212,59.155507,5.000,0.495,Cam
19038,,4.078253,22.081926,4.360,1.064,Tau
19076,,4.088958,22.008905,5.900,0.62,Tau
19095,,4.093728,-27.651807,5.590,0.324,Eri
19129,,4.100882,68.679972,5.880,1.543,Cam
19167,,4.109735,50.351262,4.250,-0.011,Per
19171,,4.110114,27.599903,5.180,-0.124,Tau
19205,,4.116795,29.001299,5.210,0.359,Tau
19284,,4.133171,17.339897,5.890,1.497,Tau
19335,,4.143497,38.039733,5.520,0.52,Per
19343,,4.144357,47.712513,3.960,-0.025,Per
19376,,4.150436,13.398281,5.940,0.052,Tau
19388,,4.152768,19.609217,5.510,1.077,Tau
19398,,4.154954,-16.385875,5.450,-0.147,Eri
19454,,4.166752,86.626139,5.840,0.393,Cep
19461,,4.167439,80.698681,5.100,0.589,Cep
19483,,4.172923,-6.923852,5.440,0.941,Eri
19511,,4.179935,-8.819814,5.700,1.057,Eri
19513,,4.180517,26.480952,5.390,0.352,Tau
19515,,4.180708,-41.993573,4.930,0.334,Hor
19525,,4.183061,33.586792,5.750,1.412,Per
19554,,4.188967,5.523047,5.710,0.36,Tau
19571,,4.193389,-20.356157,5.800,0.165,Eri
19587,Beid,4.197761,-6.837581,4.040,0.327,Eri
19719,,4.225862,7.716045,5.290,0.366,Tau
19740,,4.232329,9.263824,4.840,0.799,Tau
19747,,4.233363,-42.294368,3.850,1.085,Hor
19777,,4.239914,-10.256283,4.870,1.156,Eri
19780,Rhombus,4.240404,-62.473858,3.330,0.915,Ret
19799,,4.243398,10.011406,5.220,-0.085,Tau
19805,,4.246819,-62.191811,5.450,1.106,Ret
19811,,4.248143,40.483671,4.670,1.007,Per
19812,,4.248295,48.409331,4.120,0.935,Per
19849,Keid,4.254537,-7.652871,4.430,0.82,Eri
19860,,4.258905,8.892357,4.270,-0.054,Tau
19893,,4.267097,-51.486648,4.260,0.312,Dor
19921,,4.274738,-59.302156,4.440,1.078,Ret
19949,,4.278638,53.611799,5.200,0.052,Cam
19968,,4.281542,61.849989,5.690,-0.116,Cam
19983,,4.28558,57.860355,5.720,1.108,Cam
19990,,4.287684,20.578591,4.930,0.259,Tau
19996,,4.288673,-6.472177,5.950,1.078,Eri
20020,,4.294519,-63.255405,5.880,-0.061,Ret
20042,,4.298237,-33.798348,3.550,-0.108,Eri
20049,,4.299776,-80.214033,5.670,0.836,Men
20070,,4.304056,50.295502,4.600,0.043,Per
20075,,4.304466,-20.71526,6.000,1.597,Eri
20087,,4.306444,21.579297,5.640,0.277,Tau
20156,,4.320339,50.048695,5.460,0.235,Per
20161,,4.321301,-44.267919,5.330,1.066,Hor
20171,,4.323916,21.142307,5.500,-0.069,Tau
20186,,4.326862,21.773491,5.340,-0.107,Tau
20205,Prima Hyadum,4.329889,15.627642,3.650,0.981,Tau
20219,,4.332695,14.035201,5.580,0.283,Tau
20234,,4.336531,50.920933,5.550,-0.031,Per
20241,,4.337341,41.80807,5.950,0.962,Per
20250,,4.339227,27.350754,4.970,1.15,Tau
20252,,4.340178,34.566725,4.930,0.95,Per
20261,,4.343419,15.095453,5.260,0.225,Tau
20264,,4.34417,-20.639622,5.380,-0.027,Eri
20266,,4.344541,65.140441,5.260,0.82,Cam
20268,,4.34479,6.130798,5.760,0.914,Tau
20271,,4.345232,-7.592493,5.850,-0.124,Eri
20297,,4.349455,-81.57992,5.780,0.359,Men
20341,,4.357511,-0.09817,5.860,1.32,Eri
20354,,4.359211,46.498878,4.800,-0.022,Per
20376,,4.363227,60.735625,5.400,1.497,Cam
20380,,4.364392,56.506317,5.910,0.112,Cam
20384,,4.364796,-63.386391,5.240,0.955,Ret
20400,,4.367643,14.077198,5.720,0.315,Tau
20417,,4.372981,20.821416,5.910,1.66,Tau
20430,,4.376373,25.629314,5.380,-0.041,Tau
20455,Secunda Hyadum,4.382247,17.542514,3.770,0.983,Tau
20465,,4.384909,-24.892157,5.810,1.507,Eri
20484,,4.390294,16.77726,5.640,0.31,Tau
20493,,4.392324,20.982044,6.000,0.029,Tau
20507,,4.394681,-3.74547,5.170,0.072,Eri
20522,,4.397729,9.460968,5.100,0.074,Tau
20535,Beemim,4.400613,-34.016846,3.970,1.468,Eri
20542,,4.401599,17.44413,4.800,0.154,Tau
20579,,4.408098,34.130758,5.730,-0.054,Per
20591,,4.410404,33.959686,5.770,0.4,Per
20614,,4.415868,19.042013,5.970,0.378,Tau
20619,,4.418153,-61.238193,5.940,1.533,Ret
20635,,4.422822,22.293874,4.210,0.136,Tau
20641,,4.423614,22.199998,5.270,0.25,Tau
20648,,4.424828,17.92791,4.300,0.049,Tau
20704,,4.435084,31.438911,5.290,0.986,Per
20711,,4.438461,22.813583,4.280,0.263,Tau
20713,,4.439094,15.618265,4.480,0.262,Tau
20732,,4.443437,14.713782,4.690,0.979,Tau
20776,,4.450806,80.824159,5.420,1.179,Cep
20789,,4.454847,22.996337,5.530,-0.098,Tau
20804,,4.457991,11.2123,5.870,0.049,Tau
20825,,4.462788,-62.521206,5.740,1.005,Ret
20842,,4.466883,21.619907,5.720,0.27,Tau
20860,,4.470359,83.80779,5.510,-0.106,Cep
20873,,4.473167,14.740974,5.900,0.325,Tau
20877,,4.473992,16.359672,4.960,1.137,Tau
20884,,4.475589,1.380821,5.530,-0.099,Tau
20885,,4.476248,15.962181,3.840,0.952,Tau
20889,Ain,4.476943,19.180431,3.530,1.014,Tau
20892,,4.47751,-19.458874,5.950,1.215,Eri
20894,Chamukuy,4.477705,15.870883,3.400,0.179,Tau
20901,,4.480601,13.047602,5.020,0.215,Tau
20922,,4.485257,-13.04837,5.610,-0.202,Eri
20982,,4.500159,83.340379,5.470,0.855,Cep
20995,,4.502388,15.63784,5.580,0.324,Tau
21029,,4.509342,16.194014,4.780,0.17,Tau
21036,,4.510378,13.724402,5.400,0.263,Tau
21039,,4.510802,15.691879,5.470,0.258,Tau
21042,,4.511203,-35.653504,5.950,1.005,Eri
21060,,4.513916,-44.953749,5.070,-0.194,Cae
21139,,4.531296,-0.044011,4.910,1.32,Eri
21148,,4.533845,53.91083,5.780,0.119,Cam
21192,,4.543765,-3.209541,5.760,-0.117,Eri
21247,,4.558511,72.528605,5.940,0.306,Cam
21248,,4.55849,-29.766492,4.490,0.972,Eri
21253,,4.559453,-62.823677,5.790,1.028,Ret
21273,,4.564143,14.844424,4.650,0.255,Tau
21278,,4.565202,-6.738908,5.710,-0.128,Eri
21281,,4.566598,-55.044975,3.300,-0.079,Dor
21295,,4.568963,5.568616,5.670,0.055,Tau
21296,,4.569897,-8.231352,5.200,1.708,Eri
21297,,4.569936,-8.970258,5.240,1.465,Eri
21323,,4.57722,28.96115,5.880,-0.048,Tau
21393,Theemin,4.592512,-30.562341,3.810,0.957,Eri
21402,,4.594239,10.16079,4.250,0.184,Tau
21421,Aldebaran,4.598677,16.509301,0.870,1.538,Tau
21444,,4.605317,-3.352459,3.930,-0.21,Eri
21452,,4.606727,64.261602,5.910,-0.009,Cam
21476,,4.611508,41.264808,4.250,1.171,Per
21479,,4.612677,-62.077154,5.590,1.5,Dor
21515,,4.620465,0.998314,5.320,-0.107,Tau
21547,,4.626703,-2.473548,5.220,0.283,Eri
21588,,4.635956,16.033291,5.780,0.312,Tau
21589,,4.635961,12.510838,4.270,0.122,Tau
21594,Sceptrum,4.63634,-14.30402,3.860,1.082,Eri
21604,,4.637731,20.684722,5.850,-0.019,Tau
21644,,4.64821,-12.123121,4.990,0.074,Eri
21670,,4.65171,7.870976,5.380,0.257,Tau
21673,,4.65256,15.799846,5.080,0.141,Tau
21683,,4.654583,15.917977,4.670,0.147,Tau
21685,,4.655475,-14.359192,5.460,1.054,Eri
21727,,4.66519,53.079535,5.070,1.079,Cam
21730,,4.666126,53.473021,5.360,0.331,Cam
21735,,4.667616,12.197609,5.450,-0.121,Tau
21743,,4.668557,-24.482368,5.560,0.926,Eri
21763,,4.674031,-19.671493,4.320,1.599,Eri
21770,,4.676039,-41.863752,4.440,0.342,Cae
21819,,4.688822,28.614994,5.730,0.018,Tau
21823,,4.690032,48.300881,5.660,0.002,Per
21847,,4.697283,38.280182,5.970,0.593,Per
21861,,4.700965,-37.144297,5.040,0.391,Cae
21881,,4.704084,22.956926,4.270,-0.112,Tau
21914,,4.712899,-50.481334,5.300,0.977,Pic
21928,,4.715089,43.365138,5.300,0.028,Per
21949,,4.717764,-70.931027,5.530,-0.114,Men
21958,,4.719249,-30.765557,5.660,1.391,Cae
21972,,4.722665,49.973789,5.860,0.013,Per
21986,,4.726318,-8.794317,5.980,0.645,Eri
22024,,4.734811,-8.503571,5.780,-0.076,Eri
22028,,4.73555,-18.666586,5.530,0.025,Eri
22040,,4.739205,-59.732733,5.280,0.206,Dor
22044,,4.740508,11.146137,5.390,0.251,Ori
22086,,4.751156,-21.283383,5.720,1.476,Eri
22109,,4.758375,-3.254657,4.010,-0.148,Eri
22157,,4.76715,11.705591,5.350,0.197,Ori
22176,,4.771341,18.734693,5.990,1.221,Tau
22220,,4.779021,40.31259,5.990,0.934,Per
22263,,4.793413,-16.934456,5.490,0.632,Eri
22287,,4.800069,56.757183,5.290,0.246,Cam
22325,,4.809037,-16.329484,5.760,0.537,Eri
22336,,4.810107,-5.674045,5.770,0.631,Eri
22361,,4.813968,75.941219,5.960,0.283,Cam
22393,,4.820235,31.437375,5.570,1.132,Aur
22407,,4.821965,32.588191,5.840,0.25,Aur
22449,Tabit,4.830669,6.961276,3.190,0.484,Ori
22453,,4.831846,37.488275,4.890,1.447,Per
22479,,4.83656,-16.217159,5.030,0.992,Eri
22509,,4.843534,8.900176,4.350,0.01,Ori
22531,,4.848706,-53.461508,5.580,0.341,Pic
22545,,4.852594,48.740685,5.640,1.013,Aur
22549,,4.853434,5.605104,3.680,-0.157,Ori
22565,,4.856239,18.839861,5.080,0.214,Tau
22573,,4.857837,-34.906286,5.820,0.105,Cae
22626,,4.868109,63.505421,5.470,1.559,Cam
22667,,4.875545,14.250642,4.710,1.773,Ori
22678,,4.877218,36.703187,4.790,1.414,Aur
22697,,4.879754,27.897485,5.970,0.368,Tau
22699,,4.879933,42.586626,5.680,0.115,Aur
22701,,4.881575,-5.452695,4.360,0.257,Eri
22730,,4.889659,2.508225,5.330,1.632,Ori
22783,,4.900836,66.342678,4.260,-0.008,Cam
22797,,4.904193,2.440672,3.710,-0.179,Ori
22833,,4.913027,11.426006,5.180,0.121,Ori
22834,,4.913273,7.779097,5.330,1.214,Ori
22840,,4.914086,0.467167,5.980,-0.116,Ori
22845,,4.914924,10.150833,4.640,0.085,Ori
22854,,4.917537,55.259109,5.520,0.015,Cam
22860,,4.918562,-16.74067,5.710,0.953,Eri
22871,,4.919765,-74.936852,5.470,1.518,Men
22881,,4.921847,-16.417767,5.710,0.874,Eri
22913,,4.930598,15.040278,5.790,-0.085,Ori
22936,,4.935299,52.869761,5.750,0.105,Cam
22957,,4.939521,13.514466,4.060,1.158,Ori
22958,,4.940052,-5.171356,5.500,-0.123,Eri
23015,Hassaleh,4.949894,33.16609,2.690,1.49,Aur
23040,,4.95478,53.752101,4.430,-0.017,Cam
23043,,4.956206,17.153677,5.510,1.304,Tau
23068,,4.963513,23.948562,5.790,1.109,Tau
23088,,4.969275,25.050405,5.790,0.018,Tau
23123,,4.975806,1.714016,4.470,1.369,Ori
23148,,4.980829,-82.470512,5.840,0.932,Men
23166,,4.983713,-16.376027,5.650,0.447,Lep
23179,,4.987612,37.890245,4.930,0.037,Aur
23221,,4.997348,-10.263325,5.390,0.797,Eri
23231,,4.998816,-12.537416,4.780,0.267,Eri
23261,,5.005095,39.394701,5.950,0.415,Aur
23265,,5.005755,81.194088,5.090,1.304,Cep
23362,,5.023772,-20.051918,4.910,-0.047,Lep
23364,,5.023985,-7.173965,4.800,-0.164,Eri
23408,,5.030654,0.722112,5.910,1.267,Ori
23416,Almaaz,5.032815,43.823308,3.030,0.537,Aur
23430,,5.03606,-26.275029,5.010,1.056,Lep
23446,,5.039668,-31.771333,5.920,1.17,Cae
23453,Saclateni,5.041301,41.075837,3.690,1.154,Aur
23467,,5.045279,-71.3143,5.300,0.996,Men
23474,,5.045828,-22.795052,5.740,1.188,Lep
23475,,5.045943,-4.210121,5.860,1.212,Eri
23482,,5.046861,-49.151407,5.370,0.421,Pic
23497,,5.051596,21.589962,4.620,0.155,Tau
23522,,5.05697,60.442245,4.030,0.921,Cam
23554,,5.064797,-24.388151,5.610,0.094,Lep
23595,,5.07344,-35.482978,4.550,1.177,Cae
23607,,5.076153,15.404105,4.650,-0.064,Ori
23649,,5.082776,-49.577837,5.050,1.484,Pic
23668,,5.087832,-26.152391,5.710,1.166,Lep
23685,,5.091018,-22.371032,3.190,1.46,Lep
23693,,5.091853,-57.472704,4.710,0.526,Dor
23734,,5.102349,58.972372,5.220,-0.08,Cam
23766,,5.108245,61.169756,6.000,1.38,Cam
23767,Haedus,5.10858,41.234474,3.180,-0.148,Aur
23783,,5.111289,51.59772,4.980,0.343,Aur
23794,,5.112681,-4.655163,5.120,-0.059,Eri
23831,,5.1236,-12.491269,5.970,0.606,Lep
23835,,5.124164,18.645052,4.910,0.657,Tau
23840,,5.126116,-63.399679,5.190,1.646,Dor
23871,,5.130111,20.418379,5.280,0.118,Tau
23875,Cursa,5.130829,-5.086446,2.780,0.161,Eri
23879,,5.131359,8.498429,5.330,0.338,Ori
23883,,5.132066,21.704821,5.840,0.168,Tau
23900,,5.135173,24.265175,5.500,0.03,Tau
23916,,5.138942,-8.665324,5.800,-0.059,Eri
23941,,5.145472,-4.456207,5.110,0.455,Eri
23972,,5.15244,-8.754081,4.250,-0.187,Eri
23983,,5.155456,9.829579,5.430,0.249,Ori
24010,,5.161654,15.597232,4.810,0.313,Ori
24019,,5.162524,28.030461,5.930,0.311,Tau
24109,,5.178585,46.96207,5.670,0.452,Aur
24162,,5.18866,-2.490782,5.890,0.462,Ori
24169,,5.189686,-11.849089,5.600,1.35,Lep
24197,,5.194879,16.045673,5.180,1.525,Ori
24203,,5.195931,1.037028,5.880,0.662,Ori
24244,,5.204973,-11.869219,4.450,-0.099,Lep
24254,,5.206237,73.946674,5.440,-0.108,Cam
24294,,5.213369,-6.05719,5.900,0.96,Ori
24305,,5.215528,-16.205468,3.290,-0.11,Lep
24327,,5.220522,-12.941291,4.360,-0.094,Lep
24331,,5.221523,2.861265,4.460,1.166,Ori
24340,,5.223811,38.484498,4.820,0.189,Aur
24372,,5.229288,-67.185255,4.810,1.274,Dor
24426,,5.241346,-35.976996,5.750,1.009,Col
24436,Rigel,5.242298,-8.20164,0.180,-0.03,Ori
24450,,5.245569,5.156151,5.500,1.369,Ori
24505,,5.25677,-26.943509,5.060,-0.067,Lep
24504,,5.256777,32.6876,5.010,0.222,Aur
24555,,5.267815,11.341354,5.520,-0.012,Ori
24575,,5.271708,34.312317,5.990,0.199,Aur
24608,Capella,5.27815,45.997991,0.080,0.795,Aur
24659,,5.291411,-34.895207,4.810,0.987,Col
24674,,5.293442,-6.844409,3.590,-0.115,Ori
24679,,5.294512,-13.519826,5.480,0.932,Lep
24727,,5.302935,33.371613,4.540,1.252,Aur
24732,,5.30368,73.268071,5.810,-0.023,Cam
24738,,5.304359,42.792111,5.550,1.492,Aur
24786,,5.314017,-18.13005,5.960,0.572,Lep
24799,,5.316674,33.748394,5.380,-0.167,Aur
24813,,5.318995,40.099051,4.690,0.63,Aur
24817,,5.319783,2.595806,5.340,0.412,Ori
24822,,5.321278,22.096494,4.960,0.937,Tau
24829,,5.322813,-50.605967,5.440,0.517,Pic
24831,,5.323246,-27.368884,5.980,-0.022,Col
24845,,5.326257,-13.176788,4.290,-0.235,Lep
24873,,5.333062,-12.315585,5.290,-0.104,Lep
24879,,5.333589,33.958054,5.050,0.287,Aur
24902,,5.337409,41.086212,5.460,0.122,Aur
24914,,5.339615,62.653711,5.640,1.728,Cam
24927,,5.340811,-21.239763,4.700,-0.048,Lep
25001,,5.353524,29.569884,5.660,0.06,Aur
25028,,5.358845,-0.416491,5.680,-0.125,Ori
25041,,5.3621,8.428556,5.780,-0.114,Ori
25044,,5.362708,-0.382465,4.720,-0.168,Ori
25045,,5.362849,-24.772981,5.060,0.662,Lep
25048,,5.363448,41.804572,5.220,-0.129,Aur
25110,,5.376036,79.231149,5.080,0.506,Cam
25142,,5.380556,3.544452,4.990,-0.096,Ori
25143,,5.380644,41.02926,5.540,0.127,Aur
25187,,5.388475,-8.415595,5.990,-0.037,Ori
25194,,5.390006,-39.678423,5.730,1.626,Col
25197,,5.391065,57.544395,5.240,-0.011,Cam
25202,,5.39171,-13.927352,5.250,-0.219,Lep
25223,,5.395086,-0.159818,5.690,-0.208,Ori
25247,,5.399119,-7.808065,4.130,0.943,Ori
25278,,5.407071,17.383534,5.000,0.544,Tau
25280,,5.407914,-16.975781,5.640,-0.001,Lep
25281,,5.407949,-2.397146,3.350,-0.24,Ori
25282,,5.40803,-0.891328,5.070,0.961,Ori
25291,,5.4107,31.143148,5.940,0.034,Aur
25292,,5.410873,37.385346,5.020,1.445,Aur
25302,,5.412452,1.846445,4.890,-0.2,Ori
25329,,5.417151,-10.328887,5.600,1.543,Ori
25336,Bellatrix,5.418851,6.349702,1.640,-0.224,Ori
25397,,5.433285,-19.695399,5.780,0.441,Lep
25428,Elnath,5.438198,28.60745,1.650,-0.13,Tau
25429,,5.438687,-58.91252,5.140,0.986,Dor
25471,,5.44689,34.39181,5.920,0.138,Aur
25473,,5.447286,3.095674,4.590,-0.199,Ori
25488,,5.451478,-40.94351,5.860,0.239,Col
25492,,5.452298,30.208603,5.690,0.175,Aur
25499,,5.452804,17.962216,5.400,-0.09,Tau
25539,,5.460579,21.936965,4.880,-0.14,Tau
25541,,5.460802,34.475892,5.080,1.4,Aur
25555,,5.462669,15.874052,5.520,0.015,Tau
25583,,5.467114,17.23913,5.770,1.634,Tau
25606,Nihal,5.470756,-20.759441,2.810,0.807,Lep
25608,,5.470926,-37.230767,5.560,0.026,Col
25695,,5.487916,25.150215,5.470,-0.042,Tau
25708,,5.489913,-3.446394,5.800,1.149,Ori
25737,,5.49555,-1.092239,4.710,1.592,Ori
25751,,5.498548,1.78926,5.770,-0.192,Ori
25768,,5.502632,-47.077655,5.460,0.615,Pic
25769,,5.502835,63.06722,5.430,1.704,Cam
25790,,5.507268,15.360449,5.930,0.103,Ori
25813,,5.51307,5.948139,4.200,-0.143,Ori
25816,,5.513514,41.461994,5.990,1.112,Aur
25853,,5.518785,-20.863659,5.530,0.012,Lep
25859,,5.520209,-35.470519,3.860,1.13,Col
25861,,5.520703,3.292133,5.460,-0.176,Ori
25887,,5.526666,-45.925317,5.860,1.349,Pic
25918,,5.531318,-76.340964,5.180,1.13,Men
25923,,5.532183,-7.301537,4.620,-0.261,Ori
25930,Mintaka,5.533445,-0.299092,2.250,-0.175,Ori
25945,,5.536875,18.594234,4.320,2.06,Tau
25950,,5.537262,17.058128,5.500,-0.004,Tau
25980,,5.54482,-1.591831,5.340,-0.188,Ori
25984,,5.545465,32.192022,4.710,0.281,Aur
25985,Arneb,5.545504,-17.822289,2.580,0.211,Lep
25993,,5.547613,-38.513371,5.450,1.224,Col
26001,,5.549873,-64.227517,5.340,1.039,Dor
26019,,5.552049,-35.139376,5.750,1.085,Col
26063,,5.558735,-1.156073,5.360,-0.175,Ori
26064,,5.558786,18.540231,5.670,-0.022,Tau
26069,,5.560421,-62.489825,3.760,0.64,Dor
26093,,5.565079,14.305578,5.600,-0.118,Ori
26108,,5.567791,-1.470253,5.920,1.535,Ori
26126,,5.571326,3.766895,5.320,0.051,Ori
26169,,5.579106,-73.741277,5.790,1.717,Men
26176,,5.580344,9.489579,4.390,-0.157,Ori
26197,,5.583613,-6.00927,5.670,-0.228,Ori
26199,,5.584078,-6.002027,4.780,-0.248,Ori
26207,Meissa,5.585633,9.934158,3.390,-0.16,Ori
26215,,5.587011,10.240093,5.600,0.149,Ori
26219,,5.587631,-33.079724,5.760,1.12,Col
26220,,5.587728,-5.387315,4.980,,Ori
26221,,5.587907,-5.389696,5.130,0.02,Ori
26235,,5.589695,-5.41606,4.980,-0.097,Ori
26237,,5.589768,-4.838358,4.580,-0.183,Ori
26241,Hatysa,5.590551,-5.909901,2.750,-0.21,Ori
26248,,5.590869,24.039589,5.370,-0.092,Tau
26268,,5.594301,-4.856067,5.240,0.269,Ori
26311,Alnilam,5.603559,-1.20192,1.690,-0.184,Ori
26344,,5.609784,54.428658,5.740,1.671,Aur
26345,,5.609915,-6.064752,5.710,-0.212,Ori
26366,,5.615108,9.290673,4.090,0.951,Ori
26382,,5.617704,17.040324,5.530,0.237,Tau
26386,,5.617884,11.035005,5.970,1.592,Ori
26394,,5.61916,-80.469122,5.650,0.6,Men
26396,,5.619123,26.924473,5.830,-0.075,Tau
26451,Tianguan,5.627413,21.142549,2.970,-0.148,Tau
26460,,5.629061,-28.68969,5.280,0.486,Col
26487,,5.633644,7.54142,5.870,-0.061,Ori
26535,,5.643881,-6.573959,5.960,-0.216,Ori
26536,,5.643913,30.492412,5.400,0.45,Aur
26545,,5.645424,-40.707306,5.810,-0.078,Col
26549,,5.645769,-2.600069,3.770,-0.19,Ori
26563,,5.648079,-7.212829,4.770,0.139,Ori
26594,,5.653096,4.121467,4.500,-0.098,Ori
26606,,5.655087,29.215213,5.980,0.144,Aur
26624,,5.658653,-3.564704,5.990,0.294,Ori
26634,Phact,5.660817,-34.074108,2.650,-0.12,Col
26640,,5.662277,25.897091,5.180,-0.15,Tau
26649,,5.663845,-32.629216,5.440,0.913,Col
26727,Alnitak,5.679313,-1.942572,1.740,-0.199,Ori
26736,,5.680754,-1.128787,4.950,-0.197,Ori
26762,,5.684888,0.337753,5.930,0.311,Ori
26777,,5.688255,16.534148,4.840,-0.125,Tau
26865,,5.703877,-22.373715,5.880,0.08,Lep
26868,,5.704221,-34.667812,5.290,-0.032,Col
26882,,5.707347,65.697649,5.620,1.249,Cam
26885,,5.707953,1.474629,4.900,1.144,Ori
26926,,5.714976,-6.796168,5.970,0.447,Ori
26966,,5.722686,-18.557475,5.730,-0.014,Lep
27072,,5.741057,-22.448382,3.590,0.481,Lep
27100,,5.746223,-65.735526,4.340,0.217,Dor
27196,,5.765012,49.826255,5.460,0.03,Aur
27204,,5.766637,-32.306435,5.180,-0.274,Col
27243,,5.77427,-46.59718,5.310,1.04,Pic
27249,,5.775106,56.115575,5.930,0.164,Cam
27253,,5.776364,1.168193,5.950,0.773,Ori
27265,,5.779305,15.822497,6.000,-0.061,Tau
27280,,5.781149,9.522343,5.780,0.888,Ori
27288,,5.782595,-14.82195,3.550,0.104,Lep
27316,,5.786987,14.488322,5.720,0.077,Tau
27321,,5.788079,-51.066514,3.850,0.171,Pic
27338,,5.79061,17.729141,5.470,0.301,Tau
27364,,5.795252,13.899599,5.280,-0.156,Tau
27366,Saiph,5.795941,-9.669605,2.070,-0.168,Ori
27386,,5.800065,6.454156,5.260,0.234,Ori
27435,,5.809706,-4.094648,5.970,0.639,Ori
27468,,5.816935,24.567535,4.880,1.021,Tau
27483,,5.819567,39.181071,4.510,0.949,Aur
27511,,5.825814,12.651324,4.890,-0.068,Tau
27517,,5.826817,-14.483665,5.490,0.87,Lep
27530,,5.830451,-56.166663,4.500,1.075,Pic
27533,,5.831528,-22.971872,5.870,0.055,Lep
27534,,5.831539,-66.901187,5.100,-0.128,Dor
27549,,5.834079,9.871218,5.790,0.876,Ori
27560,,5.836962,4.423406,5.960,1.361,Ori
27566,,5.837999,-79.361362,5.460,-0.076,Men
27581,,5.841363,14.305608,5.540,1.006,Tau
27588,,5.841674,2.0247,5.970,0.953,Ori
27621,,5.848117,-52.108873,5.160,0.96,Pic
27628,Wazn,5.849329,-35.768309,3.120,1.146,Col
27629,,5.849475,27.967861,5.600,0.978,Tau
27639,,5.850675,37.305573,4.720,1.621,Aur
27654,,5.855357,-20.879089,3.760,0.984,Lep
27658,,5.856107,-7.518003,5.360,-0.195,Ori
27673,,5.858166,39.14848,3.970,1.132,Aur
27713,,5.868814,-9.0419,5.950,0.1,Ori
27737,,5.872276,-57.156191,5.930,0.656,Pic
27743,,5.872859,14.171787,5.600,-0.053,Tau
27747,,5.873168,19.867849,5.960,0.549,Ori
27750,,5.874011,1.855134,4.760,1.382,Ori
27766,,5.875883,-37.631063,5.620,1.046,Col
27810,,5.885245,-33.801361,4.880,-0.154,Col
27830,,5.88879,27.612262,4.560,-0.008,Tau
27890,,5.901658,-63.089627,4.650,1.022,Dor
27913,,5.906386,20.276174,4.390,0.594,Ori
27938,,5.912119,-11.774192,5.620,1.523,Lep
27939,,5.912232,0.968615,5.990,1.328,Ori
27947,,5.913916,-52.635481,5.290,0.295,Pic
27949,,5.914107,55.706947,4.960,0.052,Aur
27955,,5.91458,-39.957857,5.550,1.515,Col
27965,,5.915746,19.749614,5.920,-0.145,Ori
27971,,5.916063,59.888367,5.200,0.01,Cam
27973,,5.916387,31.701496,5.900,0.144,Aur
27989,Betelgeuse,5.919529,7.407063,0.450,1.5,Ori
28010,,5.924975,-37.120668,4.970,1.102,Col
28011,,5.925048,-4.616546,5.870,1.173,Ori
28085,,5.937296,-22.839975,5.950,1.107,Lep
28098,,5.939151,-31.38244,5.520,0.382,Col
28103,,5.940082,-14.1677,3.710,0.337,Lep
28110,,5.941121,9.509396,5.970,-0.038,Ori
28139,,5.947069,11.521058,5.890,1.111,Ori
28199,,5.958947,-35.28328,4.360,-0.165,Col
28237,,5.966571,25.953912,4.810,-0.088,Tau
28271,,5.973456,1.837108,5.890,0.223,Ori
28287,,5.977097,-44.034562,5.810,1.061,Pic
28296,,5.980437,0.552979,5.210,0.009,Ori
28302,,5.981455,12.808264,5.700,0.874,Ori
28325,,5.984531,-9.55825,5.040,0.189,Mon
28328,,5.985778,-42.815135,3.960,1.146,Col
28343,,5.989384,49.92454,5.900,1.194,Aur
28358,,5.992111,54.284656,3.720,1.01,Aur
28360,Menkalinan,5.992149,44.947433,1.900,0.077,Aur
28380,Mahasim,5.995351,37.212585,2.650,-0.083,Aur
28404,,5.998917,45.936736,4.300,1.701,Aur
28413,,6.00093,-3.074253,4.530,1.202,Ori
28484,,6.013661,-51.216319,5.650,0.207,Pic
28499,,6.016267,47.901923,5.710,-0.007,Aur
28524,,6.021194,-33.911835,5.540,1.58,Col
28562,,6.028627,48.959445,5.980,1.437,Aur
28574,,6.030673,-10.59793,4.920,-0.128,Mon
28614,,6.039722,9.647276,4.120,0.17,Ori
28675,,6.054333,-26.284544,5.030,1.335,Lep
28691,,6.057602,19.690561,5.140,-0.097,Ori
28716,,6.065329,20.138452,4.640,0.236,Ori
28734,,6.068671,23.263341,4.160,0.835,Gem
28744,,6.070417,-6.708941,5.190,-0.066,Mon
28756,,6.072296,-32.17243,5.650,-0.186,Col
28790,,6.077811,-45.078932,5.930,0.493,Pup
28812,,6.082829,5.41997,5.670,1.047,Ori
28814,,6.082878,4.158671,5.630,1.041,Ori
28816,,6.083091,-16.484435,4.920,0.196,Lep
28823,,6.084276,42.981635,5.900,0.358,Aur
28854,,6.090842,-10.242596,5.880,0.374,Mon
28855,,6.090882,-35.513647,5.800,0.027,Col
28899,,6.101538,-29.758624,5.790,0.041,Col
28910,,6.10259,-14.935254,4.670,0.046,Lep
28909,,6.102603,-66.039621,5.720,-0.024,Dor
28943,,6.108916,-23.110846,5.460,0.064,Lep
28946,,6.109749,38.482644,5.350,0.251,Aur
28949,,6.11076,-4.193836,5.370,-0.122,Mon
28984,,6.115976,-21.812299,5.740,1.584,Lep
28991,,6.117604,-62.154581,5.040,1.256,Pic
28992,,6.117686,-34.312021,5.820,-0.137,Col
29034,Elkurud,6.125453,-37.25292,5.000,-0.095,Col
29038,,6.126201,14.768472,4.420,-0.164,Ori
29048,,6.128233,-19.165866,5.280,1.661,Lep
29064,,6.13135,-42.154043,5.500,0.007,Col
29134,,6.145643,-68.843409,5.060,-0.072,Dor
29150,,6.149407,-22.427412,5.490,-0.01,Lep
29151,,6.149418,2.499692,5.700,0.067,Ori
29196,,6.15901,22.190262,5.930,1.626,Gem
29205,,6.15959,-14.584619,5.560,1.15,Lep
29225,,6.162218,23.113466,5.750,0.192,Gem
29234,,6.163322,-22.774343,5.710,0.454,Lep
29246,,6.16639,58.935694,5.350,1.096,Cam
29263,,6.169558,-40.353792,5.540,1.665,Col
29271,Hoerikwaggo,6.170632,-74.753045,5.080,0.714,Men
29276,,6.171642,-54.968645,4.720,-0.229,Pic
29294,,6.1763,-27.154343,5.720,1.072,Lep
29353,,6.1875,-65.589417,5.010,1.599,Dor
29379,,6.192307,24.420253,5.830,1.11,Gem
29388,,6.193496,48.710989,5.780,0.1,Aur
29417,,6.197726,-6.550287,5.060,-0.201,Mon
29426,,6.198999,14.208765,4.450,-0.18,Ori
29433,,6.200372,19.790543,5.760,-0.071,Ori
29434,,6.200911,16.130406,4.950,-0.149,Ori
29451,,6.20559,32.69338,5.780,1.646,Aur
29490,,6.214182,65.718422,5.360,1.344,Cam
29575,,6.231732,-3.741374,5.830,0.91,Ori
29616,,6.241273,17.906353,5.860,0.253,Ori
29629,,6.243529,-4.568457,5.830,-0.155,Mon
29650,,6.247467,19.156448,5.200,0.43,Ori
29651,,6.247592,-6.274776,3.990,1.319,Mon
29655,Propus,6.247961,22.506799,3.310,1.6,Gem
29679,,6.252334,-20.272186,5.880,1.322,CMa
29678,,6.252353,13.851098,5.910,-0.231,Ori
29692,,6.254923,-18.477163,5.990,1.058,CMa
29696,,6.256304,29.498076,4.320,1.021,Aur
29704,,6.25698,16.143175,5.340,-0.101,Ori
29711,,6.258243,-4.914719,5.990,0.097,Mon
29716,,6.259518,-0.512189,5.620,0.506,Ori
29730,,6.261257,59.998975,5.370,1.339,Cam
29735,,6.262468,-13.718414,5.000,-0.078,CMa
29736,,6.26249,12.551067,5.440,0.015,Ori
29771,,6.268803,-16.618006,5.970,-0.167,CMa
29800,,6.274061,12.272163,5.040,0.431,Ori
29807,,6.275871,-35.140519,4.370,0.978,Col
29808,,6.276553,-39.264394,6.000,0.163,Col
29842,,6.283675,-37.737445,5.540,1.129,Col
29850,,6.285172,9.94239,5.390,0.106,Ori
29852,,6.285991,-37.253498,5.880,0.139,Col
29860,,6.287816,5.100112,5.700,0.61,Ori
29895,,6.294923,-16.815908,5.150,1.293,CMa
29919,,6.298563,61.515286,5.010,1.843,Lyn
29941,,6.303813,-19.966974,5.510,-0.163,CMa
29996,,6.314051,-9.390018,5.360,1.239,Mon
29997,,6.314105,69.319787,4.760,0.025,Cam
30011,,6.316382,-20.925611,5.790,-0.155,CMa
30060,,6.327052,59.010964,4.440,0.032,Lyn
30069,,6.328043,-34.396591,5.760,-0.08,Col
30073,,6.328555,-7.822908,5.270,-0.177,Mon
30093,,6.333222,-2.944493,4.910,1.613,Ori
30099,,6.334507,14.651127,5.670,1.578,Ori
30122,Furud,6.338553,-30.063367,3.020,-0.16,CMa
30143,,6.3434,-34.144144,5.550,-0.182,Col
30214,,6.356865,-11.773238,5.480,0.002,CMa
30247,,6.362811,53.452179,5.340,0.448,Aur
30277,,6.368564,-33.4364,3.850,0.858,Col
30318,,6.376776,12.570237,6.000,0.319,Ori
30321,,6.37729,-69.984043,5.560,1.51,Dor
30324,Mirzam,6.378329,-17.955918,1.980,-0.24,CMa
30342,,6.382179,-56.369969,5.600,0.242,Pic
30343,Tejat,6.382673,22.513586,2.870,1.621,Gem
30419,,6.396135,4.592865,4.390,0.215,Mon
30436,,6.398866,-25.577629,5.610,1.561,CMa
30438,Canopus,6.399195,-52.69566,-0.620,0.164,Car
30444,,6.400281,-36.707764,5.620,1.027,Col
30457,,6.402867,-11.530088,5.210,1.23,CMa
30463,,6.40385,-60.281325,5.780,-0.001,Pic
30520,,6.414973,49.287893,4.920,1.905,Aur
30545,,6.421263,-0.945883,5.880,0.564,Mon
30565,,6.424623,-69.690299,5.370,0.971,Dor
30591,,6.428793,-48.176898,5.760,-0.061,Pup
30651,,6.440514,56.285096,5.530,0.238,Lyn
30666,,6.444329,-1.507336,5.870,0.07,Mon
30679,,6.44691,58.417409,5.210,1.538,Lyn
30703,,6.451147,-58.002116,5.820,1.279,Pic
30717,,6.453823,0.299246,5.190,1.186,Mon
30720,,6.454331,-0.275999,5.550,1.376,Mon
30728,,6.455681,2.908288,5.550,1.035,Mon
30772,,6.465992,-4.762154,5.060,-0.175,Mon
30788,,6.469503,-32.58007,4.470,-0.169,CMa
30827,,6.476136,30.493034,5.750,0.779,Aur
30836,,6.477061,-17.466009,5.760,1.118,CMa
30840,,6.477568,-32.371279,5.740,-0.16,CMa
30867,,6.480297,-7.033062,3.760,-0.113,Mon
30883,,6.482719,20.212133,4.130,-0.115,Gem
30932,,6.491255,-56.852766,5.200,1.087,Pic
30953,,6.496969,-50.239085,5.280,0.371,Pup
30972,,6.500827,46.685554,5.880,1.448,Aur
30986,,6.503132,-10.081511,5.920,1.373,Mon
31037,,6.512858,-27.769575,5.920,-0.156,CMa
31039,,6.51309,58.162633,5.860,0.934,Lyn
31072,,6.520304,-35.25884,5.820,0.813,Col
31079,,6.521744,-51.825953,5.580,0.534,Car
31084,,6.523068,-12.391953,5.160,1.262,CMa
31119,,6.530083,11.544412,5.220,0.185,Mon
31121,,6.530573,-8.158235,5.430,1.373,Mon
31125,,6.530935,-23.418422,4.340,-0.245,CMa
31137,,6.532864,-58.753835,5.690,-0.057,Pic
31159,,6.538668,4.855999,5.880,0.997,Mon
31165,,6.539271,-37.696702,5.250,0.982,Col
31167,,6.539758,-5.86882,5.600,0.256,Mon
31173,,6.540885,32.454898,5.820,0.188,Aur
31190,,6.54416,-32.030447,5.730,-0.18,CMa
31216,,6.548396,7.332965,4.470,0.023,Mon
31277,,6.560046,14.155163,5.570,1.105,Gem
31278,,6.560534,-1.220154,5.090,-0.132,Mon
31299,,6.563745,-36.232029,5.420,1.419,Col
31362,,6.576481,-32.716255,5.620,-0.085,CMa
31407,,6.58294,-52.975607,4.350,-0.021,Car
31416,,6.584274,-22.964793,4.540,-0.035,CMa
31434,,6.586684,28.022314,5.260,-0.008,Aur
31446,,6.58773,0.890216,5.780,0.004,Mon
31448,,6.588221,9.988335,5.930,1.508,Mon
31457,,6.590061,-36.779879,5.590,-0.13,Col
31564,,6.606347,-18.659904,5.710,0.848,CMa
31579,,6.609121,38.4455,5.400,2.773,Aur
31583,,6.609814,-5.211143,5.520,-0.082,Mon
31592,,6.611399,-19.255879,3.950,1.037,CMa
31599,,6.612944,-13.321036,5.950,1.562,CMa
31637,,6.62051,-36.990651,5.720,-0.112,Col
31665,,6.627332,56.857531,5.870,0.006,Lyn
31676,,6.6282,61.481233,5.940,0.899,Lyn
31681,Alhena,6.628528,16.399252,1.930,0.001,Gem
31685,Pipit,6.629353,-43.195934,3.170,-0.103,Pup
31688,,6.629891,-32.339735,5.250,1.177,CMa
31700,,6.631506,-18.237478,4.420,1.137,CMa
31737,,6.639725,28.984354,5.760,-0.001,Aur
31765,,6.643787,-48.220183,5.050,0.997,Pup
31771,,6.644317,39.390854,5.700,1.367,Aur
31789,,6.646995,39.902559,5.340,-0.075,Aur
31827,,6.654644,-14.145764,4.820,1.459,CMa
31832,,6.655507,42.488877,4.800,1.236,Aur
31870,,6.66185,-30.470491,5.700,1.134,CMa
31876,,6.663255,12.982768,5.990,0.063,Gem
31897,,6.667474,-80.813593,5.610,0.214,Men
31940,,6.674679,77.995782,5.750,1.488,Cam
31946,,6.675624,71.748786,5.880,1.223,Cam
31978,,6.682961,9.895754,4.660,-0.233,Mon
31992,,6.684845,0.495323,5.790,-0.094,Mon
32064,,6.698996,-9.167537,5.210,1.525,Mon
32104,,6.706757,17.645303,5.200,0.063,Gem
32173,,6.718051,44.52445,5.040,1.479,Aur
32226,,6.727402,3.932528,5.880,-0.046,Mon
32246,Mebsuta,6.732202,25.131124,3.060,1.377,Gem
32249,,6.733137,13.228017,4.490,1.167,Gem
32292,,6.741241,-31.070523,5.230,-0.127,CMa
32311,,6.745961,28.970932,5.420,1.445,Gem
32349,Sirius,6.752481,-16.716116,-1.440,0.009,CMa
32362,Alzirr,6.754824,12.895591,3.350,0.443,Gem
32366,,6.756378,-31.793661,5.920,0.491,CMa
32385,,6.758664,-30.94898,5.620,-0.138,CMa
32402,,6.764922,-52.409691,5.810,1.551,Car
32411,,6.766499,-14.796127,5.300,0.075,CMa
32438,,6.770595,59.44167,4.860,0.084,Lyn
32439,,6.77067,79.564811,5.440,0.525,Cam
32463,,6.775671,8.587153,5.920,-0.173,Mon
32474,,6.777505,-10.10736,5.660,-0.048,Mon
32480,,6.778983,43.577427,5.240,0.575,Aur
32489,,6.780417,57.169176,5.340,0.964,Lyn
32492,,6.780859,-14.425971,5.280,-0.024,CMa
32494,,6.7813,-51.265667,5.390,1.33,Car
32531,,6.78853,-55.539988,5.600,1.549,Car
32533,,6.788842,8.037254,4.770,1.396,Mon
32537,,6.789278,-37.929698,5.270,-0.078,Pup
32558,,6.793673,-8.998503,5.080,1.795,Mon
32562,,6.794327,48.789476,5.220,1.131,Aur
32578,,6.79768,2.412159,4.480,1.099,Mon
32607,,6.803194,-61.941391,3.240,0.225,Pic
32609,,6.803407,55.704195,5.540,,Lyn
32617,,6.805296,-1.318922,5.750,0.292,Mon
32677,,6.816038,-15.144726,5.390,-0.096,CMa
32698,,6.821225,-2.272038,5.750,-0.098,Mon
32740,,6.828143,32.606756,5.720,1.298,Gem
32753,,6.83051,16.202888,5.870,-0.136,Gem
32759,,6.830683,-32.508478,3.500,-0.116,CMa
32761,,6.830921,-53.622449,4.410,0.899,Car
32765,,6.831838,-46.61456,5.140,0.46,Pup
32768,,6.832266,-50.61456,2.940,1.207,Pup
32809,,6.83938,-17.084555,5.770,1.435,CMa
32810,,6.839819,-31.706057,5.740,0.094,CMa
32814,,6.840416,13.413177,5.680,1.329,Gem
32844,,6.846097,41.78123,4.990,1.256,Aur
32851,,6.847176,-0.540882,5.780,0.396,Mon
32855,,6.847876,-34.367318,4.990,1.379,Pup
32864,,6.849191,67.571934,5.140,-0.152,Cam
32912,,6.857495,-70.963411,5.410,-0.11,Vol
32921,,6.859179,21.761148,5.280,-0.02,Gem
32938,,6.861785,-36.23027,5.940,0.183,Pup
32968,,6.866664,23.601718,5.680,1.467,Gem
33018,,6.879816,33.961254,3.600,0.102,Gem
33024,,6.880408,8.380373,5.750,0.27,Mon
33048,,6.884738,59.448543,5.340,0.675,Lyn
33077,,6.88856,-19.032763,5.650,0.279,CMa
33092,,6.892474,-20.224254,4.820,-0.212,CMa
33104,,6.895068,68.888309,5.110,-0.114,Cam
33152,,6.902209,-24.184211,3.890,1.74,CMa
33160,,6.903167,-12.038628,4.080,1.418,CMa
33184,,6.906851,-1.126996,5.440,0.167,Mon
33202,,6.910732,13.177827,4.730,0.321,Gem
33248,,6.917427,-20.404876,5.800,0.048,CMa
33277,,6.921853,25.375697,5.740,0.573,Gem
33302,,6.927064,-20.136497,4.660,0.374,CMa
33316,,6.929702,-22.941439,5.290,-0.163,CMa
33345,,6.935179,-14.04343,5.000,1.182,CMa
33347,,6.935618,-17.054242,4.360,-0.063,CMa
33357,,6.937775,-48.721144,4.940,1.668,Pup
33372,,6.940509,9.956578,5.900,-0.085,Mon
33377,,6.942238,46.273998,5.850,-0.079,Aur
33384,,6.942911,-79.420193,5.450,0.041,Men
33415,,6.94891,46.705352,5.880,1.093,Aur
33421,,6.950145,33.681039,5.910,0.878,Gem
33449,,6.954612,58.422759,4.350,0.85,Lyn
33478,,6.95942,-24.630841,5.450,0.39,CMa
33485,,6.960309,45.094094,4.900,0.027,Lyn
33558,,6.973638,-34.111708,5.070,-0.154,Pup
33575,,6.976639,-25.414157,5.590,-0.162,CMa
33579,Adhara,6.977097,-28.972084,1.500,-0.211,CMa
33603,,6.982507,3.602355,5.960,1.056,Mon
33682,,6.997378,-67.916443,5.180,1.396,Vol
33694,,7.001081,76.977408,4.550,1.365,Cam
33715,,7.004396,16.078998,5.730,1.641,Gem
33729,,7.006599,-8.406821,5.950,-0.075,Mon
33779,,7.014303,-51.402585,5.140,1.652,Car
33804,,7.018318,-25.215634,5.640,-0.165,CMa
33827,,7.022612,70.808296,5.690,1.337,Cam
33856,Nganurganity,7.028652,-27.93483,3.490,1.729,CMa
33878,,7.032329,-5.722065,5.220,1.687,Mon
33914,,7.038193,15.336008,5.780,1.14,Gem
33927,,7.040217,24.215446,5.200,0.953,Gem
33929,,7.040426,17.755521,5.960,1.518,Gem
33937,,7.04258,16.674447,5.860,1.659,Gem
33971,,7.048549,-4.239231,4.990,-0.195,Mon
33977,,7.050409,-23.833291,3.020,-0.077,CMa
34000,,7.054195,-59.178109,5.500,-0.125,Car
34002,,7.054977,9.138355,5.960,0.126,Mon
34017,,7.058457,29.337081,5.930,0.595,Gem
34033,,7.060576,10.951817,5.140,1.391,Gem
34045,Muliphein,7.062637,-15.633286,4.110,-0.112,CMa
34059,,7.064896,-49.58392,4.920,0.14,Pup
34065,,7.065928,-43.608039,5.560,0.624,Pup
34081,,7.067444,-42.33728,5.200,0.198,Pup
34086,,7.068124,-5.323979,5.630,1.29,Mon
34088,Mekbuda,7.068481,20.570297,4.010,0.899,Gem
34105,,7.071757,-56.749724,5.140,-0.032,Car
34182,,7.088436,22.637458,6.000,-0.027,Gem
34215,,7.094174,9.1858,5.780,1.513,Mon
34267,,7.103222,34.473967,5.550,0.909,Gem
34301,,7.111324,-11.294014,5.410,0.033,CMa
34339,,7.118633,-40.893268,5.800,-0.158,Pup
34349,,7.120359,-51.968283,5.960,0.996,Car
34358,,7.122889,34.009288,5.940,1.507,Gem
34360,,7.122941,-23.840722,5.750,-0.117,CMa
34387,,7.130414,7.471214,5.740,1.176,CMi
34440,,7.139455,15.930675,5.470,1.02,Gem
34444,Wezen,7.139857,-26.3932,1.830,0.671,CMa
34473,,7.145098,-70.497087,5.680,0.436,Vol
34481,,7.145788,-70.498932,3.780,1.006,Vol
34495,,7.147519,-39.655657,4.830,-0.179,Pup
34561,,7.159268,-16.234509,6.000,0.04,CMa
34579,,7.161951,-25.231034,5.690,-0.158,CMa
34622,,7.170467,-4.237106,4.910,1.02,Mon
34624,,7.172034,-27.49152,5.460,0.998,CMa
34670,,7.179858,-48.932098,5.120,1.251,Pup
34693,,7.185659,30.245163,4.410,1.261,Gem
34722,,7.189741,26.856587,5.750,0.13,Gem
34724,,7.189893,-0.301928,5.440,0.31,Mon
34752,,7.194255,39.320549,4.910,1.451,Aur
34758,,7.19489,-20.883063,5.840,-0.038,CMa
34769,,7.197739,-0.492764,4.150,-0.005,Mon
34798,,7.203393,-25.942588,5.910,-0.17,CMa
34802,,7.204392,-40.498808,5.300,0.072,Pup
34817,,7.207173,-36.544381,5.940,-0.145,Pup
34819,,7.207327,24.128594,5.850,0.397,Gem
34834,,7.20935,-46.759305,4.490,0.324,Pup
34888,,7.218665,-11.251341,5.770,1.508,CMa
34899,,7.220377,-45.182739,4.870,-0.003,Pup
34909,,7.222854,16.158966,5.070,1.653,Gem
34912,,7.223166,51.428745,5.460,1.64,Lyn
34914,,7.22334,-22.674241,5.990,1.481,CMa
34922,,7.225637,-44.639739,4.420,1.331,Pup
34975,,7.236347,-3.901779,5.800,1.585,Mon
34981,,7.237559,-26.352507,4.420,-0.17,CMa
34982,,7.237644,-9.947533,5.900,1.528,Mon
34987,,7.238906,3.111414,5.360,1.193,CMi
35005,,7.242395,12.115824,5.710,1.007,CMi
35020,,7.243928,-48.271927,4.750,-0.091,Pup
35025,,7.244993,24.884984,5.840,1.554,Gem
35029,,7.246117,-46.849672,5.720,-0.109,Pup
35037,,7.246849,-26.772667,4.010,-0.15,CMa
35044,,7.247546,-27.037996,5.580,1.22,CMa
35054,,7.249209,-41.426394,5.950,-0.146,Pup
35083,,7.255854,-30.686447,5.360,-0.155,CMa
35084,,7.255901,-52.499226,5.960,1.099,Car
35120,,7.260953,7.977742,5.780,1.537,CMi
35127,,7.262011,-10.583605,5.950,1.173,Mon
35136,,7.263925,47.239964,5.540,0.576,Lyn
35146,,7.265267,59.637467,5.200,1.081,Lyn
35152,,7.26588,27.897419,5.750,1.605,Gem
35180,,7.27071,-15.585689,5.460,0.079,CMa
35181,,7.270965,-46.774533,5.640,1.441,Pup
35202,,7.275515,-38.318928,5.810,-0.133,Pup
35205,,7.276387,-27.881179,4.660,1.589,CMa
35210,,7.276898,-23.315594,4.830,1.601,CMa
35226,,7.280392,-36.592633,5.030,-0.161,Pup
35228,,7.280508,-67.957152,3.970,0.76,Vol
35264,,7.285711,-37.09747,2.710,1.616,Pup
35304,,7.2927,52.131071,5.930,1.259,Lyn
35341,,7.300616,40.883392,5.870,0.181,Aur
35347,,7.301181,-43.986786,5.860,-0.117,Pup
35350,,7.30155,16.540383,3.580,0.106,Gem
35363,,7.30511,-36.733962,4.650,-0.099,Pup
35384,,7.308883,49.464756,5.000,0.087,Lyn
35393,,7.309309,-39.210285,5.240,0.026,Pup
35406,,7.310607,-36.742735,5.110,-0.17,Pup
35412,,7.311216,-24.558701,4.880,-0.16,CMa
35415,,7.311802,-24.954375,4.370,-0.132,CMa
35427,,7.314243,-26.585854,5.290,0.956,CMa
35476,,7.322881,2.740694,5.900,1.069,CMi
35487,,7.324494,-16.395244,5.700,0.346,CMa
35509,,7.329901,7.142947,5.910,0.537,CMi
35550,Wasat,7.335383,21.98232,3.500,0.374,Gem
35564,,7.339288,-52.311524,5.500,0.483,Car
35589,,7.344114,-52.085924,5.380,-0.069,Car
35611,,7.348588,-26.963838,6.000,-0.172,CMa
35615,,7.349524,-14.360489,5.590,0.971,CMa
35626,,7.351204,-25.891643,5.870,1.604,CMa
35643,,7.354864,45.2282,5.740,0.342,Lyn
35699,,7.365795,20.443658,5.090,1.528,Gem
35710,,7.367397,36.760584,5.120,1.082,Aur
35712,,7.367633,0.177121,5.990,-0.069,CMi
35727,,7.370425,-19.0166,4.940,-0.039,CMa
35749,,7.373719,-5.982829,5.830,0.352,Mon
35785,,7.381127,55.281392,5.800,-0.078,Lyn
35795,,7.383527,-31.923781,5.400,-0.161,CMa
35846,,7.391254,25.050531,5.040,0.902,Gem
35848,,7.391386,-27.834294,5.370,1.539,CMa
35855,,7.392193,-32.202067,5.410,-0.169,CMa
35904,Aludra,7.401584,-29.303104,2.450,-0.083,CMa
35907,,7.402352,40.672389,5.230,1.249,Aur
35941,,7.409292,27.637857,5.770,0.368,Gem
35951,,7.411163,-16.201473,5.180,-0.035,CMa
35957,,7.412182,-31.808905,5.350,1.071,CMa
35984,,7.415857,51.887258,5.800,1.61,Lyn
35987,,7.416161,11.669524,5.370,0.105,CMi
35998,,7.418977,-13.751978,5.790,0.432,CMa
36024,,7.423686,-25.217767,5.790,-0.103,CMa
36039,,7.42727,-79.094188,5.540,1.281,Men
36041,,7.427471,9.276097,4.990,0.991,CMi
36046,,7.428779,27.79808,3.780,1.024,Gem
36055,,7.430889,-5.774961,5.980,0.901,Mon
36114,,7.439403,-51.018481,5.090,1.038,Car
36143,,7.44513,-34.140692,5.900,-0.153,Pup
36145,,7.445237,49.211527,4.610,-0.001,Lyn
36156,,7.448981,20.257557,5.940,0.336,Gem
36168,,7.449856,-23.086023,5.650,-0.134,CMa
36186,,7.452219,-17.864861,5.600,0.314,CMa
36188,Gomeisa,7.452512,8.289315,2.890,-0.097,CMi
36236,,7.461927,-22.859199,5.980,-0.088,Pup
36238,,7.462324,21.445247,5.200,0.455,Gem
36251,,7.46435,-11.556867,5.790,0.583,CMa
36258,,7.466434,-29.155896,5.550,-0.048,Pup
36265,,7.467243,6.941968,5.220,0.221,CMi
36284,,7.469387,8.92553,4.330,1.425,CMi
36345,,7.480876,-31.848401,5.950,-0.156,Pup
36348,,7.480968,48.18393,5.700,-0.092,Lyn
36362,,7.484699,-31.456216,5.780,-0.185,Pup
36363,,7.484916,-38.812065,5.410,-0.148,Pup
36366,,7.485195,31.78455,4.160,0.32,Gem
36377,,7.487179,-43.301432,3.250,1.509,Pup
36388,,7.488519,-1.905329,5.600,1.493,Mon
36393,,7.489012,28.118275,5.070,0.12,Gem
36396,,7.489474,-10.326664,5.750,1.616,Mon
36399,,7.490455,-7.551168,5.860,0.487,Mon
36425,,7.496606,12.006564,4.550,1.276,CMi
36429,,7.49688,27.916146,5.010,1.117,Gem
36431,,7.497615,-23.024287,4.850,0.243,Pup
36439,,7.498867,49.672463,5.350,0.47,Lyn
36444,,7.499925,-52.651157,5.870,1.01,Car
36496,,7.508587,-54.399365,5.950,1.585,Car
36514,,7.511834,-30.962281,4.650,0.904,Pup
36528,,7.514638,68.465621,5.630,1.1,Cam
36547,,7.517911,82.411466,4.920,1.633,Cam
36616,,7.53011,17.086046,5.450,1.126,Gem
36640,,7.534934,-8.881326,5.900,0.54,Mon
36641,,7.534986,1.914481,5.240,0.23,CMi
36721,,7.552716,-24.710731,5.840,0.156,Pup
36723,,7.553241,3.290379,5.590,0.321,CMi
36732,,7.555434,-19.412525,5.640,1.121,Pup
36760,,7.560134,15.826662,5.270,0.055,Gem
36773,,7.563323,-14.523892,4.820,1.362,Pup
36778,,7.564179,-36.338392,5.420,-0.078,Pup
36795,,7.567551,-22.296067,4.440,0.521,Pup
36812,,7.571081,3.371725,5.830,-0.018,CMi
36817,,7.571839,-23.473661,5.060,0.468,Pup
36848,,7.576333,-27.012275,5.780,1.045,Pup
36850,Castor,7.576634,31.888276,1.580,0.034,Gem
36896,,7.585778,30.960924,5.340,1.01,Gem
36917,,7.589694,-28.369323,4.650,-0.111,Pup
36942,,7.594365,-52.533836,4.930,1.373,Car
36962,,7.598708,26.895741,4.060,1.54,Gem
36981,,7.601082,-14.492771,5.660,-0.067,Pup
37023,,7.608789,46.180288,5.660,1.56,Lyn
37031,,7.609641,5.862171,5.890,0.602,CMi
37036,,7.611398,-19.702338,5.690,-0.165,Pup
37043,,7.6122,-48.830167,5.690,-0.037,Pup
37046,,7.613067,55.75506,5.930,1.123,Lyn
37088,,7.621303,-4.110979,5.140,0.442,Mon
37096,,7.622809,-34.96853,4.530,-0.081,Pup
37140,,7.631628,48.773842,5.930,0.221,Lyn
37173,,7.638346,-25.364804,4.690,-0.1,Pup
37174,,7.638391,-48.601436,5.680,0.683,Pup
37204,,7.64246,35.04855,5.580,0.921,Gem
37223,,7.645528,-36.49683,5.780,-0.148,Pup
37229,,7.647186,-26.803836,3.800,-0.159,Pup
37265,Jishui,7.65276,34.584346,4.890,0.413,Gem
37279,Procyon,7.655033,5.224993,0.400,0.432,CMi
37297,,7.657595,-38.308021,4.840,-0.189,Pup
37300,,7.657942,17.674519,5.040,1.616,Gem
37322,,7.662171,-38.139287,5.730,-0.125,Pup
37329,,7.663299,-38.260652,5.760,-0.071,Pup
37345,,7.666109,-37.579422,5.990,-0.04,Pup
37364,,7.670425,-19.660861,5.920,1.158,Pup
37369,,7.67075,38.344539,5.770,1.654,Lyn
37379,,7.673114,-15.26392,4.980,1.543,Pup
37391,,7.675295,87.020091,5.050,1.604,Cep
37428,,7.682922,23.018527,5.930,1.561,Gem
37441,,7.686782,48.131533,5.580,1.011,Lyn
37447,,7.687454,-9.551131,3.940,1.022,Mon
37450,,7.687727,-38.533532,5.410,-0.13,Pup
37478,,7.693099,3.624779,5.950,-0.032,CMi
37504,,7.697004,-72.606098,3.930,1.033,Vol
37508,,7.697735,13.480453,5.790,1.669,Gem
37521,,7.700894,14.208503,5.550,1.642,Gem
37590,,7.713376,-26.351326,5.640,0.99,Pup
37606,,7.715865,-45.173118,5.040,0.765,Pup
37609,,7.716788,58.71036,4.930,0.104,Lyn
37623,,7.719996,-36.050089,5.600,-0.13,Pup
37629,,7.721867,28.88351,4.230,1.118,Gem
37648,,7.725663,-28.410885,4.630,1.632,Pup
37664,,7.728307,-40.933746,5.120,1.104,Pup
37677,,7.73013,-28.954826,3.940,0.16,Pup
37701,,7.734495,50.433794,5.310,-0.001,Lyn
37704,,7.735254,25.784159,5.300,1.535,Gem
37710,,7.736027,-36.062505,5.800,0.32,Pup
37740,,7.740793,24.397993,3.570,0.932,Gem
37751,,7.742825,-24.674079,5.620,-0.191,Pup
37752,,7.74283,-37.942917,5.890,-0.115,Pup
37819,,7.754249,-37.968584,3.620,1.706,Pup
37826,Pollux,7.755277,28.026199,1.160,0.991,Gem
37853,,7.759736,-34.172363,5.360,0.589,Pup
37891,,7.765797,-14.563805,5.030,0.342,Pup
37901,,7.767275,-6.772511,5.490,1.378,Mon
37908,,7.768736,18.510043,4.890,1.425,Gem
37915,,7.769596,-37.93367,5.870,-0.111,Pup
37921,,7.771167,10.768252,5.250,0.018,CMi
37946,,7.777577,37.517394,5.150,1.588,Lyn
37949,,7.777793,65.455676,5.930,1.183,Cam
37995,,7.786821,-22.51951,5.900,-0.18,Pup
38010,,7.790276,-38.511145,5.070,-0.112,Pup
38016,,7.791757,33.415697,5.140,1.635,Gem
38020,,7.792085,-46.60849,5.220,-0.151,Pup
38048,,7.799089,-12.192705,5.480,0.478,Pup
38070,,7.801436,-25.937169,4.400,-0.07,Pup
38089,,7.805608,-47.077722,4.690,1.039,Pup
38146,,7.817132,-24.912208,5.320,0.751,Pup
38152,,7.818533,-56.41036,5.570,1.116,Car
38159,,7.82024,-46.857717,5.820,-0.142,Pup
38160,,7.820257,-60.283688,5.780,0.428,Car
38164,,7.820638,-46.373205,4.100,-0.16,Pup
38167,,7.820736,-35.243286,5.940,-0.051,Pup
38170,Azmidi,7.821571,-24.859786,3.340,1.218,Pup
38200,,7.826502,-33.28895,5.610,1.617,Pup
38210,,7.828054,-66.195974,5.780,-0.04,Vol
38211,,7.828111,-17.228408,5.170,1.282,Pup
38253,,7.836271,-9.183441,5.600,1.446,Mon
38267,,7.839957,-50.509468,5.890,1.088,Pup
38373,,7.861663,1.766868,5.120,-0.116,CMi
38375,,7.861952,-21.173662,5.620,0.956,Pup
38382,,7.862862,-13.898029,5.160,0.6,Pup
38414,,7.870288,-40.575786,3.710,1.012,Pup
38423,,7.871024,-34.705442,5.010,0.47,Pup
38427,,7.871911,-14.846175,5.690,0.368,Pup
38438,,7.874929,-54.367165,5.700,-0.151,Car
38455,,7.877402,-38.862812,4.490,-0.188,Pup
38474,,7.879961,-5.428257,5.760,0.412,Mon
38497,,7.884308,-36.363769,5.440,1.161,Pup
38500,,7.884344,-49.613044,4.630,-0.228,Pup
38518,,7.888378,-48.102934,4.220,-0.13,Pup
38538,,7.891616,26.765783,4.970,0.098,Gem
38593,,7.903058,-35.877287,5.480,-0.175,Pup
38639,,7.911864,47.564596,5.470,1.462,Lyn
38656,,7.91482,-57.302806,5.620,1.298,Car
38712,,7.925398,8.86284,5.860,0.369,CMi
38722,,7.927749,19.88397,5.380,-0.035,Gem
38783,,7.938514,-60.526436,5.740,1.554,Car
38827,,7.946313,-52.98236,3.460,-0.177,Car
38835,,7.94765,-22.880119,4.200,0.718,Pup
38846,,7.94939,-43.500411,5.360,-0.166,Pup
38848,,7.949848,15.790281,5.800,1.285,Cnc
38872,,7.955118,-44.109859,5.080,-0.166,Pup
38901,,7.961141,-30.33457,4.760,0.151,Pup
38908,,7.962946,-60.303072,5.590,0.573,Car
38917,,7.964368,-45.577669,5.140,1.263,Pup
38957,,7.970678,-49.244912,4.470,-0.18,Pup
38962,,7.972404,2.224767,5.300,0.933,CMi
38994,,7.98071,-60.824462,5.770,-0.082,Car
39014,,7.983835,-45.215844,5.980,-0.143,Pup
39023,,7.984921,-23.310396,5.090,1.111,Pup
39061,,7.991217,-39.296944,5.220,0.4,Pup
39070,,7.993762,-60.587061,5.190,1.758,Car
39079,,7.995598,-3.679583,4.930,1.205,Mon
39095,,7.997792,-18.399228,4.610,0.087,Pup
39117,,8.003264,73.917919,5.370,1.424,Cam
39138,,8.005547,-63.567456,4.810,-0.173,Car
39177,,8.013141,17.308703,5.600,1.317,Cnc
39184,,8.013875,-54.151275,5.870,-0.134,Car
39191,,8.01552,25.392836,5.870,1.021,Cnc
39211,,8.020371,-1.392608,4.690,1.475,Mon
39213,,8.020525,4.879824,5.650,0.013,CMi
39221,,8.022434,59.047398,5.780,0.421,Lyn
39236,,8.02508,16.455309,5.990,-0.024,Cnc
39251,,8.027091,-37.28372,5.900,0.147,Pup
39311,,8.03776,2.334571,4.390,1.252,CMi
39360,,8.045774,-41.309828,5.520,-0.152,Pup
39380,,8.051156,-32.463548,5.830,1.225,Pup
39424,,8.058634,27.794332,4.940,1.13,Gem
39429,Naos,8.059737,-40.003148,2.210,-0.269,Pup
39487,,8.071164,-32.674829,5.250,1.882,Pup
39527,,8.078445,-50.590396,5.960,1.213,Vel
39538,,8.079768,79.479612,5.390,-0.04,Cam
39566,,8.084363,-53.107921,5.520,1.347,Car
39567,,8.08458,13.118215,5.140,0.018,Cnc
39659,,8.10511,22.63549,5.960,1.652,Cnc
39690,,8.111206,-45.266015,5.040,1.488,Vel
39734,,8.121678,-20.554342,5.330,0.1,Pup
39757,Tureis,8.125737,-24.304324,2.830,0.458,Pup
39780,,8.129404,21.581816,5.300,0.642,Cnc
39794,,8.132173,-68.617062,4.350,-0.113,Vol
39847,,8.140963,51.50667,4.780,0.048,Lyn
39863,,8.143236,-2.983786,4.360,0.97,Mon
39903,,8.150213,-61.302429,4.740,0.437,Car
39906,,8.150455,-19.245014,4.400,-0.16,Pup
39919,,8.152641,-48.684413,5.660,-0.101,Vel
39943,,8.157926,-16.248922,5.660,-0.153,Pup
39953,,8.158876,-47.336588,1.750,-0.145,Vel
39957,,8.159342,-56.085384,5.660,0.204,Car
39961,,8.159977,-44.122773,5.200,-0.173,Vel
39970,,8.161988,-47.937193,5.230,-0.199,Vel
39995,,8.167719,58.248242,5.910,1.365,Lyn
40023,,8.174218,25.507334,5.730,0.825,Cnc
40035,,8.177731,-13.799207,5.530,0.488,Pup
40077,,8.186332,-48.461994,5.830,-0.146,Vel
40084,,8.187863,-12.926999,4.720,0.939,Pup
40091,,8.189304,-39.618545,4.440,1.59,Pup
40096,,8.190526,-42.987278,4.730,0.164,Pup
40107,,8.192501,-7.772539,5.360,0.892,Hya
40155,,8.199991,-46.644351,5.770,0.626,Vel
40167,Tegmine,8.203535,17.647771,4.670,0.531,Cnc
40183,,8.208554,-46.264285,6.000,-0.113,Vel
40215,,8.213552,68.474072,5.340,1.037,UMa
40240,,8.21913,29.656536,5.620,-0.073,Cnc
40259,,8.222213,-15.788221,4.990,1.066,Pup
40274,,8.224866,-35.899518,4.780,-0.11,Pup
40282,,8.226178,-50.196072,5.520,1.651,Vel
40285,,8.22671,-46.991628,5.140,-0.139,Vel
40305,,8.230607,56.452246,5.880,1.016,Lyn
40321,,8.232865,-36.322281,5.090,-0.184,Pup
40326,,8.234143,-40.34789,4.420,1.17,Pup
40344,,8.237017,-35.490019,5.770,1.024,Pup
40357,,8.239965,-45.834522,5.860,-0.176,Vel
40429,,8.254427,-62.915643,5.160,0.086,Car
40526,Tarf,8.275256,9.185545,3.530,1.481,Cnc
40646,,8.297338,59.571133,5.630,0.182,Lyn
40678,,8.304832,-35.451703,5.590,1.246,Pup
40680,,8.305219,-65.613192,5.060,1.129,Vol
40693,,8.306651,-12.632173,5.950,0.754,Pup
40702,,8.308703,-76.919722,4.050,0.413,Cha
40706,,8.309258,-36.659288,4.440,0.222,Pup
40772,,8.321437,62.507159,5.730,0.891,UMa
40793,,8.32562,75.756907,5.550,0.902,Cam
40817,,8.330274,-71.514906,5.330,-0.063,Vol
40834,,8.333486,-71.505377,5.630,-0.099,Vol
40843,,8.334406,27.217707,5.130,0.487,Cnc
40866,,8.339158,20.747721,5.800,1.137,Cnc
40875,,8.340564,57.743278,5.890,0.421,Lyn
40881,Piautos,8.34226,24.022314,5.920,-0.039,Cnc
40888,,8.344115,-77.484477,4.340,1.161,Cha
40889,,8.344533,72.407232,6.000,1.537,UMa
40932,,8.353361,-57.97322,5.960,-0.092,Car
40943,,8.355846,-36.484177,5.180,-0.187,Pup
40944,,8.355895,-20.079058,5.580,0.771,Pup
40945,,8.356397,-33.054366,4.830,1.419,Pup
40990,,8.365169,-17.586334,5.710,1.05,Pup
41003,,8.367918,-73.399985,5.280,0.014,Vol
41037,Avior,8.375236,-59.509483,1.860,1.196,Car
41039,,8.375471,-48.490381,4.790,-0.146,Vel
41074,,8.380538,-26.34822,5.880,0.379,Pup
41075,Alsciaukat,8.380588,43.188131,4.250,1.55,Lyn
41080,,8.381693,-7.54312,5.920,1.635,Hya
41081,,8.381991,-52.12373,5.890,0.018,Vel
41117,,8.3894,18.3322,5.940,0.175,Cnc
41152,,8.396809,53.219712,5.520,0.125,Lyn
41191,,8.405637,-80.914202,5.670,1.018,Cha
41211,,8.409726,-3.75124,5.610,0.478,Hya
41242,,8.415328,-23.153745,5.670,0.066,Pup
41250,,8.415891,-42.769834,5.970,-0.159,Pup
41260,,8.417706,-24.046212,5.320,1.476,Pup
41296,,8.42537,-51.727415,5.180,-0.164,Vel
41299,,8.426538,2.102209,5.740,1.528,Hya
41307,,8.427676,-3.906424,3.910,-0.012,Hya
41312,,8.428951,-66.13689,3.770,1.132,Vol
41321,,8.431002,-64.600618,5.950,0.971,Vol
41323,,8.431087,-42.153072,5.450,-0.142,Pup
41325,,8.43188,7.564506,5.130,0.934,Cnc
41328,,8.432108,-14.929661,5.960,0.167,Pup
41375,,8.440891,-3.987479,5.600,0.218,Hya
41377,,8.44103,27.893583,5.580,1.421,Cnc
41395,,8.444987,-12.534602,5.520,1.167,Pup
41400,,8.445539,12.654612,5.560,1.608,Cnc
41451,,8.45466,-70.093482,5.510,-0.024,Vol
41483,,8.46017,-53.08848,5.080,0.256,Vel
41515,,8.466506,-35.113761,5.750,-0.151,Pyx
41578,,8.477039,14.210822,5.940,0.201,Cnc
41616,,8.484654,-47.928923,5.330,-0.14,Vel
41621,,8.485436,-44.160413,5.820,-0.16,Vel
41639,,8.490968,-44.724812,5.030,-0.168,Vel
41674,,8.496011,-46.331693,5.980,-0.127,Vel
41676,,8.496182,67.297441,5.890,0.972,UMa
41704,Muscida,8.504431,60.718169,3.350,0.856,UMa
41723,,8.507948,-32.159285,5.610,1.509,Pyx
41816,,8.525145,24.081105,5.710,0.327,Cnc
41817,,8.525257,-19.577462,5.420,-0.061,Pyx
41822,,8.526592,18.09442,5.330,1.567,Cnc
41861,,8.534712,-53.21192,5.680,0.582,Vel
41909,,8.545139,20.441162,5.330,1.252,Cnc
41935,,8.54861,38.016368,5.880,1.106,Lyn
42001,,8.560676,-38.848815,5.920,-0.114,Vel
42008,,8.562077,4.757,5.890,1.066,Hya
42028,,8.567116,-2.151555,5.800,0.007,Hya
42080,,8.576711,65.14517,5.470,0.207,UMa
42088,,8.578778,-49.944203,5.010,1.304,Vel
42090,,8.578858,36.419619,5.760,0.051,Lyn
42129,,8.587658,-58.224735,5.270,-0.133,Car
42134,,8.5888,-58.009228,4.840,0.981,Car
42146,,8.591166,-7.982292,5.720,-0.004,Hya
42147,,8.591307,-26.843487,5.950,0.393,Pyx
42172,,8.597493,6.62022,5.910,0.53,Cnc
42177,,8.597787,-50.969651,5.790,-0.132,Vel
42265,,8.61827,9.65558,5.920,0.083,Cnc
42286,,8.6219,-62.853465,5.450,1.013,Car
42312,,8.627399,-42.989081,4.110,0.109,Vel
42313,,8.627602,5.703782,4.140,0.003,Hya
42334,,8.631154,-26.255,5.240,-0.03,Pyx
42365,,8.638607,32.802021,5.960,1.111,Cnc
42372,,8.639504,53.401539,5.660,0.964,UMa
42402,Minchir,8.645955,3.341435,4.450,1.216,Hya
42425,,8.651428,-70.386745,5.190,0.013,Vol
42430,,8.652198,-22.661875,5.050,0.72,Pyx
42438,,8.653257,65.020907,5.630,0.618,UMa
42452,,8.654898,52.711623,5.910,1.167,UMa
42459,,8.656626,-53.439767,5.450,-0.132,Vel
42483,,8.661799,-29.561084,4.860,0.9,Pyx
42504,,8.666002,-53.054729,5.180,-0.147,Vel
42509,,8.667076,-12.475372,4.980,1.415,Hya
42515,,8.668373,-35.308352,3.970,0.936,Pyx
42527,,8.67024,64.327936,4.590,1.179,UMa
42535,,8.671521,-53.015398,5.560,-0.125,Vel
42536,,8.671554,-52.921887,3.600,-0.168,Vel
42540,,8.671996,-40.263875,5.200,-0.027,Vel
42564,,8.676461,-45.191103,5.670,1.664,Vel
42568,,8.676953,-59.761003,4.310,-0.117,Car
42570,,8.677103,-46.648744,3.770,0.67,Vel
42604,,8.683629,45.83401,5.350,0.993,Lyn
42614,,8.684812,-48.92268,5.900,-0.186,Vel
42624,,8.686982,-47.317125,4.740,0.137,Vel
42637,,8.688773,-78.963359,5.460,-0.101,Cha
42662,,8.695371,-15.943384,4.870,1.063,Hya
42679,,8.699142,-45.410714,5.200,0.171,Vel
42712,,8.704498,-48.09909,5.480,-0.172,Vel
42715,,8.705278,-53.100056,5.490,-0.127,Vel
42726,,8.707054,-53.113984,4.830,-0.173,Vel
42795,,8.720091,12.680876,5.620,0.435,Cnc
42799,,8.72041,3.398662,4.300,-0.192,Hya
42806,Asellus Borealis,8.721431,21.468501,4.660,0.01,Cnc
42828,,8.726539,-33.186385,3.680,-0.18,Pyx
42834,,8.727854,-49.822802,5.150,-0.197,Vel
42835,,8.727882,-7.23373,4.630,0.84,Hya
42884,,8.739987,-42.649276,4.050,0.874,Vel
42911,Asellus Australis,8.74475,18.154309,3.940,1.083,Cnc
42913,Alsephina,8.745059,-54.708821,1.930,0.043,Vel
42917,,8.745844,10.08167,5.630,-0.069,Cnc
42923,,8.747758,-37.147249,5.740,-0.139,Pyx
43012,,8.765339,-79.504373,5.790,1.595,Cha
43023,,8.767124,-46.041527,3.870,0.015,Vel
43026,,8.767354,-2.048655,5.700,1.097,Hya
43067,,8.772927,-13.54772,4.320,0.9,Hya
43082,,8.775152,-45.912504,5.430,0.238,Vel
43103,,8.778284,28.759898,4.030,1.007,Cnc
43105,,8.778487,-56.769776,4.500,-0.169,Car
43109,Ashlesha,8.779587,6.418809,3.380,0.685,Hya
43121,,8.782227,12.109952,5.890,0.12,Cnc
43142,,8.787496,-1.897033,5.280,0.058,Hya
43148,,8.788568,-46.155415,5.710,0.554,Vel
43234,,8.807214,5.837812,4.350,-0.044,Hya
43305,,8.822702,-3.443023,5.300,-0.08,Hya
43325,,8.827545,-40.320158,5.470,0.066,Vel
43347,,8.8299,-45.307875,4.940,0.043,Vel
43352,,8.830972,-32.780525,5.190,0.876,Pyx
43370,,8.833953,-29.462997,5.860,0.948,Pyx
43392,,8.839172,-42.089791,6.000,-0.114,Vel
43409,,8.842204,-27.709844,4.020,1.272,Pyx
43413,,8.842628,-46.529187,5.090,-0.205,Vel
43414,,8.842982,-66.792981,5.340,0.423,Vol
43496,,8.859559,-7.177226,5.550,0.15,Hya
43499,,8.860145,-57.633577,5.590,-0.102,Car
43531,,8.865787,43.726603,5.150,0.971,Lyn
43550,,8.869453,42.002735,5.980,1.251,Lyn
43553,,8.869936,45.312819,5.960,1.233,Lyn
43584,,8.876284,32.474157,5.670,0.224,Cnc
43587,Copernicus,8.876625,28.330819,5.960,0.869,Cnc
43589,,8.877391,-48.359097,5.920,-0.148,Vel
43603,,8.880005,-38.724086,5.790,1.508,Vel
43644,,8.889601,61.962268,5.720,0.305,UMa
43669,,8.896851,-60.353909,5.780,-0.088,Car
43671,,8.897388,-47.520778,5.310,0.275,Vel
43721,,8.904091,30.579115,5.400,1.05,Cnc
43783,,8.917457,-60.644609,3.840,-0.104,Car
43797,,8.919936,-54.965768,5.700,0.481,Vel
43798,,8.920119,-18.241189,5.750,1.327,Hya
43813,,8.92323,5.945563,3.110,0.978,Hya
43825,,8.925434,-27.681871,4.870,0.142,Pyx
43834,,8.927689,27.927481,5.230,1.0,Cnc
43851,,8.932097,11.626023,5.440,1.462,Cnc
43878,,8.938686,-52.723475,4.680,-0.115,Vel
43894,,8.941814,40.201474,5.900,0.378,Lyn
43899,,8.942813,-16.708748,5.950,1.544,Hya
43903,,8.943741,64.603831,5.570,0.877,UMa
43908,,8.944949,-85.663152,5.430,0.306,Oct
43923,,8.947218,45.631646,5.720,1.125,Lyn
43932,,8.949056,32.91043,5.440,0.181,Cnc
43937,,8.949562,-59.229338,4.930,-0.182,Car
43970,,8.954152,15.322762,5.220,0.149,Cnc
44001,,8.959777,15.581281,5.680,0.209,Cnc
44024,,8.965434,-48.57291,5.880,1.06,Vel
44066,Acubens,8.974784,11.857701,4.260,0.141,Cnc
44075,,8.978869,-16.132727,5.800,0.521,Hya
44093,,8.981216,-47.234688,5.170,0.268,Vel
44127,Talitha,8.986828,48.041826,3.120,0.223,UMa
44143,,8.990078,-59.083712,5.170,0.417,Car
44154,,8.992405,32.418559,5.230,0.913,Cnc
44191,,9.001505,-41.253605,4.450,0.646,Vel
44248,,9.010685,41.782911,3.960,0.463,Lyn
44256,,9.012707,-60.963828,5.800,1.211,Car
44283,,9.019027,-68.683916,5.890,1.634,Vol
44299,,9.022462,-41.864254,5.560,-0.135,Vel
44307,,9.023369,32.252296,5.890,0.088,Cnc
44337,,9.029046,-52.188685,5.230,-0.12,Vel
44356,,9.032774,-0.482673,5.640,1.163,Hya
44382,,9.040777,-66.396076,4.000,0.145,Vol
44390,,9.04242,67.629619,4.740,1.542,UMa
44405,,9.045629,24.452915,5.450,-0.041,Cnc
44406,,9.045783,7.298267,5.850,1.1,Cnc
44471,Alkaphrah,9.060427,47.156525,3.570,0.007,UMa
44504,,9.066778,54.283887,5.740,0.034,UMa
44511,,9.069248,-47.097737,3.750,1.174,Vel
44599,,9.085785,-72.602705,4.470,0.607,Car
44613,,9.090028,48.530314,5.480,0.475,UMa
44626,,9.093994,-70.538497,4.660,-0.149,Car
44659,,9.099546,5.092316,4.990,1.189,Hya
44700,,9.108825,38.452215,4.560,1.037,Lyn
44798,,9.129115,10.668191,5.230,-0.092,Cnc
44816,Suhail,9.133268,-43.432589,2.230,1.665,Vel
44818,,9.133348,29.654235,5.420,0.888,Cnc
44824,,9.134133,-25.858536,4.620,1.594,Pyx
44857,,9.139867,66.873235,5.150,1.514,UMa
44883,,9.14505,-8.589524,5.600,-0.057,Hya
44892,,9.146483,26.629112,5.950,0.654,Cnc
44897,,9.147526,33.882217,5.950,0.585,Lyn
44901,,9.147863,51.604648,4.460,0.288,UMa
44923,,9.15117,-18.328548,5.730,0.0,Hya
44936,,9.153198,-12.357706,5.760,0.937,Hya
44946,Nahn,9.155982,22.045446,5.160,0.97,Cnc
44961,,9.15988,-8.787648,5.470,1.002,Hya
45001,,9.16567,-30.365401,5.590,0.179,Pyx
45038,,9.173204,67.134018,4.800,0.489,UMa
45075,,9.181941,63.513633,4.670,0.381,UMa
45080,,9.182804,-58.966896,3.430,-0.19,Car
45085,,9.184556,-44.867902,4.990,0.222,Vel
45101,,9.187985,-62.316977,3.960,-0.18,Car
45122,,9.192607,-46.583911,5.780,-0.218,Vel
45158,,9.19965,-19.747628,5.720,0.977,Hya
45189,,9.20848,-43.613262,5.560,-0.107,Vel
45219,,9.215452,-59.413928,5.540,0.846,Car
45238,Miaplacidus,9.220041,-69.717208,1.670,0.07,Car
45270,,9.226239,-47.338407,5.920,-0.051,Vel
45290,,9.230059,43.217825,5.300,-0.13,Lyn
45314,,9.235615,-44.145822,5.850,-0.113,Vel
45328,,9.238335,-55.569629,5.260,0.98,Vel
45333,,9.239041,61.423318,5.180,0.605,UMa
45336,,9.239405,2.31428,3.890,-0.06,Hya
45344,,9.240136,-43.227493,5.240,-0.137,Vel
45386,,9.249213,-37.602396,5.850,0.827,Vel
45410,,9.253848,14.941507,5.360,1.319,Cnc
45412,,9.253963,34.633516,5.980,0.839,Lyn
45439,,9.2602,-38.569942,4.920,1.084,Vel
45448,,9.262522,-37.413144,4.630,0.473,Vel
45455,,9.263832,56.741406,5.280,1.568,UMa
45461,,9.264639,72.946326,5.930,0.179,UMa
45493,,9.269808,54.021857,4.800,0.199,UMa
45496,,9.270024,-57.541473,4.340,1.602,Car
45505,,9.273066,-44.265735,5.120,1.636,Vel
45526,,9.278158,-8.744759,5.490,-0.081,Hya
45527,,9.27826,-6.353144,5.240,1.172,Hya
45544,,9.282523,-39.401539,5.310,1.166,Vel
45556,Aspidiske,9.284838,-59.275229,2.210,0.189,Car
45559,,9.285478,-14.574069,5.830,1.049,Hya
45571,,9.288149,-68.689642,5.380,0.415,Car
45581,,9.290334,-74.894313,5.280,0.021,Car
45585,,9.291005,-74.734591,5.860,-0.024,Car
45590,,9.291993,46.817228,5.960,0.063,UMa
45631,,9.301633,-51.050859,5.260,-0.062,Vel
45661,,9.307199,35.36408,5.940,0.177,Lyn
45675,,9.311766,-51.560651,5.830,0.474,Vel
45688,,9.314069,36.802597,3.820,0.066,Lyn
45743,,9.32587,-15.834663,5.790,1.285,Hya
45751,,9.329551,-11.974853,4.770,0.927,Hya
45811,,9.341394,-9.555695,4.800,0.913,Hya
45856,,9.349117,-62.404632,4.790,0.926,Car
45860,,9.350925,34.392562,3.140,1.55,Lyn
45902,,9.35822,-25.965439,4.710,1.633,Pyx
45915,,9.362026,56.699219,5.790,1.511,UMa
45920,,9.363909,-55.514686,5.610,0.19,Vel
45924,,9.36416,-42.19486,5.560,1.637,Vel
45941,Markeb,9.368562,-55.010668,2.470,-0.141,Vel
45962,,9.373331,-46.047445,5.740,0.903,Vel
46026,,9.386739,-28.833873,4.710,0.892,Pyx
46101,,9.401526,-61.648902,5.990,1.06,Car
46107,,9.40268,-80.786876,5.340,0.454,Cha
46146,,9.410906,26.182324,4.470,1.222,Leo
46221,,9.423343,-5.117394,5.600,1.523,Hya
46225,,9.424253,-61.950476,5.770,0.137,Car
46283,,9.438324,-53.378909,5.090,-0.102,Vel
46358,,9.451788,-71.601895,5.460,1.079,Car
46371,,9.45511,-22.343783,4.720,1.154,Hya
46390,Alphard,9.45979,-8.658603,1.990,1.44,Hya
46404,,9.462995,-6.071187,5.380,0.642,Hya
46454,,9.474278,9.056778,5.400,0.605,Leo
46457,,9.474771,8.188298,5.720,1.045,Leo
46460,,9.47516,-66.701877,5.900,0.012,Car
46471,Intercrus,9.477775,45.601483,5.400,0.993,UMa
46482,,9.479763,-62.273134,5.910,1.102,Car
46509,,9.485805,-2.768964,4.590,0.411,Hya
46511,,9.486845,-20.749127,5.660,1.587,Hya
46515,,9.487423,-35.951335,4.510,1.408,Ant
46578,,9.498474,-26.589616,5.490,1.345,Ant
46594,,9.501421,-51.517164,5.450,-0.078,Vel
46618,,9.506246,-15.577352,5.860,1.193,Hya
46620,,9.50651,-58.361839,5.880,1.676,Car
46651,,9.511674,-40.466769,3.600,0.371,Vel
46652,,9.512006,33.655711,5.870,1.032,LMi
46657,,9.512804,-31.889222,5.750,0.066,Ant
46701,,9.520371,-57.034377,3.160,1.538,Vel
46733,,9.525453,63.061861,3.650,0.36,UMa
46734,,9.525601,-31.871831,5.910,0.258,Ant
46735,,9.525671,35.103273,5.390,1.543,LMi
46736,,9.52584,-35.71475,5.860,1.287,Ant
46741,,9.526752,-73.080913,5.460,1.556,Car
46750,Alterf,9.528675,22.967971,4.320,1.541,Leo
46771,,9.532428,11.299827,4.990,1.046,Leo
46774,,9.53266,9.715767,5.070,1.364,Leo
46776,,9.533036,-1.184664,4.540,0.109,Hya
46811,,9.538688,-40.649335,5.350,0.897,Vel
46813,,9.539003,-19.400303,5.740,0.135,Hya
46853,,9.547715,51.6773,3.170,0.475,UMa
46859,,9.548826,-13.516804,5.950,1.501,Hya
46880,,9.553461,-21.115722,5.020,1.023,Hya
46897,,9.557237,-22.863883,5.920,0.023,Hya
46914,,9.562374,-49.005072,5.120,-0.114,Vel
46928,,9.564857,-80.941258,5.070,-0.139,Cha
46950,,9.56911,-51.255266,5.010,-0.18,Vel
46952,,9.570384,36.397558,4.540,0.914,LMi
46974,,9.574071,-59.229753,4.080,-0.013,Car
46977,,9.574703,69.830343,4.540,0.781,UMa
46982,,9.575736,-5.914948,5.560,1.159,Hya
47006,,9.580405,52.051477,4.470,0.027,UMa
47013,,9.581508,72.205679,5.770,0.53,UMa
47029,,9.584399,39.621493,4.810,0.992,Lyn
47080,,9.594334,35.810133,5.400,0.77,LMi
47168,,9.611903,31.161734,5.570,1.594,Leo
47175,,9.613772,-49.355026,4.340,0.173,Vel
47187,,9.616725,-25.296759,5.680,1.116,Ant
47189,,9.617384,16.437952,5.730,1.223,Leo
47193,,9.618151,81.326382,4.280,1.488,Dra
47199,,9.619413,-32.178646,5.620,1.023,Ant
47204,,9.620184,-53.668508,5.440,0.137,Vel
47205,,9.620185,6.835802,5.000,1.051,Leo
47224,,9.624557,-36.095994,5.960,1.118,Ant
47267,,9.633736,-43.190944,5.510,0.985,Vel
47300,,9.639383,40.239793,5.280,0.223,Lyn
47310,,9.640913,4.649293,4.680,1.31,Hya
47391,,9.655839,-61.32806,4.510,-0.07,Car
47401,,9.65775,67.27223,5.960,1.528,UMa
47431,Ukdah,9.664267,-1.14281,3.900,1.313,Hya
47452,,9.671768,-14.332292,5.070,-0.149,Hya
47479,,9.678494,-57.983553,5.300,0.195,Car
47498,,9.68393,-57.259542,5.800,1.083,Car
47508,Subra,9.685843,9.892308,3.520,0.516,Leo
47522,,9.688058,-23.591514,4.760,-0.117,Hya
47544,,9.693087,31.277817,5.900,1.579,Leo
47559,,9.696648,-55.213762,5.990,-0.119,Vel
47570,,9.700098,39.757851,5.610,0.951,Lyn
47592,,9.704011,-23.915569,4.930,0.534,Hya
47594,,9.704137,69.237537,5.720,1.131,UMa
47654,,9.715895,72.252618,5.150,1.029,UMa
47701,,9.725906,29.974473,5.640,0.111,Leo
47717,,9.728406,-53.891282,5.560,-0.042,Vel
47723,,9.728862,14.021692,5.360,1.61,Leo
47758,,9.736694,-27.769471,4.780,0.516,Ant
47854,,9.754117,-62.507903,3.690,1.01,Car
47908,Ras Elased Australis,9.764188,23.774255,2.970,0.808,Leo
47943,,9.769457,6.708556,5.800,1.639,Leo
47956,,9.772352,-76.77612,5.430,0.901,Cha
47959,,9.773147,11.810043,5.670,1.489,Leo
47960,,9.773225,1.785586,5.650,0.342,Sex
47963,,9.775104,-44.75506,5.580,-0.176,Vel
47965,,9.775462,57.12807,5.090,1.594,UMa
48002,,9.785036,-65.072007,2.920,0.273,Car
48113,,9.80981,46.021008,5.080,0.619,UMa
48191,,9.824471,-37.186765,5.950,1.245,Ant
48224,,9.832541,-45.732736,5.090,-0.098,Vel
48287,,9.844985,-46.933923,5.720,1.085,Vel
48310,,9.848775,-62.745116,5.560,1.316,Car
48319,,9.849867,59.038735,3.780,0.291,UMa
48339,,9.853347,-59.425774,5.790,1.354,Car
48348,,9.855481,-46.193871,5.620,1.166,Vel
48356,Zhang,9.85797,-14.846603,4.110,0.918,Hya
48374,,9.861298,-46.54762,4.580,1.172,Vel
48390,,9.864732,24.395369,5.290,0.229,Leo
48402,,9.868433,54.064332,4.550,0.038,UMa
48437,,9.875121,-8.10503,5.070,0.038,Sex
48455,Rasalas,9.879398,26.006951,3.880,1.222,Leo
48519,,9.895257,5.958573,5.900,1.662,Sex
48527,,9.897251,-51.146713,5.950,-0.152,Vel
48559,,9.903425,-25.932345,4.870,1.199,Hya
48561,,9.904905,-45.283516,5.720,-0.114,Vel
48613,,9.914234,-50.243959,5.710,0.006,Vel
48615,Felis,9.914503,-19.00936,4.940,1.559,Hya
48682,,9.928612,49.819843,5.270,0.086,UMa
48734,,9.940549,8.933157,5.850,1.129,Leo
48748,,9.943192,-33.418496,5.830,1.202,Ant
48774,,9.947708,-54.56779,3.520,-0.067,Vel
48802,,9.953776,57.418196,5.970,0.895,UMa
48833,,9.96141,41.055633,5.110,0.481,LMi
48883,,9.970382,12.4448,5.260,-0.035,Leo
48893,,9.973019,72.879509,5.860,1.155,UMa
48926,,9.981191,-35.890973,5.230,0.3,Ant
48982,,9.993395,29.645233,5.750,1.059,Leo
49005,,9.997695,56.811807,5.500,1.487,UMa
49029,,10.003557,8.044223,4.680,1.589,Leo
49065,,10.012191,-82.21467,5.530,0.035,Cha
49081,,10.016864,31.923672,5.370,0.676,LMi
49164,,10.033361,-60.42089,5.930,0.263,Car
49220,,10.046931,21.949258,5.680,-0.178,Leo
49339,,10.072486,-24.285534,5.700,0.303,Hya
49363,,10.076759,53.891716,5.710,0.507,UMa
49402,,10.085408,-13.064626,4.600,-0.087,Hya
49485,,10.103115,-47.369995,5.060,0.88,Vel
49569,,10.119305,-17.141733,5.590,1.49,Hya
49583,,10.122209,16.762664,3.480,-0.031,Leo
49593,,10.123821,35.244693,4.490,0.19,LMi
49637,Yunü,10.131742,9.997508,4.390,1.448,Leo
49641,,10.1323,-0.371637,4.480,-0.032,Sex
49669,Regulus,10.139532,11.967207,1.360,-0.087,Leo
49698,,10.145223,-65.815438,5.260,0.973,Car
49712,,10.148957,-51.811261,4.850,-0.12,Vel
49764,,10.158386,-68.682779,5.800,0.015,Car
49809,,10.168302,-12.815923,5.300,0.368,Hya
49812,,10.168761,-8.40817,5.910,0.026,Sex
49841,,10.176467,-12.354083,3.610,1.007,Hya
49844,,10.177142,-41.715247,5.980,1.239,Vel
49865,,10.182184,-8.418462,5.640,1.304,Sex
49893,,10.186884,37.4019,5.860,1.282,LMi
49934,,10.19624,-58.060544,5.700,-0.118,Car
50027,,10.213435,4.61468,5.770,1.178,Sex
50070,,10.223016,-51.232971,5.270,0.257,Vel
50078,,10.224448,-51.755788,5.780,0.136,Vel
50083,,10.225184,-66.372811,5.150,0.217,Car
50099,,10.228961,-70.037903,3.290,-0.074,Car
50103,,10.229427,-40.346056,5.910,1.204,Ant
50191,,10.245607,-42.121942,3.850,0.051,Vel
50241,,10.258767,-43.112369,5.590,1.52,Vel
50303,,10.270677,29.310501,5.490,0.02,LMi
50319,,10.275639,23.503095,5.950,0.655,Leo
50333,,10.277983,13.728334,5.420,1.65,Leo
50335,Adhafera,10.278171,23.417311,3.430,0.307,Leo
50336,,10.278268,25.370705,5.840,1.206,Leo
50371,,10.28472,-61.332304,3.390,1.541,Car
50372,Tania Borealis,10.284952,42.914365,3.450,0.029,UMa
50384,,10.287378,23.10622,5.810,0.5,Leo
50414,,10.293834,-8.068914,5.250,0.336,Sex
50448,,10.300583,65.108351,5.740,0.163,UMa
50456,,10.302109,-28.992,5.520,0.277,Ant
50480,,10.307847,-41.66849,5.970,-0.063,Vel
50493,,10.310561,-56.110393,5.800,0.481,Vel
50520,,10.318083,-64.676258,5.660,0.042,Car
50546,,10.324117,48.396762,6.000,1.022,UMa
50555,,10.326877,-55.029305,4.590,1.6,Vel
50564,,10.328938,19.470914,4.780,0.452,Leo
50583,Algieba,10.332873,19.841489,2.010,1.128,Leo
50609,,10.337977,-47.69909,5.660,1.667,Vel
50676,,10.348557,-56.04322,4.500,-0.102,Vel
50685,,10.350943,68.747651,5.880,0.241,UMa
50786,,10.369607,41.22953,5.730,0.531,UMa
50799,,10.372108,-41.64996,4.820,1.095,Vel
50801,Tania Australis,10.372155,41.499516,3.060,1.603,UMa
50847,,10.382824,-66.901498,4.970,-0.128,Car
50860,,10.385091,33.908145,5.890,0.147,LMi
50885,,10.390688,-4.074035,5.930,-0.048,Sex
50888,,10.391478,-38.009839,5.340,0.251,Ant
50933,,10.402182,65.566423,4.940,-0.052,UMa
50935,,10.40239,33.718531,5.520,1.186,LMi
50954,,10.406592,-74.031612,3.990,0.369,Car
50993,,10.416516,-58.576303,5.930,0.315,Car
51008,,10.420887,8.784845,5.610,1.63,Leo
51046,,10.428964,-7.059829,5.600,1.528,Sex
51056,,10.431895,33.79612,4.720,0.26,LMi
51069,,10.434842,-16.83629,3.830,1.456,Hya
51140,,10.446924,-54.877302,5.580,1.556,Vel
51172,,10.45253,-31.067779,4.280,1.429,Ant
51192,,10.456798,-57.638805,4.650,0.474,Car
51194,,10.457042,-65.704664,6.000,0.091,Car
51200,,10.457792,41.601035,6.000,0.166,UMa
51232,,10.464649,-58.739403,3.810,0.317,Car
51233,,10.464727,36.707212,4.200,0.908,LMi
51313,,10.481274,-64.172278,5.270,1.856,Car
51362,,10.491306,-2.739078,5.190,-0.05,Sex
51364,,10.491383,-29.663832,5.580,1.42,Hya
51376,,10.493161,-30.607065,5.570,-0.041,Ant
51384,,10.495037,84.252009,5.520,0.244,Cam
51420,,10.501792,38.925132,5.790,0.087,LMi
51437,,10.504855,-0.637026,5.080,-0.138,Sex
51438,,10.505581,-71.992793,4.720,0.042,Car
51459,,10.510461,55.980536,4.820,0.541,UMa
51491,,10.516622,-13.58847,5.590,-0.028,Hya
51495,,10.517242,-73.22149,4.940,1.677,Car
51502,,10.518048,82.558587,5.250,0.399,Cam
51523,,10.522775,-53.715484,4.890,0.5,Vel
51556,,10.530937,32.379554,5.900,0.114,LMi
51561,,10.532622,-45.06671,5.760,-0.194,Vel
51576,,10.533743,-61.685332,3.300,-0.089,Car
51585,,10.536604,14.13727,5.430,1.696,Leo
51610,,10.54267,-44.618508,5.910,0.92,Vel
51623,,10.546615,-58.666745,5.980,0.29,Car
51624,Shaomin,10.546853,9.306586,3.840,-0.148,Leo
51635,,10.54913,-47.003353,5.020,1.045,Vel
51658,,10.553865,40.42556,4.720,0.222,UMa
51685,,10.558587,34.988695,5.570,0.029,LMi
51718,,10.566912,-23.745165,5.080,1.596,Hya
51775,,10.580004,6.953749,5.070,0.921,Leo
51802,,10.583933,8.650425,5.670,0.059,Leo
51808,,10.584878,75.712948,4.860,0.957,Dra
51814,,10.586017,57.082637,5.160,0.349,UMa
51821,,10.586905,-39.562589,5.500,3.015,Ant
51839,,10.591166,-78.607786,4.110,1.58,Cha
51849,,10.59314,-57.557636,4.450,1.604,Car
51912,,10.605706,-59.564392,5.080,1.172,Car
51933,,10.608994,-12.230121,5.710,0.528,Hya
51979,,10.620481,-27.412634,4.870,1.626,Hya
51986,,10.621717,-48.22562,3.840,0.3,Vel
52004,,10.624187,-58.733339,5.470,0.5,Car
52009,,10.625909,-13.384543,4.890,2.8,Hya
52043,,10.63407,-57.256309,5.890,-0.128,Car
52085,,10.643043,-16.876572,4.910,0.922,Hya
52098,,10.645337,31.976237,4.680,0.823,LMi
52102,,10.645834,-59.182997,4.690,1.562,Car
52127,,10.649906,-58.816854,5.960,1.692,Car
52136,,10.651581,53.6683,5.550,1.27,UMa
52139,,10.65213,37.91,5.840,0.595,LMi
52154,,10.655112,-55.603268,4.290,1.025,Vel
52221,,10.669848,-65.100209,5.510,-0.158,Car
52338,,10.696747,68.443499,5.740,1.315,UMa
52340,,10.697657,-79.783288,5.970,-0.071,Cha
52353,,10.69908,65.71628,5.120,1.207,UMa
52370,,10.703926,-64.466426,4.760,-0.139,Car
52405,,10.711269,-59.215759,5.360,0.213,Car
52407,,10.711997,-32.715673,5.630,0.006,Ant
52419,,10.715949,-64.39445,2.740,-0.22,Car
52422,,10.717191,26.325577,5.510,0.16,LMi
52425,,10.717789,69.076214,5.010,1.406,UMa
52452,,10.722478,4.747669,5.770,1.168,Sex
52457,,10.7236,23.188404,5.080,0.042,LMi
52468,,10.725639,-60.566619,4.580,1.7,Car
52469,,10.725822,46.203877,5.180,0.324,UMa
52478,,10.728702,57.199203,5.790,-0.038,UMa
52487,,10.73089,-64.249042,5.740,0.012,Car
52502,,10.735258,-63.961072,4.800,-0.134,Car
52577,,10.751118,67.411384,5.950,2.382,UMa
52595,,10.754546,-80.469597,5.460,0.957,Cha
52633,,10.763087,-80.540188,4.450,-0.188,Cha
52638,,10.764416,30.682313,5.360,-0.05,LMi
52678,,10.771269,-64.514559,5.330,-0.096,Car
52686,,10.773484,18.891523,5.500,1.134,Leo
52689,,10.773689,14.194645,5.490,0.908,Leo
52701,,10.774889,-64.263242,5.230,-0.077,Car
52727,,10.779488,-49.420255,2.690,0.901,Vel
52736,,10.780898,-64.383474,4.870,-0.149,Car
52737,,10.781127,-17.296874,5.440,0.112,Hya
52742,,10.782634,-56.757192,5.140,-0.08,Vel
52827,,10.801503,-59.919163,5.980,0.274,Car
52841,,10.803921,-31.68785,5.870,0.028,Hya
52863,,10.811266,-1.958896,5.920,1.608,Sex
52911,,10.820953,10.545202,5.320,0.035,Leo
52922,,10.823457,-59.323793,5.850,0.008,Car
52943,,10.827079,-16.193648,3.110,1.232,Hya
52948,,10.828747,-9.852695,5.850,1.074,Sex
52965,,10.832506,-34.058183,5.610,0.038,Ant
52980,,10.838349,-8.897763,5.800,0.156,Sex
53035,,10.851502,-3.092667,5.950,1.475,Sex
53043,,10.853067,56.58225,5.660,1.132,UMa
53064,,10.856594,59.320119,5.570,1.16,UMa
53154,,10.875236,-57.240405,5.260,0.13,Car
53229,Praecipua,10.888526,34.214871,3.790,1.04,LMi
53252,,10.891536,-20.138731,5.230,0.48,Hya
53253,,10.891559,-58.853171,3.780,0.945,Car
53257,,10.891986,69.853881,5.910,1.01,UMa
53261,,10.892911,54.585128,5.120,1.355,UMa
53272,,10.895031,-70.720337,5.990,-0.02,Car
53273,,10.895476,-2.129205,5.450,0.966,Leo
53295,,10.899648,43.189956,4.660,-0.039,UMa
53316,,10.904938,-13.758036,5.650,0.832,Crt
53334,,10.908222,-61.826622,5.950,1.736,Car
53377,,10.916163,34.034798,5.730,1.032,UMa
53394,,10.921456,-60.517003,5.930,1.065,Car
53417,,10.92689,24.749718,4.300,0.016,Leo
53423,,10.928444,0.736922,5.910,0.425,Leo
53426,,10.928999,33.506929,5.020,1.101,UMa
53449,,10.933742,6.185371,5.910,1.256,Leo
53502,,10.945289,-37.137765,4.600,1.006,Ant
53530,,10.952183,-50.765018,5.900,0.173,Vel
53699,,10.98715,-33.737595,5.700,0.374,Hya
53721,Chalawan,10.99112,40.430257,5.030,0.624,UMa
53723,,10.991925,-16.353701,5.880,1.6,Crt
53726,,10.992438,36.0931,5.990,1.595,UMa
53740,Alkes,10.996244,-18.298783,4.080,1.079,Crt
53762,,10.999831,-43.80711,5.810,-0.064,Vel
53773,,11.002572,-42.225859,4.370,0.116,Vel
53778,,11.003248,-14.083368,5.860,1.501,Crt
53781,,11.004084,45.526276,5.470,1.466,UMa
53807,,11.009347,3.617494,4.840,1.144,Leo
53824,,11.012445,6.101449,4.980,0.166,Leo
53838,,11.014009,39.212092,5.060,0.255,UMa
53907,,11.030465,-2.484585,4.730,1.593,Leo
53910,Merak,11.030677,56.382427,2.340,0.033,UMa
53954,,11.038827,20.179842,4.420,0.053,Leo
54029,,11.054133,-11.30347,5.510,0.938,Crt
54049,,11.060164,-0.000833,5.950,1.218,Leo
54061,Dubhe,11.062155,61.751033,1.810,1.061,UMa
54137,,11.075343,-47.679103,5.670,0.256,Vel
54173,,11.081721,-35.804678,5.430,0.021,Ant
54182,,11.083619,7.336007,4.620,0.332,Leo
54204,,11.088867,-27.293612,4.920,0.369,Hya
54255,,11.099324,-27.287853,5.690,-0.067,Hya
54301,,11.109015,-62.424113,4.620,0.988,Car
54327,,11.113866,-70.87793,5.580,-0.07,Car
54336,,11.115058,1.955525,5.520,0.955,Leo
54360,,11.121308,-42.638681,5.150,0.029,Cen
54461,,11.142778,-61.947175,5.110,0.195,Car
54463,,11.143165,-58.975037,3.930,1.225,Car
54477,,11.145557,-28.08067,5.430,0.069,Hya
54487,,11.146969,24.658464,5.700,0.081,Leo
54522,,11.155302,36.309379,5.710,1.4,UMa
54537,,11.160699,43.207736,5.890,1.564,UMa
54539,,11.161062,44.498487,3.000,1.144,UMa
54561,,11.164831,-32.367529,5.790,0.027,Hya
54682,,11.194302,-22.825847,4.460,0.025,Crt
54746,,11.209191,-49.100996,5.370,0.175,Cen
54751,,11.210005,-60.317625,4.590,0.541,Car
54767,,11.212568,-64.16977,5.220,-0.082,Car
54811,,11.220746,-44.372216,5.770,1.661,Cen
54829,,11.225219,-59.619318,5.740,-0.106,Car
54840,,11.227611,-53.231813,5.750,1.309,Cen
54849,,11.22932,-0.069502,5.400,-0.02,Leo
54863,,11.233843,8.060695,5.790,1.128,Leo
54872,Zosma,11.235138,20.523717,2.560,0.128,Leo
54879,Chertan,11.237335,15.42957,3.330,-0.003,Leo
54951,,11.253397,23.095502,4.560,1.657,Leo
55016,,11.264417,13.307578,5.310,1.189,Leo
55084,,11.277695,-3.651601,4.450,0.21,Leo
55086,,11.278299,49.47625,5.880,1.102,UMa
55137,,11.288167,2.010556,5.180,1.511,Leo
55219,Alula Borealis,11.307983,33.094306,3.490,1.4,UMa
55249,,11.315266,1.650395,5.900,1.04,Leo
55266,,11.318864,38.185557,4.760,0.113,UMa
55280,,11.321297,-64.582491,5.990,0.471,Car
55282,,11.322347,-14.778541,3.560,1.112,Crt
55425,,11.350117,-54.491019,3.900,-0.157,Cen
55434,,11.352276,6.029322,4.050,-0.058,Leo
55560,,11.380442,43.482703,4.990,0.998,UMa
55581,,11.385596,-56.779355,5.820,-0.004,Cen
55588,,11.386857,-36.164769,5.000,1.464,Cen
55597,,11.389283,-64.954714,5.090,-0.061,Mus
55598,,11.389415,-18.779973,5.080,0.439,Crt
55642,,11.398736,10.529509,4.000,0.423,Leo
55650,,11.400646,1.407765,5.390,0.938,Leo
55657,,11.4031,-72.256608,5.550,0.017,Mus
55687,,11.410164,-10.859323,4.810,1.556,Crt
55705,,11.414702,-17.68401,4.060,0.216,Crt
55716,,11.416369,11.430292,5.800,1.376,Leo
55756,,11.424852,-36.063062,5.210,0.979,Cen
55763,,11.425862,-37.747575,5.870,1.503,Cen
55765,,11.426771,16.456539,5.580,0.39,Leo
55779,,11.428717,-63.972475,5.180,0.495,Cen
55797,,11.43254,55.850459,5.730,0.988,UMa
55831,,11.443174,-61.115167,5.220,-0.077,Cen
55849,,11.446467,-53.159915,5.800,0.517,Cen
55874,,11.452644,-12.356749,5.930,0.49,Crt
55945,,11.465622,2.856265,4.950,1.0,Leo
56000,,11.476413,-42.674203,5.140,-0.028,Cen
56034,,11.484481,39.336974,5.300,0.019,UMa
56035,,11.484621,61.778368,5.830,0.382,UMa
56078,,11.494061,-24.464011,5.770,0.067,Crt
56080,,11.494957,15.413269,5.740,1.371,Leo
56127,,11.505248,-3.003501,4.770,1.529,Leo
56146,,11.508065,18.409801,5.540,1.056,Leo
56148,,11.508651,43.173242,5.940,0.524,UMa
56211,Giausar,11.523407,69.331076,3.820,1.613,Dra
56243,,11.529464,-59.442061,5.070,1.026,Cen
56250,,11.530223,-59.515648,5.120,0.432,Cen
56280,,11.53789,-29.261022,4.930,0.54,Hya
56287,,11.538888,-66.961823,5.890,1.136,Mus
56290,,11.539097,61.08252,5.460,0.515,UMa
56318,,11.546538,-7.827523,5.940,1.38,Crt
56319,,11.546693,-40.436194,5.640,1.578,Cen
56332,,11.54837,-31.087226,5.130,1.581,Hya
56343,,11.550038,-31.857625,3.540,0.947,Hya
56391,,11.560337,-40.586637,5.390,0.117,Cen
56445,,11.572764,3.060165,5.760,0.48,Leo
56452,,11.574878,-32.83134,5.960,0.811,Hya
56473,,11.57847,16.796915,5.950,-0.156,Leo
56480,,11.579355,-54.264091,4.620,-0.077,Cen
56497,,11.582473,-49.13649,5.500,1.041,Cen
56510,,11.584695,54.785419,5.630,1.032,UMa
56518,,11.58703,-47.37258,5.640,1.682,Cen
56561,,11.596363,-63.019841,3.110,-0.044,Cen
56573,,11.598771,-47.641643,5.260,0.257,Cen
56583,,11.600744,69.322952,5.190,0.974,Dra
56601,,11.604987,27.781351,5.800,0.248,Leo
56606,,11.606215,-61.052433,5.840,-0.102,Cen
56620,,11.609706,-33.570057,5.710,1.02,Hya
56633,,11.611365,-9.802247,4.700,-0.073,Crt
56647,,11.615814,-0.823749,4.300,0.983,Leo
56656,,11.616852,-61.283442,5.140,1.105,Cen
56675,,11.621074,-75.896544,5.640,0.362,Cha
56700,,11.626114,-47.747309,5.460,1.23,Cen
56727,,11.630127,-67.620379,5.940,1.013,Mus
56754,,11.635371,-61.826563,5.150,-0.04,Cen
56770,,11.639056,43.625429,5.560,0.348,UMa
56779,,11.641002,8.134298,5.240,1.499,Vir
56802,,11.644449,-13.201943,5.480,0.52,Crt
56862,,11.658227,-65.397766,5.010,0.804,Mus
56922,,11.670221,-34.74466,4.700,-0.07,Hya
56970,,11.678468,-53.968607,5.950,1.67,Cen
56975,,11.679742,21.35273,5.260,0.984,Leo
56986,,11.681568,-62.090101,4.930,1.111,Cen
56997,,11.684171,34.201635,5.310,0.723,UMa
57013,,11.688836,-43.095667,5.540,0.044,Cen
57029,,11.69286,31.746058,5.730,0.44,UMa
57047,,11.695541,-32.499404,5.200,1.475,Hya
57111,,11.707889,66.744906,5.320,1.267,Dra
57165,,11.724219,-37.190155,5.980,1.449,Cen
57175,,11.725332,-62.489396,5.000,0.784,Cen
57283,,11.746049,-18.350674,4.710,0.958,Crt
57328,,11.754733,8.258119,4.840,0.174,Vir
57363,,11.760141,-66.728763,3.630,0.16,Mus
57371,,11.762216,-45.690134,5.280,-0.118,Cen
57380,,11.764322,6.529376,4.040,1.501,Vir
57399,Taiyangshou,11.767515,47.779406,3.690,1.181,UMa
57439,,11.775232,-61.178398,4.110,0.895,Cen
57443,,11.775376,-40.500354,4.890,0.664,Cen
57477,,11.782116,55.62819,5.270,1.276,UMa
57512,,11.788654,-57.696498,5.420,1.664,Cen
57562,,11.798584,8.245895,5.310,0.038,Vir
57565,,11.799762,20.218931,4.500,0.547,Leo
57581,,11.80403,-66.81491,4.750,1.522,Mus
57606,,11.810753,14.28421,5.900,0.303,Leo
57613,,11.812524,-26.749777,5.100,1.594,Hya
57632,Denebola,11.817663,14.57206,2.140,0.09,Leo
57669,,11.828077,-63.788478,4.300,-0.149,Cen
57670,,11.828258,34.931758,5.730,0.467,UMa
57696,,11.832395,-70.22579,4.980,1.36,Mus
57741,,11.840911,-62.649381,5.680,0.233,Cen
57757,Zavijava,11.844922,1.764718,3.590,0.518,Vir
57791,,11.85062,-5.333332,5.620,1.058,Vir
57803,,11.852419,-45.17347,4.470,1.283,Cen
57841,,11.861559,-30.834809,5.850,0.554,Hya
57851,,11.864237,-65.20591,4.890,-0.123,Mus
57870,,11.869537,-56.987741,5.560,0.069,Cen
57936,,11.881813,-33.908124,4.290,-0.1,Hya
58001,Phecda,11.897168,53.69476,2.410,0.044,UMa
58082,,11.911816,-25.713887,5.260,0.883,Hya
58103,,11.916672,-63.27918,5.890,0.21,Cen
58110,,11.917537,8.443943,5.580,0.937,Vir
58158,,11.927814,-28.477103,5.930,1.499,Hya
58159,,11.927926,15.646818,5.530,0.116,Leo
58181,,11.932892,56.59856,5.830,1.101,UMa
58188,,11.933599,-17.150829,5.170,-0.022,Crt
58326,,11.961118,-62.448748,5.590,-0.152,Cru
58379,,11.970898,-56.31731,5.440,-0.062,Cru
58427,,11.979907,-64.33956,5.590,0.174,Cru
58460,,11.988205,33.167004,5.950,1.153,UMa
58484,,11.993796,-78.221839,4.880,-0.054,Cha
58510,,11.999142,3.655197,5.360,-0.001,Vir
58576,,12.012347,-10.446014,5.540,0.76,Vir
58587,,12.014211,-19.658982,5.280,-0.192,Crv
58590,,12.014553,6.614322,4.650,0.122,Vir
58654,,12.027635,36.042086,5.590,1.019,UMa
58684,,12.035239,43.0456,5.220,0.283,UMa
58720,,12.043815,-69.192288,5.890,-0.08,Mus
58758,,12.050447,-63.31293,4.320,0.28,Cru
58803,,12.060973,-42.434056,5.150,0.417,Cen
58858,,12.071277,21.459153,5.890,0.248,Com
58867,,12.072008,-63.165711,4.720,-0.081,Cru
58884,,12.077479,-68.328912,5.340,-0.012,Mus
58905,,12.079616,-76.519061,5.040,1.491,Cha
58921,,12.082564,-60.968252,5.950,1.691,Cru
58948,,12.086817,8.732985,4.120,0.967,Vir
58952,Tonatiuh,12.087451,76.905734,5.780,1.029,Cam
59050,,12.106404,-65.709453,5.950,0.613,Mus
59072,,12.114687,-64.61373,4.140,0.353,Cru
59151,,12.130565,-75.367019,5.170,1.278,Mus
59173,,12.134788,-50.661278,4.460,-0.163,Cen
59184,,12.137422,-48.692487,5.340,-0.01,Cen
59196,,12.13931,-50.722425,2.580,-0.128,Cen
59199,Alchiba,12.140225,-24.728875,4.020,0.334,Crv
59229,,12.148281,-44.325989,5.750,0.24,Cen
59232,,12.148497,-41.231605,5.510,-0.097,Cen
59285,,12.161475,1.897889,5.950,1.12,Vir
59309,,12.167616,5.807008,5.720,0.352,Vir
59316,,12.168746,-22.619766,3.020,1.326,Crv
59384,,12.183354,81.709832,6.000,1.618,Cam
59394,,12.184401,-23.602423,5.450,0.055,Crv
59449,,12.194202,-52.36846,3.970,-0.156,Cen
59468,,12.19755,25.87028,5.660,1.401,Com
59501,,12.202581,20.542064,5.600,0.961,Com
59504,,12.203311,77.616241,5.140,0.358,Cam
59517,,12.206106,-62.950773,5.910,0.253,Cru
59607,,12.223623,-38.929188,5.770,-0.144,Cen
59608,,12.223872,10.262341,5.850,0.262,Vir
59654,,12.234085,-45.723919,5.310,1.4,Cen
59728,,12.249884,-20.84422,5.820,1.052,Crv
59746,,12.252366,70.200008,5.720,1.179,Dra
59747,Imai,12.252427,-58.748928,2.790,-0.193,Cru
59774,Megrez,12.257086,57.032617,3.320,0.077,UMa
59803,Gienah,12.263437,-17.541929,2.580,-0.107,Crv
59819,,12.266719,14.899071,5.090,0.068,Com
59831,,12.268763,40.66018,5.690,1.586,CVn
59847,,12.272372,23.945409,4.930,0.957,Com
59856,,12.27504,33.061527,4.990,1.14,Com
59920,,12.291551,53.191331,5.800,1.33,UMa
59923,,12.291827,28.937189,5.710,0.16,Com
59929,,12.292917,-67.960736,4.060,1.603,Mus
60000,,12.305812,-79.31224,4.240,-0.123,Cha
60009,,12.307298,-64.003071,4.060,-0.168,Cru
60030,,12.311199,-0.787184,5.900,0.168,Vir
60044,,12.313901,75.160561,5.470,0.054,Dra
60059,,12.316608,-55.143002,5.010,1.6,Cen
60122,,12.330199,48.984148,5.280,1.623,CVn
60129,Zaniah,12.331766,-0.666803,3.890,0.026,Vir
60157,,12.336326,-22.1757,5.940,0.824,Crv
60170,,12.3388,26.619482,5.520,1.091,Com
60172,,12.339161,3.312574,4.970,1.172,Vir
60189,,12.34268,-22.215901,5.200,-0.09,Crv
60202,,12.345286,17.792868,4.720,1.01,Com
60212,,12.347461,57.864118,5.540,1.452,UMa
60221,,12.348809,-13.565724,5.140,1.048,Crv
60260,Ginan,12.356031,-60.401147,3.590,1.389,Cru
60308,,12.365953,-56.374385,5.910,1.533,Cru
60320,,12.368713,-67.522105,5.150,0.195,Mus
60329,,12.370009,-68.307316,5.730,1.038,Mus
60351,,12.375087,25.84616,4.780,0.515,Com
60379,,12.380403,-57.676132,5.380,-0.098,Cru
60425,,12.38933,-24.840669,5.660,1.153,Crv
60449,,12.393174,-35.412677,5.320,-0.066,Cen
60463,,12.395765,-38.911381,5.790,-0.064,Cen
60485,,12.400414,51.562257,4.760,0.877,CVn
60514,,12.405146,26.098606,5.170,0.082,Com
60584,,12.41756,56.777828,5.820,1.622,UMa
60595,,12.419935,-11.61059,5.950,0.043,Vir
60610,,12.422706,-35.186417,5.710,-0.066,Cen
60646,,12.43082,39.018616,5.010,0.955,CVn
60697,,12.440018,27.268237,4.920,0.277,Com
60710,,12.442158,-51.450635,4.820,-0.141,Cen
60718,Acrux,12.443311,-63.099092,0.770,-0.243,Cru
60735,,12.447692,-32.830121,5.560,0.007,Hya
60742,,12.448966,28.268423,4.350,1.128,Com
60746,,12.449805,26.825699,4.980,0.088,Com
60781,,12.458019,-58.991756,5.380,1.543,Cru
60795,,12.459754,55.712724,5.680,1.582,UMa
60823,,12.467331,-50.230635,3.910,-0.192,Cen
60855,,12.472908,-39.041172,5.450,-0.073,Cen
60904,,12.481863,25.912852,5.290,-0.056,Com
60941,,12.490845,24.108925,5.470,0.445,Com
60957,,12.495344,20.896109,5.680,0.093,Com
60965,Algorab,12.497739,-16.515432,2.940,-0.012,Crv
60969,,12.498388,-56.52494,5.780,1.572,Cru
60978,,12.499267,58.405742,5.370,0.205,UMa
60979,,12.499413,-41.735901,6.000,1.515,Cen
60998,,12.501868,69.201123,5.010,1.621,Dra
61015,,12.504846,-23.696419,5.630,1.67,Crv
61071,,12.516823,24.567168,5.470,0.056,Com
61084,Gacrux,12.519429,-57.113212,1.590,1.6,Cru
61136,,12.527871,-59.423922,5.490,0.622,Cru
61158,,12.53226,-63.505838,5.960,0.263,Cru
61174,,12.53451,-16.196007,4.300,0.388,Crv
61181,,12.536089,-73.001056,5.880,1.078,Mus
61199,,12.541134,-72.132988,3.840,-0.157,Mus
61212,,12.543334,-13.859105,5.740,0.376,Crv
61281,,12.558058,69.788238,3.850,-0.116,Dra
61296,,12.559516,-12.830203,5.580,0.861,Crv
61309,,12.56081,33.247584,5.420,1.011,CVn
61317,Chara,12.562411,41.35748,4.240,0.588,CVn
61318,,12.562986,-9.452077,5.480,-0.035,Vir
61359,Kraz,12.573121,-23.396759,2.650,0.893,Crv
61379,,12.578448,-44.673018,5.760,0.683,Cen
61384,,12.578902,70.02177,4.950,1.312,Dra
61394,Phyllon Kissinou,12.580857,22.629259,4.800,0.012,Com
61418,,12.585489,18.377058,5.030,1.152,Com
61420,,12.585602,21.881384,5.860,1.242,Com
61468,,12.595987,-41.021945,5.120,0.224,Cen
61498,,12.600289,-39.869505,5.780,0.003,Cen
61558,,12.613154,-5.831898,5.880,0.072,Vir
61571,,12.616204,17.089536,5.700,1.436,Com
61585,,12.619739,-69.135564,2.690,-0.176,Mus
61621,,12.628409,-27.138888,5.410,0.334,Hya
61622,,12.628394,-48.541304,3.850,0.049,Cen
61658,,12.639557,1.854662,5.680,1.592,Vir
61688,,12.645726,-18.2501,6.000,0.31,Crv
61720,,12.650962,-30.422387,5.860,1.207,Hya
61724,,12.652031,21.062559,5.490,0.978,Com
61740,,12.654102,-7.995564,4.660,1.24,Vir
61789,,12.664594,-39.987302,4.630,-0.082,Cen
61910,,12.687765,-13.013901,5.170,0.432,Crv
61916,,12.689723,-46.145581,5.840,1.475,Cen
61932,,12.691971,-48.959888,2.200,-0.023,Cen
61941,Porrima,12.694345,-1.449375,2.740,0.368,Vir
61960,,12.698071,10.235625,4.880,0.076,Vir
61966,,12.699051,-59.685819,4.910,-0.044,Cru
61968,,12.699199,6.806617,5.570,0.002,Vir
62012,,12.709858,-48.813109,4.660,1.075,Cen
62027,,12.713965,-63.058624,5.270,0.195,Cru
62058,,12.719221,-56.176224,5.990,-0.074,Cru
62103,,12.727236,-1.576996,5.910,0.85,Vir
62131,,12.733481,-28.323957,5.460,1.346,Hya
62207,,12.749852,39.278916,5.950,0.557,CVn
62223,La Superba,12.752174,45.440256,5.420,2.994,CVn
62267,,12.760294,7.673326,5.220,0.322,Vir
62268,,12.76055,-60.981318,4.690,1.049,Cru
62322,,12.771346,-68.108119,3.040,-0.178,Mus
62325,,12.772928,9.539684,5.650,0.989,Vir
62327,,12.772981,-56.488815,4.620,-0.15,Cru
62356,,12.777433,16.577691,5.120,1.346,Com
62360,,12.779508,-33.315483,5.870,1.326,Cen
62402,,12.788594,62.781155,5.880,0.215,UMa
62423,Tianyi,12.792873,66.790304,5.430,1.567,Dra
62434,Mimosa,12.795359,-59.688764,1.250,-0.238,Cru
62500,,12.807297,-27.597384,5.650,0.947,Hya
62512,,12.810944,60.319822,5.830,0.467,UMa
62541,,12.815059,14.122584,5.710,0.024,Com
62561,,12.81855,83.417832,5.920,0.015,Cam
62572,,12.820496,83.412901,5.380,0.033,Cam
62576,,12.821516,27.552379,5.760,0.051,Com
62608,,12.829154,-71.98626,5.550,1.154,Mus
62641,,12.836321,37.516937,5.870,0.17,CVn
62683,,12.844769,-33.999302,4.900,-0.031,Cen
62703,,12.849413,-52.787424,5.700,0.127,Cen
62732,,12.854994,-60.329789,5.710,0.344,Cru
62763,,12.861645,27.540712,4.930,0.681,Com
62786,,12.865815,-39.680431,5.990,-0.098,Cen
62861,,12.884502,-54.952473,5.910,1.309,Cen
62867,,12.885258,-48.943315,4.330,1.344,Cen
62886,,12.888263,21.244943,4.890,0.904,Com
62894,,12.889416,-60.328489,5.750,0.295,Cru
62896,,12.890607,-40.178872,4.250,0.224,Cen
62931,,12.896923,-60.376244,5.890,0.2,Cru
62956,Alioth,12.900472,55.959821,1.760,-0.022,UMa
62983,,12.905184,-11.64857,6.000,0.068,Vir
62985,,12.905879,-9.538994,4.770,1.59,Vir
63003,,12.9099,-57.177924,4.030,-0.18,Cru
63005,,12.910251,-57.16867,5.080,-0.089,Cru
63007,,12.910889,-59.146701,4.620,-0.153,Cru
63024,,12.915702,47.196722,5.750,1.451,CVn
63031,,12.916219,-85.123369,5.450,0.991,Oct
63033,,12.916269,-44.151968,5.890,0.633,Cen
63066,,12.922067,-42.915732,5.460,1.668,Cen
63076,Taiyi,12.924598,65.438474,5.230,0.303,Dra
63090,Minelauva,12.926725,3.39747,3.390,1.571,Vir
63117,,12.932538,-56.835806,5.340,0.01,Cru
63121,Cor Caroli B,12.933468,38.314912,5.610,0.337,CVn
63125,Cor Caroli,12.933807,38.31838,2.890,-0.115,CVn
63143,,12.938221,54.099489,5.840,0.204,UMa
63165,,12.942142,-72.185212,5.930,1.115,Mus
63210,,12.951212,-51.198752,5.170,-0.066,Cen
63340,,12.979809,75.472508,6.000,1.03,Dra
63355,,12.982068,17.409446,4.760,1.568,Com
63414,,12.99431,-3.811926,5.790,0.203,Vir
63432,,12.998665,66.597272,5.370,1.282,Dra
63462,,13.004576,30.785021,4.880,1.165,Com
63494,,13.009985,-3.368488,5.990,1.119,Vir
63503,,13.012125,56.366338,4.930,0.368,UMa
63533,,13.019337,17.123147,5.970,0.971,Com
63608,Vindemiatrix,13.036278,10.95915,2.850,0.934,Vir
63613,,13.037759,-71.548855,3.610,1.19,Mus
63688,,13.051487,-71.475729,5.930,0.002,Mus
63724,,13.059256,-49.527264,4.830,0.029,Cen
63738,,13.062808,-20.583497,5.580,0.554,Vir
63901,,13.095678,35.798899,5.200,-0.059,CVn
63916,,13.097853,45.26855,5.640,1.135,CVn
63945,,13.104642,-48.463289,4.710,-0.148,Cen
63948,,13.105901,21.153397,6.000,0.393,Com
63950,,13.106278,22.616187,5.530,1.461,Com
63972,,13.109743,-41.588443,5.590,1.05,Cen
64003,,13.115069,-35.862033,5.630,0.05,Cen
64004,,13.11518,-49.906246,4.270,-0.182,Cen
64022,,13.119646,27.624741,4.800,1.482,Com
64033,,13.123418,-59.86051,5.980,0.435,Cen
64053,,13.127305,-53.459764,5.700,-0.061,Cen
64078,,13.131614,-10.740408,5.150,1.138,Vir
64094,,13.135321,-65.306023,5.440,-0.033,Mus
64122,,13.142352,-8.984385,5.570,1.178,Vir
64166,,13.150909,-23.11807,4.940,1.048,Hya
64179,,13.153454,10.022468,5.790,1.025,Vir
64224,,13.162578,-10.329327,5.950,1.49,Vir
64226,,13.163291,16.848611,5.910,1.45,Com
64238,,13.165831,-5.53901,4.380,-0.008,Vir
64241,Diadem,13.166469,17.529431,4.320,0.455,Com
64246,,13.167563,38.498981,5.910,0.294,CVn
64332,,13.185805,-42.232891,5.780,0.521,Cen
64348,,13.189789,-43.368553,5.240,1.049,Cen
64390,,13.197612,-69.942017,5.920,0.415,Mus
64394,,13.197904,27.878183,4.230,0.572,Com
64408,,13.200901,-37.803022,4.850,0.693,Cen
64407,,13.200984,-16.198601,5.040,0.46,Vir
64425,,13.204892,-59.920579,4.580,-0.073,Cen
64445,,13.209145,11.556096,5.760,1.499,Vir
64466,,13.21355,-66.226747,5.910,0.048,Mus
64515,,13.223156,-50.699829,5.900,-0.011,Cen
64540,,13.228597,40.152885,4.940,1.061,CVn
64577,,13.236361,-19.930947,5.310,0.862,Vir
64580,,13.236699,-58.683937,5.910,1.084,Cen
64583,,13.237578,-59.103235,4.900,0.489,Cen
64587,,13.238153,-78.447454,5.840,1.04,Cha
64607,,13.242023,11.331656,5.640,1.514,Vir
64623,,13.245361,-48.957022,5.840,1.061,Cen
64661,,13.25416,-67.894589,4.790,-0.078,Mus
64692,,13.258882,40.855199,5.770,0.198,CVn
64725,,13.266322,-19.943103,5.210,1.011,Vir
64792,,13.279588,9.424156,5.190,0.585,Vir
64803,,13.281425,-31.506196,5.100,0.959,Cen
64820,,13.286952,-66.783438,4.860,1.48,Mus
64822,,13.2872,-43.979479,5.820,0.187,Cen
64823,,13.287674,13.675751,5.330,1.304,Vir
64844,,13.292379,40.572608,4.720,0.306,CVn
64852,,13.293412,5.469869,4.780,1.638,Vir
64906,,13.304034,49.682062,5.140,-0.049,CVn
64924,,13.306763,-18.311196,4.740,0.709,Vir
64927,,13.307701,34.098304,5.810,1.366,CVn
64962,,13.315359,-23.171512,2.990,0.92,Hya
65072,,13.3386,40.150548,5.600,1.204,CVn
65109,Kulou,13.343296,-36.712295,2.750,0.068,Cen
65112,,13.343843,-52.747825,5.470,-0.125,Cen
65129,,13.346761,-55.800688,6.000,0.236,Cen
65144,,13.349367,-46.880008,5.760,1.106,Cen
65198,,13.361567,2.087243,5.690,0.045,Vir
65241,,13.369358,5.154764,5.890,0.109,Vir
65247,,13.371191,-52.182956,5.810,0.072,Cen
65271,,13.377211,-60.988393,4.520,-0.141,Cen
65301,,13.383643,-17.735274,5.360,0.987,Vir
65323,,13.388582,-4.924427,5.880,1.431,Vir
65378,Mizar,13.398747,54.925362,2.230,0.057,UMa
65387,,13.400128,-64.535668,4.520,0.822,Cen
65420,,13.40923,-5.16401,5.760,0.415,Vir
65466,,13.418522,23.854419,5.750,0.09,Com
65468,,13.418694,-74.887818,5.040,1.11,Mus
65474,Spica,13.419883,-11.161322,0.980,-0.235,Vir
65477,Alcor,13.420413,54.987958,3.990,0.169,UMa
65479,,13.420568,-64.485144,5.320,0.411,Cen
65522,,13.430657,-70.627248,5.650,-0.018,Mus
65535,,13.435483,-39.755107,5.110,1.181,Cen
65536,,13.435566,72.391476,5.820,1.652,UMi
65545,,13.436504,-1.192471,5.970,0.183,Vir
65550,,13.437943,46.028055,5.880,0.985,CVn
65581,,13.445325,-12.707664,5.270,1.477,Vir
65593,,13.448922,-41.497562,5.690,1.477,Cen
65595,,13.449205,78.643869,5.740,0.769,Cam
65639,,13.457546,-15.973578,4.760,1.096,Vir
65721,,13.473837,13.778787,4.970,0.714,Vir
65728,,13.474203,59.945787,5.400,-0.01,UMa
65790,,13.486945,10.81831,5.650,1.052,Vir
65810,,13.490348,-51.165134,5.040,0.059,Cen
65936,,13.517405,-39.407307,3.900,1.186,Cen
66006,,13.532746,-6.255816,4.680,1.606,Vir
66065,,13.543307,-28.692768,5.690,0.037,Hya
66091,,13.547679,-15.363012,5.520,1.228,Vir
66098,,13.549465,-10.165,5.210,0.964,Vir
66198,,13.568698,55.348434,5.600,-0.014,UMa
66200,,13.56887,3.658967,4.920,0.029,Vir
66234,,13.57425,49.015973,4.680,0.132,CVn
66247,,13.577903,-13.214324,5.920,0.02,Vir
66249,Heze,13.57822,-0.59582,3.380,0.114,Vir
66257,,13.579943,37.182415,4.910,0.404,CVn
66320,,13.592027,-5.396191,5.700,0.95,Vir
66400,,13.61346,-26.495198,5.730,0.22,Hya
66417,,13.616412,24.613297,5.720,1.593,Boo
66427,,13.618339,-44.143203,5.960,0.936,Cen
66435,,13.619731,71.242252,5.500,1.219,UMi
66438,,13.62008,-61.691856,5.630,0.493,Cen
66454,,13.623189,-46.427879,5.910,-0.11,Cen
66458,,13.624345,36.294898,4.820,0.239,CVn
66563,,13.645021,-29.560867,5.810,0.431,Hya
66575,,13.646933,-57.622717,6.000,1.138,Cen
66634,,13.658472,52.921208,5.460,0.113,UMa
66640,,13.659616,10.746269,5.570,0.348,Boo
66656,,13.663488,-40.051708,5.610,1.301,Cen
66657,,13.664796,-53.466394,2.290,-0.171,Cen
66666,,13.666622,-49.949956,5.740,1.496,Cen
66681,,13.669656,-64.576553,5.790,0.401,Cen
66727,,13.677909,19.955719,5.730,0.017,Boo
66738,,13.678967,54.681634,4.630,1.63,UMa
66753,,13.682257,-85.786043,5.560,0.183,Oct
66763,,13.683986,22.495768,5.630,1.009,Boo
66798,,13.691625,64.822411,5.850,0.073,Dra
66803,,13.693549,-8.702984,5.030,1.623,Vir
66821,,13.695775,-54.559425,4.990,-0.055,Cen
66849,,13.700307,-58.787078,5.380,-0.029,Cen
66878,,13.706379,82.752408,5.920,0.993,Cam
66903,,13.71093,78.064437,5.910,1.0,UMi
66907,,13.712063,34.989021,5.980,0.857,CVn
66924,,13.715287,-41.401043,5.960,1.019,Cen
66925,,13.715587,-56.767971,6.000,-0.096,Cen
66936,,13.717698,3.537903,5.350,1.091,Vir
66984,,13.727802,-42.067521,5.960,-0.075,Cen
67057,,13.741618,-16.179072,5.550,0.805,Vir
67143,,13.760249,-26.116009,5.810,0.023,Hya
67153,,13.761471,-33.043721,4.230,0.39,Cen
67172,,13.765644,-12.426528,5.500,0.898,Vir
67194,,13.770435,41.088746,5.880,0.211,CVn
67210,,13.771964,38.503626,5.920,0.948,CVn
67231,,13.776573,54.432679,5.680,-0.039,UMa
67234,,13.777604,-51.432766,4.640,0.955,Cen
67239,,13.778701,25.702236,5.970,0.523,Boo
67244,,13.78232,-36.251933,5.150,-0.007,Cen
67250,,13.783277,38.542697,5.510,1.036,CVn
67275,,13.78771,17.456906,4.500,0.508,Boo
67288,,13.790386,-17.859839,5.410,1.623,Vir
67292,,13.791005,-50.249291,5.920,0.279,Cen
67301,Alkaid,13.792354,49.313265,1.850,-0.099,UMa
67304,,13.794052,-50.320682,5.460,1.351,Cen
67384,,13.81076,31.190206,5.610,1.032,CVn
67457,,13.824091,-34.450776,4.190,1.52,Cen
67459,,13.824623,15.797905,4.050,1.52,Boo
67464,Heng,13.825078,-41.687709,3.410,-0.225,Cen
67472,,13.826943,-42.473732,3.470,-0.17,Cen
67480,,13.828564,21.264105,4.920,1.432,Boo
67485,,13.829296,61.489313,5.970,0.974,UMa
67494,,13.831191,-18.134168,4.960,1.059,Vir
67545,,13.840189,5.497224,6.000,0.899,Vir
67605,,13.85256,34.664399,5.890,1.635,CVn
67627,,13.857205,64.723272,4.580,1.572,Dra
67663,,13.863117,-46.898666,5.770,-0.153,Cen
67664,,13.863174,-69.401258,5.730,1.704,Cir
67665,,13.863188,34.44424,4.760,1.611,CVn
67669,,13.863779,-32.994089,4.320,-0.146,Cen
67703,,13.868021,-52.81153,5.260,-0.084,Cen
67782,,13.886192,28.648131,5.910,0.202,CVn
67786,,13.886817,-31.927612,4.750,-0.111,Cen
67787,,13.886925,17.932868,5.710,0.845,Boo
67819,,13.892437,-35.664248,5.530,0.444,Cen
67836,,13.895306,-53.373323,5.870,0.009,Cen
67848,,13.897507,53.728677,5.700,-0.032,UMa
67861,,13.899234,-47.128164,5.830,-0.053,Cen
67927,Muphrid,13.911411,18.397717,2.680,0.58,Boo
67929,,13.911707,-1.503125,5.160,1.093,Vir
67942,,13.913646,-67.6521,5.740,1.49,Cir
67973,,13.920042,-52.160822,5.660,-0.072,Cen
68002,Leepwal,13.925667,-47.288375,2.550,-0.176,Cen
68009,,13.927493,-82.66619,5.950,1.411,Cha
68079,,13.938837,-46.592948,5.820,1.14,Cen
68092,,13.941077,1.050581,5.900,0.217,Vir
68101,,13.942489,-54.704665,6.000,0.78,Cen
68103,,13.942827,27.492082,5.020,1.441,Boo
68191,,13.960809,-63.686696,4.710,1.075,Cen
68245,,13.971186,-42.100753,3.830,-0.224,Cen
68269,,13.975319,-24.972249,5.200,-0.086,Hya
68276,,13.977479,21.696219,5.760,-0.002,Boo
68282,,13.977987,-44.803584,3.870,-0.208,Cen
68333,,13.988187,-50.369647,5.920,0.957,Cen
68390,,14.000037,-25.010403,5.770,0.48,Hya
68455,,14.014596,-66.26891,5.960,0.352,Cir
68498,,14.022341,8.894906,5.980,0.089,Boo
68520,,14.027443,1.544532,4.230,0.121,Vir
68523,,14.028748,-45.603421,4.340,0.598,Cen
68581,,14.039662,-27.429773,5.470,1.331,Hya
68670,,14.057371,-56.213434,5.930,1.207,Cen
68702,Hadar,14.063729,-60.373039,0.610,-0.231,Cen
68756,Thuban,14.073165,64.37585,3.670,-0.049,Dra
68815,,14.088903,-76.796752,5.690,1.239,Aps
68862,,14.10077,-41.179633,4.360,-0.198,Cen
68895,,14.106193,-26.682361,3.250,1.091,Hya
68933,Menkent,14.111395,-36.369954,2.060,1.011,Cen
68940,,14.111896,-9.313515,5.460,0.347,Vir
69038,,14.132154,43.854452,5.130,1.493,Boo
69068,,14.138145,49.458167,5.260,1.637,Boo
69112,,14.147498,77.547514,4.800,1.368,UMi
69174,,14.159734,-51.504672,5.960,-0.053,Cen
69191,,14.165242,-53.438946,4.740,0.938,Cen
69226,,14.173315,25.091677,4.820,0.541,Boo
69269,,14.18069,-16.30203,4.930,1.684,Vir
69373,,14.201122,69.432548,5.180,1.595,UMi
69389,,14.20439,2.409433,4.990,-0.118,Vir
69415,,14.212785,-27.261186,5.070,1.13,Hya
69427,Kang,14.214929,-10.273702,4.180,1.323,Vir
69462,,14.221226,-53.665674,5.530,1.438,Cen
69483,,14.224718,51.789965,4.530,0.233,Boo
69493,,14.227997,-0.845463,5.890,0.489,Vir
69536,,14.234773,12.959444,5.530,0.537,Boo
69598,,14.245191,-41.837495,5.610,0.929,Cen
69612,,14.247458,10.10061,5.290,1.007,Boo
69618,,14.249208,-57.086126,5.030,-0.074,Cen
69658,,14.256691,-18.20069,5.530,0.001,Vir
69673,Arcturus,14.26103,19.18241,-0.050,1.239,Boo
69701,Syrma,14.266908,-6.000547,4.070,0.511,Vir
69713,,14.269439,51.367231,4.750,0.236,Boo
69732,Xuange,14.273074,46.088305,4.180,0.087,Boo
69763,,14.277423,-66.587894,5.720,-0.095,Cir
69829,,14.291237,15.26338,5.840,1.678,Boo
69879,,14.29995,35.509505,4.800,1.057,Boo
69896,,14.303877,-81.00776,4.890,0.243,Aps
69929,,14.310627,-18.715968,5.860,0.013,Vir
69965,,14.316922,-25.815426,5.870,0.518,Hya
69974,Khambalia,14.318498,-13.371095,4.520,0.128,Vir
69989,,14.321188,13.004299,5.410,0.385,Boo
69995,,14.323302,-37.002907,5.930,0.082,Cen
69996,,14.323396,-46.058093,3.550,-0.184,Lup
70012,,14.325689,-2.265518,5.140,1.023,Vir
70027,,14.329233,16.306948,4.840,1.228,Boo
70035,,14.331002,-61.272972,5.220,0.281,Cen
70054,,14.336029,-43.058843,5.550,0.907,Lup
70069,,14.338763,-56.386497,4.300,0.082,Cen
70090,,14.342623,-37.885295,4.050,-0.03,Cen
70104,,14.345159,-45.18706,4.780,0.31,Lup
70243,,14.372145,-34.786792,5.570,-0.088,Cen
70248,,14.373108,-80.108945,5.060,-0.108,Aps
70264,,14.376971,-58.459117,4.760,0.795,Cen
70300,,14.383956,-39.511819,4.410,-0.185,Cen
70306,,14.384942,-27.754017,4.780,1.3,Hya
70327,,14.389638,8.446617,4.860,0.01,Boo
70363,,14.396834,-53.176233,5.990,1.099,Lup
70384,,14.400243,8.243969,5.940,0.066,Boo
70400,,14.403151,5.820131,5.100,0.124,Vir
70469,,14.413508,-24.80631,5.340,0.962,Lib
70492,,14.418426,-68.195333,5.560,0.435,Cir
70497,,14.419967,51.850744,4.040,0.497,Boo
70574,,14.435619,-45.221424,4.560,-0.147,Lup
70576,,14.436336,-45.379276,4.330,0.434,Lup
70602,,14.440935,19.2269,5.400,0.231,Boo
70638,,14.448801,-83.667884,4.310,1.3,Oct
70657,,14.451973,-65.821646,5.870,1.502,Cir
70663,,14.453392,-46.134254,5.830,0.311,Lup
70692,,14.458758,75.695993,4.250,1.431,UMi
70753,,14.469564,-29.491638,4.970,-0.074,Hya
70755,Elgafar,14.470038,-2.227957,4.810,0.693,Vir
70791,,14.477197,49.844851,5.580,0.864,Boo
70794,,14.478256,-6.900536,5.420,1.49,Vir
70894,,14.497366,0.828929,5.960,0.159,Vir
70915,,14.502399,-45.321355,5.510,-0.087,Lup
70931,,14.505823,-49.519018,5.380,0.056,Lup
70987,,14.519678,-38.869708,5.990,1.06,Cen
71002,,14.521224,-67.717197,5.840,1.006,Cir
71053,,14.5305,30.371437,3.570,1.298,Boo
71075,Seginus,14.534636,38.308253,3.040,0.191,Boo
71094,,14.538953,26.677284,6.000,0.23,Boo
71111,,14.541926,55.39801,5.740,1.529,Dra
71115,,14.542374,22.260059,5.910,0.391,Boo
71121,,14.543629,-50.457157,4.440,-0.177,Lup
71182,,14.558325,-52.679522,5.860,1.085,Lup
71184,,14.559004,-54.998628,5.860,0.482,Lup
71280,,14.577676,49.368354,5.740,1.56,Boo
71284,,14.578,29.74513,4.470,0.364,Boo
71352,,14.591786,-42.157824,2.330,-0.157,Cen
71353,,14.592079,-41.517436,5.880,-0.085,Cen
71419,,14.605288,-46.245451,5.550,1.489,Lup
71453,,14.61226,-40.21158,5.740,-0.112,Cen
71500,,14.622266,-46.133439,5.390,0.927,Lup
71536,,14.631454,-49.425828,4.050,-0.152,Lup
71568,,14.636837,43.64213,5.740,1.481,Boo
71571,,14.637219,18.298379,5.900,1.099,Boo
71573,,14.63756,54.023339,5.830,0.007,Boo
71618,,14.647289,44.4045,5.390,0.03,Boo
71681,Toliman,14.660346,-60.8383,1.350,0.9,Cen
71683,Rigil Kentaurus,14.660765,-60.833976,-0.010,0.71,Cen
71759,,14.678442,13.534325,5.930,0.238,Boo
71762,,14.678768,16.418324,4.490,-0.002,Boo
71783,,14.683721,-36.134858,5.670,-0.081,Cen
71795,,14.68582,13.7283,3.780,0.044,Boo
71832,,14.694097,8.161764,4.860,0.992,Boo
71837,,14.695423,11.660662,5.550,0.941,Boo
71860,Uridim,14.698823,-47.3882,2.300,-0.154,Lup
71865,,14.699332,-37.793498,4.010,-0.157,Cen
71908,Xami,14.708492,-64.975138,3.180,0.256,Cir
71957,,14.717673,-5.658207,3.870,0.385,Vir
71974,,14.720431,-24.997753,5.700,0.006,Lib
71995,,14.723712,26.52785,4.800,1.672,Boo
72010,,14.727624,-35.173655,4.060,1.356,Cen
72012,,14.72901,40.459254,5.720,1.398,Boo
72104,,14.749778,-35.191826,4.920,0.013,Cen
72105,Izar,14.749784,27.074222,2.350,0.966,Boo
72125,,14.754017,16.96428,4.600,0.972,Boo
72131,,14.754802,-62.875648,5.360,0.308,Cir
72154,,14.75839,0.717271,5.680,-0.021,Vir
72197,,14.766691,-25.443181,5.150,0.315,Hya
72208,,14.768319,15.131788,5.780,1.335,Boo
72210,,14.768547,-23.153018,5.800,0.98,Lib
72220,,14.770812,1.892885,3.730,-0.005,Vir
72250,,14.774724,-47.441116,5.740,0.066,Lup
72290,,14.783694,-52.383518,5.220,0.984,Lup
72296,,14.784747,-38.290639,5.900,1.336,Cen
72323,,14.789599,-25.624267,5.610,-0.043,Hya
72357,,14.795779,-26.0875,5.230,0.938,Hya
72370,Paradys,14.797701,-79.044751,3.830,1.433,Aps
72378,,14.799322,-26.646155,5.760,-0.007,Hya
72432,,14.810569,-36.634697,5.890,1.369,Cen
72438,,14.812377,-66.593563,5.910,-0.106,Cir
72487,Merga,14.821853,46.116205,5.760,0.482,Boo
72488,,14.821874,-24.25147,5.680,1.275,Lib
72489,,14.821959,-14.149022,5.320,0.066,Lib
72524,,14.828143,48.720804,5.680,0.501,Boo
72552,,14.832888,28.615832,5.800,0.046,Boo
72567,,14.837723,23.911844,5.860,0.576,Boo
72571,Solitaire,14.838147,-27.960371,4.420,1.366,Hya
72573,,14.838814,82.511944,5.630,0.671,UMi
72582,,14.841577,37.272047,5.470,1.03,Boo
72603,,14.844773,-15.997237,5.150,0.401,Lib
72607,Kochab,14.845105,74.155505,2.070,1.465,UMi
72622,Zubenelgenubi,14.847977,-16.041778,2.750,0.147,Lib
72631,,14.850298,-2.29915,4.930,0.988,Lib
72659,,14.856493,19.10046,4.540,0.72,Boo
72664,,14.857362,59.293985,5.480,1.369,Dra
72683,,14.860641,-43.575359,4.320,-0.154,Lup
72773,,14.876462,-63.809827,5.910,0.66,Cir
72800,,14.880855,-37.80316,5.020,-0.155,Cen
72833,,14.887097,-73.190071,5.590,0.82,Aps
72848,,14.889939,19.152798,6.000,0.841,Boo
72929,,14.905592,-24.642202,5.270,1.336,Lib
72934,,14.906354,-11.898348,5.780,0.982,Lib
72959,,14.910532,-33.300575,5.850,1.429,Cen
73036,,14.926287,-60.114164,5.180,1.161,Cir
73049,,14.929085,-33.855785,5.320,0.046,Cen
73087,,14.937008,14.446266,5.900,-0.031,Boo
73095,,14.938123,-52.809548,5.380,0.142,Lup
73100,,14.939724,49.628449,5.630,0.533,Boo
73111,,14.942239,-47.879198,5.620,-0.035,Lup
73129,,14.945554,-62.781016,5.080,-0.023,Cir
73133,,14.946142,-11.409701,5.480,1.491,Lib
73165,,14.953055,-4.346462,4.470,0.318,Lib
73166,,14.953244,16.388128,5.720,0.951,Boo
73184,,14.957765,-21.415475,5.720,1.024,Lib
73193,,14.959236,-0.167612,5.510,1.131,Vir
73199,,14.959743,65.93246,4.630,1.59,UMi
73223,,14.964755,-76.662655,5.370,1.442,Aps
73273,,14.975537,-43.13396,2.680,-0.184,Lup
73284,,14.977572,-27.657314,5.650,0.262,Hya
73310,,14.98155,-11.144014,5.880,1.274,Lib
73334,,14.986025,-42.104194,3.130,-0.208,Cen
73350,,14.989754,4.567761,5.910,1.615,Vir
73369,,14.993598,39.265333,5.640,0.336,Boo
73415,,15.003147,-77.16055,5.920,1.052,Aps
73473,,15.016208,-8.518943,4.910,0.0,Lib
73493,,15.020303,-38.058398,5.880,1.246,Cen
73497,,15.022174,-2.754927,5.520,1.692,Lib
73507,,15.024195,60.204453,5.910,0.107,Dra
73536,,15.030255,-0.140295,5.710,1.509,Vir
73540,,15.030754,-83.227646,5.650,0.962,Oct
73555,Nekkar,15.032436,40.390566,3.490,0.956,Boo
73566,,15.035119,-28.060611,5.830,0.164,Hya
73568,,15.035141,25.008138,4.800,1.506,Boo
73620,,15.048344,2.091303,4.390,1.026,Vir
73624,,15.049799,-32.643294,5.450,-0.127,Lup
73634,,15.051683,35.205795,5.520,1.023,Boo
73695,Quadrans,15.063174,47.65406,4.830,0.647,Boo
73714,Brachium,15.067839,-25.281965,3.250,1.674,Lib
73745,,15.074098,26.947649,4.520,1.24,Boo
73771,,15.079711,-83.038311,5.650,1.273,Oct
73776,,15.08003,-64.03135,5.160,0.935,Cir
73807,,15.085303,-47.051245,3.910,-0.144,Lup
73826,,15.088656,-41.067236,5.130,1.011,Lup
73841,,15.090515,48.150972,5.590,-0.005,Boo
73909,,15.104638,54.556318,5.240,0.958,Boo
73937,,15.109222,-30.918483,5.970,-0.076,Lup
73945,,15.110444,-16.256818,5.190,1.589,Lib
73996,,15.121682,24.869195,4.930,0.429,Boo
74006,,15.123874,-49.088612,5.770,0.92,Lup
74066,,15.136703,-40.58393,5.750,-0.113,Lup
74087,,15.139939,26.301152,5.670,1.24,Boo
74096,,15.143212,25.108635,5.820,1.233,Boo
74100,,15.144223,-42.867921,5.850,-0.123,Lup
74117,,15.147394,-45.279857,4.070,-0.162,Lup
74184,,15.15831,-67.084133,5.760,0.675,TrA
74224,,15.168702,-38.792511,5.980,0.867,Lup
74239,,15.171843,-26.332621,5.750,1.045,Lib
74296,,15.185777,-84.787812,5.880,-0.031,Oct
74305,,15.187773,-55.346032,5.450,1.118,Lup
74376,,15.198918,-48.737819,3.880,-0.029,Lup
74380,,15.199363,-48.743687,5.700,0.144,Lup
74386,,15.201184,18.976031,5.900,1.414,Ser
74392,,15.203692,-19.79171,4.540,-0.071,Lib
74395,,15.20476,-52.099247,3.410,0.918,Lup
74449,,15.213776,-44.500414,4.830,-0.177,Lup
74539,,15.231476,-26.193569,5.840,1.139,Lib
74561,,15.235011,31.787845,5.980,1.552,Boo
74582,,15.238658,-70.079476,5.750,3.271,TrA
74596,,15.241435,29.164295,5.280,0.062,Boo
74604,,15.2437,-31.519121,4.910,0.374,Lup
74605,,15.243926,67.346722,5.150,0.55,UMi
74649,,15.253154,4.939362,5.320,1.092,Ser
74666,,15.258376,33.314833,3.460,0.961,Boo
74689,,15.263633,0.372139,5.620,0.181,Ser
74696,,15.264907,-48.073661,5.960,0.21,Lup
74707,,15.267785,-41.491155,5.150,0.564,Lup
74732,,15.273059,-22.399416,5.520,1.357,Lib
74750,,15.276859,-60.903996,5.740,-0.057,Cir
74778,,15.282471,-60.957255,5.040,-0.077,Cir
74785,Zubeneschamali,15.283449,-9.382917,2.610,-0.071,Lib
74793,,15.284968,71.823901,5.020,1.369,UMi
74824,,15.291917,-58.801208,4.070,0.088,Cir
74837,,15.294136,-63.610465,4.850,1.26,Cir
74857,,15.297178,-30.148673,4.350,1.1,Lup
74896,,15.306807,20.572778,5.680,0.972,Ser
74901,,15.307257,-0.461234,5.880,1.507,Ser
74911,,15.308897,-47.875272,4.270,-0.086,Lup
74941,,15.313651,-60.496334,5.430,-0.089,Cir
74946,,15.315181,-68.679545,2.870,0.014,TrA
74950,,15.315661,-40.788222,5.590,-0.099,Lup
74975,,15.321888,1.765408,5.040,0.54,Ser
75043,,15.334763,51.958515,5.650,0.122,Boo
75049,,15.335714,29.616209,5.510,1.015,CrB
75097,Pherkad,15.345483,71.834016,3.000,0.058,UMi
75119,,15.350554,0.715337,5.350,1.191,Ser
75127,,15.352114,-5.824853,5.540,1.047,Lib
75141,,15.356201,-40.647518,3.220,-0.227,Lup
75177,,15.36344,-36.261376,3.570,1.534,Lup
75178,,15.363495,32.933695,5.380,-0.051,Boo
75181,,15.363507,-48.317628,5.650,0.639,Lup
75206,,15.368975,-47.927792,4.990,0.515,Lup
75256,,15.377014,62.047076,5.990,-0.033,Dra
75257,,15.377048,39.581463,5.560,1.626,Boo
75260,,15.377341,63.341439,5.720,1.315,Dra
75264,,15.378021,-44.689622,3.370,-0.191,Lup
75304,,15.385931,-36.858489,4.540,-0.155,Lup
75308,,15.386265,-60.657176,5.650,0.489,Cir
75312,,15.38675,30.287812,4.990,0.577,CrB
75323,,15.389625,-59.320787,4.480,0.169,Cir
75352,,15.397844,-12.369501,5.720,1.039,Lib
75379,,15.403303,-10.322266,4.920,0.453,Lib
75411,Alkalurops,15.408181,37.377167,4.310,0.309,Boo
75439,,15.412504,-39.710268,5.360,-0.093,Lup
75458,Edasich,15.415494,58.966065,3.290,1.166,Dra
75501,,15.422285,-38.73362,4.600,0.0,Lup
75530,,15.429832,15.428036,5.160,1.65,Ser
75565,,15.437389,-68.309167,5.890,1.0,TrA
75572,,15.438166,34.335996,5.460,1.41,Boo
75647,,15.455037,-36.76756,5.460,-0.15,Lup
75665,,15.459193,-64.531504,5.710,1.646,TrA
75695,Nusakan,15.463818,29.105703,3.660,0.319,CrB
75696,,15.464287,60.670217,5.900,1.441,Dra
75730,,15.470947,-16.716484,5.640,1.545,Lib
75761,,15.477288,1.842081,5.150,0.245,Ser
75828,,15.490075,-46.732704,5.260,1.731,Lup
75944,,15.511223,-16.609464,5.820,1.056,Lib
75973,,15.515488,40.833047,5.040,1.589,Boo
75974,,15.515514,64.208693,5.740,0.976,Dra
76008,,15.523619,77.349352,5.000,1.545,UMi
76013,,15.525228,-73.389591,5.400,-0.146,Aps
76041,,15.529718,40.899332,4.980,0.086,Boo
76106,,15.543528,-19.67046,5.500,0.197,Lib
76126,,15.548673,-16.852844,5.530,-0.148,Lib
76127,,15.548829,31.359133,4.140,-0.127,CrB
76133,,15.549427,-1.186399,5.500,1.092,Ser
76207,,15.567143,-40.066432,5.820,1.695,Lup
76219,,15.569638,-10.064529,4.610,1.0,Lib
76243,,15.574032,-9.183416,5.160,-0.09,Lib
76259,,15.577033,-28.046983,5.130,1.306,Lib
76267,Alphecca,15.578128,26.714693,2.220,0.032,CrB
76276,,15.580041,10.538867,3.800,0.268,Ser
76297,,15.585681,-41.166757,2.800,-0.216,Lup
76307,,15.587476,39.010067,5.140,1.65,CrB
76311,,15.587835,53.922144,5.970,1.184,Dra
76333,Zubenelhakrabi,15.592105,-14.789537,3.910,1.007,Lib
76371,,15.598126,-44.958389,4.550,-0.175,Lup
76376,,15.599182,54.630567,5.770,0.051,Dra
76397,,15.603364,-44.396823,5.440,1.497,Lup
76424,,15.608121,16.119085,5.930,0.354,Ser
76425,,15.608216,10.010176,5.260,0.925,Ser
76440,,15.612,-66.317037,4.110,1.161,TrA
76470,,15.61707,-28.135079,3.600,1.361,Lib
76509,,15.625562,54.508733,5.850,1.098,Dra
76519,,15.62755,69.283344,5.650,1.371,UMi
76532,,15.630011,-23.141698,5.790,1.074,Lib
76534,,15.630441,40.353433,5.250,0.886,Boo
76552,,15.634232,-42.567348,4.340,1.412,Lup
76568,,15.637833,46.797751,5.760,0.353,Boo
76569,,15.637855,-21.016327,5.820,1.077,Lib
76594,,15.642833,50.423283,5.840,0.847,Boo
76600,,15.64427,-29.777754,3.660,-0.177,Lib
76618,,15.647079,-52.372695,5.430,0.005,Nor
76628,,15.648488,-19.301892,5.360,0.883,Lib
76669,,15.656299,36.635812,4.640,-0.103,CrB
76705,,15.662772,-34.411926,4.660,0.964,Lup
76716,,15.665726,-59.908338,5.950,0.505,Nor
76742,,15.67136,-23.818078,4.970,1.302,Lib
76750,,15.672598,-73.446685,5.640,-0.04,Aps
76810,,15.683083,16.024588,6.000,0.908,Ser
76829,,15.686505,-44.661205,4.640,0.413,Lup
76852,,15.692516,19.670401,4.510,0.062,Ser
76866,,15.696504,12.847528,5.340,0.033,Ser
76877,,15.698527,-76.081959,5.950,-0.034,Aps
76878,,15.698532,18.464037,5.800,0.207,Ser
76880,,15.699111,-19.678828,4.750,1.574,Lib
76939,,15.710645,-37.424935,5.230,0.987,Lup
76945,,15.711395,-34.710407,4.750,-0.151,Lup
76952,,15.712381,26.295637,3.810,0.02,CrB
76957,,15.714107,52.360903,5.480,-0.042,Boo
76996,,15.721161,-84.465273,5.570,0.118,Oct
77048,,15.73314,32.515807,5.570,1.076,CrB
77052,,15.733839,2.515173,5.860,0.684,Ser
77055,,15.734299,77.794493,4.290,0.038,UMi
77060,,15.734556,-15.672834,5.410,0.238,Lib
77070,Unukalhai,15.737798,6.425627,2.630,1.167,Ser
77086,,15.739633,-41.819089,5.930,-0.007,Lup
77163,,15.756523,5.447315,5.570,0.035,Ser
77227,,15.768233,-1.804193,5.390,-0.035,Ser
77233,Zhou,15.769793,15.421826,3.650,0.073,Ser
77257,,15.77406,7.353073,4.420,0.604,Ser
77272,,15.776337,55.474791,5.940,1.404,Dra
77277,,15.777772,62.599557,5.190,0.062,Dra
77286,,15.77895,-34.682454,5.610,-0.117,Lup
77336,,15.788144,14.115348,5.710,0.094,Ser
77370,,15.793867,55.376627,5.850,0.249,Dra
77390,,15.798078,-65.442291,5.540,0.231,TrA
77412,,15.803696,13.789078,5.980,1.272,Ser
77442,,15.80956,28.156749,5.890,0.608,CrB
77450,Gudja,15.812327,18.141564,4.090,1.616,Ser
77464,,15.815777,-3.818513,5.530,0.12,Lib
77512,,15.82657,26.068394,4.590,0.794,CrB
77516,,15.827002,-3.430208,3.540,-0.036,Ser
77541,,15.83264,-48.912408,5.860,0.068,Nor
77562,,15.835304,-53.20977,5.780,-0.076,Nor
77578,,15.838207,2.196509,5.210,1.019,Ser
77622,,15.846935,4.47773,3.710,0.147,Ser
77634,,15.849316,-33.627165,3.970,-0.045,Lup
77635,,15.849652,-25.751295,4.630,-0.072,Sco
77645,,15.851891,-55.055533,5.740,0.017,Nor
77655,,15.85387,35.657382,4.790,0.996,CrB
77660,,15.854331,-3.090497,5.090,0.135,Ser
77661,,15.85442,20.977919,4.740,1.534,Ser
77678,,15.858736,-47.0608,6.000,1.152,Nor
77738,,15.871269,55.826713,5.810,0.972,Dra
77760,,15.877903,42.451518,4.600,0.563,Her
77811,,15.888905,-20.16704,5.040,-0.014,Lib
77840,,15.893533,-25.327142,4.590,-0.073,Sco
77853,,15.897093,-16.729293,4.130,1.003,Lib
77858,,15.89831,-24.533157,5.380,-0.011,Sco
77859,,15.898851,-23.978094,5.410,-0.033,Sco
77902,,15.909615,20.310968,5.450,1.588,Ser
77907,,15.910516,43.138567,5.350,1.645,Her
77909,,15.910981,-25.243741,5.870,-0.065,Sco
77939,,15.916768,-19.382926,5.950,-0.013,Lib
77952,,15.919083,-63.430727,2.830,0.315,TrA
77982,,15.924891,-68.603001,5.110,1.108,TrA
77984,,15.925023,-26.265993,5.630,0.141,Sco
77986,,15.925166,42.566193,5.730,-0.102,Her
77990,,15.925665,-60.177647,5.780,0.355,Nor
78012,,15.929884,37.946958,5.430,0.352,CrB
78045,,15.934982,-60.482477,5.760,0.087,TrA
78072,,15.940882,15.661617,3.850,0.478,Ser
78104,Iklil,15.948077,-29.214073,3.870,-0.199,Sco
78105,,15.948193,-33.966134,5.140,0.129,Lup
78106,,15.948366,-33.964281,5.590,0.072,Lup
78132,,15.954048,14.41448,5.540,1.141,Ser
78142,,15.955924,-36.185344,5.780,1.095,Lup
78159,,15.959794,26.87788,4.140,1.231,CrB
78168,,15.96124,-20.98308,5.840,0.012,Sco
78180,,15.963196,54.749762,4.960,0.269,Dra
78207,,15.969825,-14.279358,4.950,-0.08,Lib
78246,,15.976352,-24.831488,5.430,-0.092,Sco
78265,Fang,15.980865,-26.114105,2.890,-0.18,Sco
78276,,15.982697,36.643773,5.610,1.529,CrB
78279,,15.982821,-65.037585,5.740,-0.066,TrA
78323,,15.991743,-41.744436,4.990,0.988,Lup
78384,,16.002036,-38.396706,3.420,-0.206,Lup
78400,,16.005447,-16.53335,5.470,0.517,Lib
78401,Dschubba,16.005557,-22.62171,2.290,-0.117,Sco
78436,,16.013231,-8.411353,5.530,0.043,Lib
78442,,16.014204,4.427363,5.820,1.003,Ser
78459,,16.017412,33.303509,5.390,0.612,CrB
78481,,16.020644,17.818397,5.100,0.992,Her
78493,,16.024047,29.851061,4.980,-0.05,CrB
78527,,16.031532,58.565251,4.010,0.528,Dra
78542,,16.034877,52.915917,5.930,1.498,Dra
78554,,16.038248,22.804454,4.820,0.066,Ser
78592,,16.046634,46.036705,4.720,-0.094,Her
78639,,16.053579,-49.229695,4.650,0.902,Nor
78649,,16.055379,36.631787,5.790,0.586,CrB
78650,,16.05573,-25.86524,4.960,1.234,Sco
78655,,16.05672,-38.602541,4.900,-0.146,Lup
78661,,16.058718,76.793939,5.730,0.051,UMi
78662,,16.058931,-57.775064,4.630,0.252,Nor
78665,,16.059545,-32.000538,6.000,0.47,Lup
78747,,16.076899,-37.862951,5.910,0.409,Lup
78820,Acrab,16.09062,-19.805453,2.560,-0.065,Sco
78821,Acrab B,16.09071,-19.80186,4.900,-0.024,Sco
78868,,16.098851,-72.400898,5.700,1.169,Aps
78877,,16.101772,-23.606315,5.900,-0.071,Sco
78893,,16.105475,67.810134,5.440,-0.019,Dra
78914,,16.108176,-45.173185,4.730,0.23,Nor
78918,,16.109874,-36.802288,4.220,-0.184,Lup
78933,,16.113452,-20.669192,3.930,-0.046,Sco
78970,,16.121168,-36.755676,5.720,0.298,Lup
78990,,16.123424,-20.868764,4.310,0.831,Sco
79005,,16.126782,-12.74541,5.750,0.018,Sco
79007,,16.127094,9.891743,5.630,0.2,Ser
79043,Marsic,16.134591,17.04698,5.000,0.931,Her
79050,,16.135439,-26.326679,5.350,1.643,Sco
79072,,16.141132,8.53431,5.690,1.575,Ser
79098,,16.145478,-23.685416,5.860,0.02,Sco
79101,,16.146162,44.934906,4.230,-0.045,Her
79119,,16.149529,36.490944,4.730,1.015,CrB
79120,,16.149689,3.454475,5.930,1.471,Ser
79137,,16.153115,6.378695,5.930,0.988,Ser
79153,,16.155154,-57.934318,5.570,-0.024,Nor
79195,,16.164033,-3.466729,5.390,1.446,Ser
79199,,16.164609,-33.545805,5.500,-0.075,Sco
79280,,16.180424,75.877563,5.480,-0.093,UMi
79302,,16.18391,-29.41622,5.090,1.131,Sco
79320,,16.188256,-41.119803,5.860,0.273,Sco
79349,,16.193899,23.494801,5.740,1.519,Her
79357,,16.196556,42.374569,5.890,1.464,Her
79358,,16.196682,36.425094,5.620,1.352,CrB
79374,Jabbah,16.199926,-19.460708,4.000,0.076,Sco
79375,,16.199997,-10.064253,4.930,0.087,Sco
79387,,16.202032,-8.547576,5.430,0.118,Sco
79399,,16.204456,-28.417305,5.670,0.012,Sco
79404,,16.205057,-27.926372,4.580,-0.172,Sco
79488,,16.220953,5.021086,5.460,1.472,Her
79497,,16.222984,-55.540947,5.780,0.365,Nor
79509,,16.224648,-54.630467,4.950,1.017,Nor
79540,,16.230807,-11.837747,5.240,1.394,Sco
79593,Yed Prior,16.239094,-3.694323,2.730,1.584,Oph
79596,,16.239546,-33.011088,5.910,1.021,Sco
79607,,16.24469,33.858613,5.230,0.599,CrB
79653,,16.254257,-47.372021,5.130,-0.114,Nor
79664,,16.257297,-63.685682,3.860,1.105,TrA
79666,,16.257955,18.808087,5.720,1.126,Her
79672,,16.260352,-8.369442,5.490,0.652,Sco
79689,,16.263834,-57.91235,5.610,0.137,Nor
79754,,16.278687,-53.811109,5.450,1.696,Nor
79757,,16.279107,29.150261,5.800,0.063,CrB
79790,,16.283593,-50.068122,4.970,0.788,Nor
79797,,16.284849,-67.941285,5.950,0.159,TrA
79804,,16.287595,59.755023,5.370,1.551,Dra
79822,,16.291791,75.75533,4.950,0.393,UMi
79881,,16.304973,-28.61402,4.800,0.008,Sco
79882,Yed Posterior,16.305358,-4.692511,3.230,0.966,Oph
79938,,16.316783,-14.872825,5.970,1.475,Sco
79953,,16.319783,49.038159,5.930,1.369,Her
79963,,16.321568,-42.673965,5.440,0.099,Nor
79980,,16.325758,-30.906716,5.530,0.466,Sco
79992,,16.329011,46.313366,3.910,-0.151,Her
80000,,16.330687,-50.155508,4.010,1.08,Nor
80008,,16.33199,39.708584,5.480,0.41,Her
80047,,16.339119,-78.695745,4.680,1.68,Aps
80054,,16.340345,-55.139706,5.760,0.97,Nor
80057,,16.340795,-78.667496,5.270,1.413,Aps
80079,,16.343939,-24.16932,4.550,0.758,Sco
80112,Alniyat,16.353143,-25.592796,2.900,0.299,Sco
80161,,16.363536,69.109391,5.260,1.115,Dra
80170,,16.365338,19.15313,3.740,0.299,Her
80179,,16.367875,1.029039,4.820,0.338,Ser
80181,,16.368287,30.891996,4.860,0.97,CrB
80197,,16.372618,33.799052,5.200,1.631,CrB
80208,,16.374444,-49.572354,5.320,-0.047,Nor
80212,,16.374741,-43.912051,5.890,1.121,Nor
80214,,16.374783,33.703478,5.400,1.523,CrB
80309,,16.396437,61.696461,5.670,0.956,Dra
80331,Athebyne,16.39986,61.514213,2.730,0.91,Dra
80337,,16.400355,-39.19298,5.370,0.625,Sco
80343,,16.401718,-20.037327,4.480,0.996,Oph
80351,,16.403008,6.948207,5.830,0.018,Her
80375,,16.407037,55.205096,5.750,0.001,Dra
80390,,16.408821,-37.566044,5.420,-0.104,Sco
80399,,16.411046,-29.704663,5.400,0.625,Sco
80460,,16.42338,37.394079,5.530,0.174,Her
80463,Cujam,16.423598,14.03327,4.570,0.002,Her
80473,,16.426422,-23.447178,4.570,0.227,Oph
80480,,16.42874,78.963854,5.550,0.249,UMi
80569,,16.450399,-18.456251,4.220,0.217,Oph
80582,,16.453067,-47.554786,4.460,-0.07,Nor
80620,,16.462071,-7.597929,5.240,1.721,Oph
80628,,16.463385,-8.371731,4.620,0.185,Oph
80645,,16.465918,-64.057942,5.280,0.383,TrA
80650,,16.4664,68.768137,4.940,-0.051,Dra
80672,,16.470685,-37.179881,5.790,1.104,Sco
80675,,16.470881,-58.599795,5.670,0.008,Nor
80686,,16.474422,-70.084401,4.900,0.555,TrA
80693,,16.476106,0.665002,5.410,1.461,Oph
80704,,16.477373,41.881677,4.830,1.289,Her
80763,Antares,16.490128,-26.432002,1.060,1.865,Sco
80782,,16.495091,-46.243229,5.350,0.488,Nor
80793,,16.496367,-14.550879,5.660,0.823,Oph
80815,,16.503466,-25.115224,4.790,-0.116,Sco
80816,Kornephoros,16.503668,21.489613,2.780,0.947,Her
80843,,16.50932,20.479188,5.240,1.274,Her
80874,,16.513713,-61.633503,5.190,1.236,TrA
80883,Marfik,16.515229,1.983923,3.820,0.022,Oph
80894,,16.518991,-16.612733,4.290,0.924,Oph
80898,,16.520398,22.195458,5.760,1.605,Her
80911,,16.523037,-34.704366,4.240,-0.168,Sco
80945,,16.528269,-41.817145,5.310,0.299,Sco
80953,,16.529786,45.598281,5.610,0.125,Her
80975,,16.535611,-21.46639,4.450,0.13,Oph
80991,,16.540463,60.823323,5.920,0.039,Dra
81007,,16.543246,5.52122,5.630,-0.044,Her
81008,,16.543415,11.488041,4.840,1.495,Her
81065,,16.557609,-78.897148,3.860,0.923,Aps
81122,,16.568061,-44.045315,4.860,0.045,Nor
81126,,16.568384,42.437041,4.200,-0.013,Her
81141,,16.572044,-70.988097,5.500,1.235,Aps
81252,,16.595775,-65.495399,5.500,0.949,TrA
81266,Paikauhale,16.598043,-28.216016,2.820,-0.206,Sco
81289,,16.603113,46.613333,5.830,1.044,Her
81290,,16.603174,52.900048,5.530,-0.06,Dra
81292,,16.603812,52.924422,5.070,-0.027,Dra
81300,,16.605958,-2.324584,5.770,0.827,Oph
81304,,16.606242,-35.255326,4.180,1.535,Sco
81305,,16.606268,-42.858861,5.460,0.338,Sco
81377,,16.619316,-10.56709,2.540,0.038,Oph
81437,,16.633462,56.01554,5.280,1.055,Dra
81472,,16.640637,-43.398426,5.830,-0.053,Sco
81497,,16.645794,48.928342,4.860,1.562,Her
81523,,16.651452,-37.21737,5.930,-0.035,Sco
81641,,16.677413,4.219789,5.770,-0.004,Her
81660,,16.681978,64.589046,4.840,1.212,Dra
81693,,16.688113,31.602726,2.810,0.65,Her
81702,,16.689004,-48.762957,5.570,0.169,Ara
81710,,16.689756,-68.296123,5.890,-0.078,TrA
81724,,16.692884,-17.742167,4.910,1.095,Oph
81729,,16.693527,26.91688,5.920,0.402,Her
81733,,16.694507,-49.651552,5.620,-0.043,Ara
81734,,16.695134,1.181231,5.740,0.336,Oph
81741,,16.695961,-33.145759,5.840,0.653,Sco
81754,,16.698247,-19.924377,5.550,0.436,Oph
81833,,16.714933,38.922254,3.480,0.916,Her
81852,,16.718126,-77.517435,4.230,1.06,Aps
81854,,16.71838,77.513973,5.990,0.43,UMi
81966,,16.744374,-53.152313,5.960,1.23,Ara
81972,,16.745165,-40.839675,5.640,-0.093,Sco
81992,,16.750053,-28.509657,5.990,0.103,Sco
82020,,16.754946,56.781857,4.840,0.375,Dra
82028,,16.756255,15.745289,5.600,1.637,Her
82073,,16.763859,8.582616,5.150,1.535,Her
82080,,16.766159,82.037262,4.210,0.897,UMi
82110,,16.772563,-58.503595,5.740,-0.101,Ara
82129,,16.777779,-67.109691,5.100,-0.08,TrA
82135,,16.779989,-39.376962,5.480,0.975,Sco
82171,,16.788795,-58.341441,5.550,-0.096,Ara
82172,,16.788818,42.238918,5.860,1.504,Her
82216,,16.796227,5.246746,5.220,-0.001,Her
82273,Atria,16.811077,-69.027715,1.910,1.447,TrA
82321,,16.820615,45.983323,4.820,0.087,Her
82350,,16.826294,13.261141,5.910,0.015,Her
82363,,16.82976,-59.041378,3.770,1.562,Ara
82369,,16.830563,-10.783,4.640,0.478,Oph
82396,Larawag,16.83608,-34.293232,2.290,1.144,Sco
82402,,16.838717,7.247683,5.480,0.108,Her
82422,,16.844155,29.806538,5.730,1.626,Her
82480,,16.856925,1.215947,5.510,0.055,Oph
82493,,16.859367,-41.230534,5.230,0.047,Sco
82504,,16.862573,24.656433,5.030,1.246,Her
82514,Xamidimura,16.864509,-38.04738,3.000,-0.2,Sco
82545,Pipirima,16.872263,-38.017536,3.560,-0.21,Sco
82587,,16.882796,31.701674,5.340,0.319,Her
82611,,16.888213,47.416725,5.990,1.325,Her
82621,,16.89034,-20.415555,5.860,0.685,Oph
82650,,16.895119,-43.050968,5.950,1.643,Sco
82671,,16.899924,-42.362025,4.700,0.444,Sco
82672,,16.900106,-57.909507,5.910,1.592,Ara
82673,,16.900131,10.165359,4.390,-0.088,Oph
82676,,16.90051,-41.806389,5.460,0.176,Sco
82716,,16.907484,-42.478891,5.840,0.626,Sco
82729,,16.909731,-42.361313,3.620,1.393,Sco
82730,,16.909915,-6.153982,5.230,1.1,Oph
82764,,16.915324,20.958488,5.390,0.966,Her
82775,,16.916251,-41.150858,5.780,0.132,Sco
82802,,16.922825,18.433213,5.350,1.407,Her
82806,,16.923523,-63.269659,5.990,0.059,Ara
82860,,16.93375,65.134796,4.880,0.481,Dra
82902,,16.941328,-52.283746,5.940,-0.069,Ara
82925,,16.946677,-23.150346,5.570,-0.018,Oph
82960,,16.953104,-33.259492,5.480,1.606,Sco
83000,,16.961139,9.375033,3.190,1.16,Oph
83057,,16.971651,-50.641185,5.530,0.016,Ara
83081,,16.977006,-55.990141,3.120,1.552,Ara
83150,,16.992771,-69.268164,5.790,-0.103,TrA
83153,,16.993069,-53.160438,4.060,1.452,Ara
83176,,16.999363,-25.092198,5.880,1.607,Oph
83187,,17.001745,-54.597179,5.640,0.194,Ara
83196,,17.002641,-24.98907,5.740,0.407,Oph
83207,,17.004827,30.926405,3.920,-0.018,Her
83216,,17.00749,-48.647759,5.980,0.883,Ara
83235,,17.010275,-35.934133,5.950,1.161,Sco
83254,,17.016149,22.632095,5.690,1.332,Her
83262,,17.017667,-4.222644,4.820,1.483,Oph
83313,,17.026767,33.56827,5.270,0.028,Her
83336,,17.03129,-32.143519,5.030,-0.1,Sco
83367,,17.038526,25.50562,5.760,1.018,Her
83430,,17.052186,14.091947,4.970,1.6,Her
83431,,17.052419,-53.237028,5.270,0.498,Ara
83478,,17.060917,13.605346,5.910,0.01,Her
83491,,17.064146,-38.152572,5.910,0.409,Sco
83535,,17.073534,-57.712166,5.730,-0.097,Ara
83574,,17.080376,-34.12293,4.830,0.257,Sco
83601,,17.088005,0.702559,6.000,0.578,Oph
83608,,17.088929,54.470042,4.910,0.471,Dra
83613,,17.089636,12.740828,4.890,0.125,Her
83635,,17.092294,-0.89207,5.630,0.104,Oph
83692,,17.105014,22.084153,5.560,1.299,Her
83693,,17.105608,-37.22759,5.980,0.076,Sco
83838,,17.133907,35.935174,5.410,0.309,Her
83854,,17.13746,-17.609052,5.980,1.011,Oph
83895,Aldhibah,17.146448,65.714683,3.170,-0.12,Dra
83896,,17.146539,-30.40373,5.930,0.276,Sco
83947,,17.159238,40.777033,5.070,1.275,Her
83962,,17.163319,-10.523301,5.430,0.465,Oph
84012,Sabik,17.172968,-15.72491,2.430,0.059,Oph
84033,,17.178425,-44.557719,5.060,0.867,Sco
84105,,17.194077,-48.873399,5.940,1.786,Ara
84143,,17.202552,-43.239189,3.320,0.441,Sco
84150,,17.204502,-39.506949,5.660,0.042,Sco
84177,,17.207725,10.585168,5.320,1.593,Oph
84183,,17.209047,62.874337,5.540,0.216,Dra
84226,,17.216266,-32.438332,5.950,0.071,Sco
84248,,17.221673,-67.196591,5.870,1.07,Ara
84345,Rasalgethi,17.244127,14.390333,2.780,1.164,Her
84379,Sarin,17.250531,24.839204,3.120,0.08,Her
84380,,17.250788,36.809162,3.160,1.437,Her
84401,,17.255346,-33.54842,5.600,-0.056,Sco
84402,,17.255635,-14.58414,5.980,1.096,Oph
84405,Guniibuu,17.255836,-26.602829,4.330,0.855,Oph
84425,,17.259994,-38.593896,5.950,0.58,Sco
84431,,17.26152,23.742761,5.990,1.335,Her
84500,,17.275477,1.210545,5.890,0.023,Oph
84514,,17.276857,-0.445297,4.720,1.119,Oph
84551,,17.284349,-32.66284,5.530,0.514,Sco
84573,,17.288769,33.1001,4.800,-0.166,Her
84606,,17.294517,37.291498,4.640,0.043,Her
84626,,17.300189,-24.286901,5.140,1.046,Oph
84631,,17.301372,17.317886,6.000,0.015,Her
84656,,17.306465,38.811395,5.970,1.011,Her
84671,,17.310275,10.864475,5.030,1.539,Oph
84690,,17.313287,-44.129746,5.760,-0.049,Sco
84691,,17.313479,28.822968,5.680,0.981,Her
84709,,17.315842,-34.989792,5.910,1.082,Sco
84720,,17.317655,-46.636235,5.470,0.764,Ara
84731,,17.320142,-59.694612,5.930,1.389,Ara
84769,,17.326961,80.136399,5.740,1.499,UMi
84821,,17.336065,25.537603,5.360,0.063,Her
84833,,17.338575,18.057081,5.010,1.654,Her
84835,,17.339203,46.24078,5.510,1.586,Her
84862,,17.34432,32.467743,5.380,0.619,Her
84880,,17.347128,-12.846875,4.320,0.037,Ser
84887,,17.348391,24.499435,5.130,0.0,Her
84893,,17.350101,-21.112933,4.390,0.394,Oph
84949,,17.362116,39.974649,5.550,0.667,Her
84950,,17.3626,53.420428,5.690,1.463,Dra
84969,,17.366531,-67.770668,4.760,1.194,Aps
84970,,17.366827,-24.999545,3.270,-0.186,Oph
84979,,17.368299,-70.123208,5.390,-0.042,Aps
85048,,17.381874,-37.220786,5.910,1.075,Sco
85049,,17.382007,-58.010327,5.860,1.075,Ara
85068,,17.38531,-56.525547,5.760,0.994,Ara
85079,,17.387799,-47.468197,5.210,-0.097,Ara
85084,,17.389331,-28.142831,5.300,1.549,Oph
85112,,17.394708,37.145946,4.150,-0.011,Her
85139,,17.399338,8.852571,5.770,1.251,Oph
85147,,17.400299,-62.864153,5.690,-0.147,Ara
85157,,17.40183,22.960285,5.700,0.229,Her
85162,,17.403636,-44.162576,5.100,-0.052,Sco
85169,,17.405221,-60.673799,5.760,-0.067,Ara
85185,,17.40876,16.301006,5.750,0.074,Her
85207,,17.411675,-21.441479,5.820,0.939,Oph
85258,,17.421665,-55.529884,2.840,1.479,Ara
85267,,17.423239,-56.377727,3.310,-0.15,Ara
85290,,17.428155,60.048398,5.650,0.024,Dra
85312,,17.433344,-50.63351,5.190,1.055,Ara
85340,,17.439504,-24.175309,4.160,0.283,Oph
85355,,17.441911,4.14036,4.340,1.48,Oph
85365,,17.443856,-5.086596,4.530,0.385,Oph
85379,,17.445623,48.260065,5.830,0.121,Her
85382,,17.446153,34.695802,5.940,-0.017,Her
85385,,17.44698,20.080977,5.520,-0.119,Her
85389,,17.447772,-45.84303,5.280,-0.058,Ara
85409,,17.453462,-50.63037,5.900,0.063,Ara
85423,,17.455909,-29.867033,4.280,0.402,Oph
85442,,17.460431,-29.724567,5.980,0.01,Oph
85470,,17.466002,-52.297168,5.720,1.169,Ara
85520,,17.477476,-55.169686,5.930,1.113,Ara
85537,,17.48046,0.330625,5.410,0.237,Oph
85543,,17.482247,-36.77828,5.980,1.112,Sco
85667,,17.50661,-1.062922,5.310,0.715,Oph
85670,Rastaban,17.507213,52.301387,2.790,0.954,Dra
85693,Maasym,17.512308,26.110645,4.410,1.434,Her
85696,Lesath,17.512732,-37.295811,2.700,-0.179,Sco
85699,,17.513056,86.968047,5.780,0.239,UMi
85715,,17.515381,31.158139,5.630,0.96,Her
85727,,17.518318,-60.683848,3.600,-0.104,Ara
85749,,17.522593,2.724507,5.570,0.844,Oph
85751,,17.523134,-56.920964,5.990,-0.045,Ara
85755,,17.523598,-23.962643,4.780,0.016,Oph
85760,,17.524298,-80.859134,5.830,1.617,Aps
85790,,17.530439,28.407499,5.660,-0.001,Her
85792,,17.530695,-49.876145,2.840,-0.136,Ara
85805,,17.532745,68.135024,5.070,1.077,Dra
85819,,17.536251,55.184243,4.890,0.251,Dra
85822,Yildun,17.536918,86.58646,4.350,0.021,UMi
85829,,17.537767,55.172958,4.860,0.279,Dra
85888,,17.55202,41.243449,5.720,1.089,Her
85889,,17.552052,-41.173066,5.840,0.041,Sco
85912,,17.55634,19.256677,5.650,0.505,Her
85922,,17.55829,-5.744803,5.610,0.187,Oph
85927,Shaula,17.560145,-37.103821,1.620,-0.231,Sco
85930,,17.560941,16.317553,5.680,1.002,Her
85998,,17.57686,9.5867,5.800,0.04,Oph
86011,,17.57847,-32.581662,5.690,0.045,Sco
86019,,17.579542,-11.241999,5.540,0.013,Ser
86032,Rasalhague,17.582241,12.560035,2.080,0.155,Oph
86036,,17.58317,61.874554,5.230,0.602,Dra
86092,,17.594332,-46.505684,4.560,-0.02,Ara
86170,,17.609121,-38.635308,4.260,1.075,Sco
86182,,17.610457,48.585634,5.350,1.142,Her
86201,,17.615859,68.75797,4.770,0.43,Dra
86219,,17.619125,72.455794,5.870,1.016,Dra
86228,Sargas,17.62198,-42.997824,1.860,0.406,Sco
86248,,17.624253,-50.059702,5.890,1.109,Ara
86254,,17.625304,24.309991,5.760,0.114,Her
86263,,17.626445,-15.398557,3.540,0.262,Ser
86266,,17.626724,-15.571038,5.940,0.357,Ser
86284,,17.630754,-8.118771,4.580,0.132,Oph
86305,,17.634871,-54.500434,5.250,0.195,Ara
86313,,17.635973,-10.926268,5.740,1.228,Ser
86414,,17.657747,46.006332,3.820,-0.179,Her
86486,,17.673276,-49.415587,4.760,0.415,Ara
86552,,17.687844,-46.92183,5.780,-0.004,Ara
86561,,17.689386,51.818182,6.000,1.068,Dra
86565,,17.690243,-12.875307,4.240,0.086,Ser
86575,,17.692312,6.313156,5.970,1.271,Oph
86614,Dziban,17.698978,72.148843,4.570,0.434,Dra
86620,Dziban B,17.699461,72.156911,5.810,0.53,Dra
86623,,17.699621,15.95243,5.540,0.387,Her
86667,,17.707879,24.564058,5.560,1.436,Her
86670,,17.708132,-39.029983,2.390,-0.171,Sco
86698,,17.714194,-36.945564,5.530,1.553,Sco
86731,,17.722659,24.327821,5.730,0.683,Her
86736,,17.723833,-21.683194,4.860,0.469,Oph
86742,Cebalrai,17.724543,4.567303,2.760,1.168,Oph
86782,Alruba,17.733103,53.801715,5.750,0.017,Dra
86796,Cervantes,17.735752,-51.834053,5.120,0.694,Ara
86847,,17.745002,-42.729302,5.870,0.163,Sco
86871,,17.748848,-57.54554,5.970,0.912,Pav
86929,,17.762221,-64.723871,3.610,1.161,Pav
86974,,17.774319,27.720676,3.420,0.75,Her
87044,,17.785568,17.697014,5.610,0.036,Her
87072,,17.792674,-27.830788,4.530,0.6,Sgr
87073,,17.793078,-40.126997,2.990,0.509,Sco
87074,,17.79355,-14.725824,5.930,0.009,Ser
87108,Bake-eo,17.798211,2.707276,3.750,0.043,Oph
87158,,17.80688,20.565441,5.690,0.938,Her
87194,,17.813652,25.622869,5.090,1.141,Her
87212,,17.817862,50.781075,5.020,0.043,Dra
87220,,17.819577,-31.703203,4.790,-0.028,Sco
87234,,17.824155,76.962881,5.020,0.518,Dra
87261,Fuyue,17.830965,-37.043304,3.190,1.192,Sco
87294,,17.83642,-40.090435,4.780,0.259,Sco
87308,,17.839692,29.322143,5.510,1.071,Her
87314,,17.84122,-53.612406,5.680,-0.099,Ara
87390,,17.85904,-40.772461,5.940,1.572,Sco
87393,,17.859853,-60.164056,5.780,1.008,Pav
87460,,17.870461,-34.799196,5.880,-0.111,Sco
87472,,17.872156,-34.416842,5.840,1.129,Sco
87491,,17.876512,1.305014,5.910,1.573,Oph
87558,,17.887274,6.101424,5.770,0.425,Oph
87563,,17.888341,40.007959,5.170,1.166,Her
87569,,17.889853,-34.895125,5.580,1.098,Sco
87585,Grumium,17.892134,56.872643,3.730,1.177,Dra
87616,,17.898548,-34.752721,6.000,-0.06,Sco
87728,,17.919762,72.005127,5.430,0.34,Dra
87747,,17.923663,26.049991,5.470,0.341,Her
87777,,17.930781,22.464221,5.620,1.249,Her
87808,,17.93755,37.250539,3.860,1.35,Her
87812,,17.938445,0.670355,5.820,0.058,Oph
87813,,17.938621,-15.812521,5.930,0.024,Ser
87833,Eltanin,17.943437,51.488895,2.240,1.521,Dra
87836,,17.944955,-28.065394,5.760,0.207,Sgr
87846,,17.946507,-44.342246,4.850,1.176,Sco
87847,,17.946596,-4.081823,5.440,1.162,Oph
87875,,17.951199,0.066665,5.950,0.11,Oph
87933,,17.962744,29.24788,3.700,0.935,Her
87936,,17.963279,-41.716295,4.880,1.617,Sco
87998,,17.975041,30.189277,4.410,0.38,Her
88012,,17.977514,-28.759089,5.990,-0.077,Sgr
88038,,17.982135,-36.858376,5.740,0.915,Sgr
88048,,17.983775,-9.773632,3.320,0.987,Oph
88060,,17.9848,-30.253025,5.000,1.654,Sgr
88101,,17.993545,-4.821126,5.860,1.561,Oph
88116,,17.996543,-23.816133,4.740,-0.03,Sgr
88122,,17.998946,45.501378,5.690,1.562,Her
88128,,18.000949,16.750919,4.670,1.254,Her
88136,,18.002526,80.004095,5.740,0.516,Dra
88149,,18.004388,4.368615,4.790,-0.1,Oph
88175,,18.008058,-3.690269,4.620,0.39,Ser
88192,,18.010754,2.931568,3.930,0.029,Oph
88267,Bodu,18.025113,21.595782,4.260,0.406,Her
88290,,18.029222,1.305076,4.420,0.046,Oph
88298,,18.031772,-22.780298,5.720,-0.03,Sgr
88331,,18.039736,20.833632,5.250,-0.1,Her
88380,,18.047527,-24.282468,5.370,0.495,Sgr
88404,,18.051367,-8.180349,4.770,0.41,Oph
88469,,18.064568,-24.36073,5.890,0.031,Sgr
88550,,18.080662,-35.901442,5.980,1.16,Sgr
88567,,18.083674,-29.580087,4.660,0.774,Sgr
88601,,18.090913,2.500099,4.030,0.86,Oph
88635,Alnasl,18.096803,-30.424091,2.980,0.981,Sgr
88636,,18.097114,32.230674,5.720,1.179,Her
88657,,18.100528,22.218879,4.960,1.656,Her
88670,,18.102055,-8.323956,5.840,0.184,Ser
88684,,18.104221,-4.751252,5.740,0.968,Ser
88694,,18.106585,-36.019788,5.940,0.615,Sgr
88714,,18.11052,-50.091477,3.650,-0.101,Ara
88726,,18.113858,-43.425216,4.920,0.255,CrA
88745,,18.117097,30.56214,5.050,0.528,Her
88765,,18.121767,8.733867,4.640,0.951,Oph
88771,,18.122496,9.563847,3.710,0.159,Oph
88788,,18.12465,43.461891,5.000,0.913,Her
88794,,18.125708,28.762488,3.840,-0.018,Her
88816,,18.130095,-17.154159,5.520,1.132,Sgr
88817,,18.130417,26.09734,5.790,0.127,Her
88818,,18.130434,26.10128,5.830,0.158,Her
88836,,18.133959,36.401264,5.490,1.161,Her
88839,,18.134716,-28.457093,4.550,0.938,Sgr
88866,,18.143,-63.668553,4.330,0.228,Pav
88886,Ramus,18.14597,20.814557,4.370,-0.164,Her
88899,,18.148018,20.045233,5.100,0.176,Her
88964,,18.159415,3.993276,5.710,0.363,Oph
89000,,18.165004,3.119827,5.670,0.49,Oph
89008,,18.166387,36.466284,5.570,0.915,Her
89020,,18.168281,-30.728666,5.530,0.979,Sgr
89042,,18.173948,-62.002197,5.470,0.592,Pav
89047,,18.175443,54.286552,5.970,0.943,Dra
89065,,18.177861,3.324256,5.500,1.204,Oph
89099,,18.184876,-41.359113,5.860,0.295,CrA
89112,,18.187157,-45.954418,4.520,1.009,Tel
89115,,18.187714,-75.89151,5.860,1.253,Aps
89153,,18.19537,-23.701235,4.960,1.055,Sgr
89156,,18.195866,33.447057,5.980,0.045,Her
89172,,18.198377,31.40535,4.960,1.643,Her
89234,,18.209482,-73.672417,5.860,0.464,Aps
89290,,18.220194,-41.336111,5.470,-0.155,CrA
89341,Polis,18.229392,-21.058834,3.840,0.195,Sgr
89348,,18.231545,64.397287,4.990,0.44,Dra
89369,,18.23775,-21.713164,5.490,1.528,Sgr
89439,,18.253585,-20.72827,5.290,0.007,Sgr
89440,,18.253603,-20.387974,5.960,-0.023,Sgr
89448,,18.254739,68.75581,5.960,1.055,Dra
89482,,18.260772,42.159345,5.560,-0.111,Lyr
89487,,18.261289,-63.055366,5.580,0.944,Pav
89507,,18.264843,-44.206461,5.450,0.962,CrA
89587,,18.281417,-3.007401,5.990,0.89,Ser
89605,,18.285426,-56.023351,5.360,-0.05,Tel
89609,,18.286563,-17.373886,5.810,1.569,Sgr
89642,,18.293793,-36.761686,3.100,1.582,Sgr
89678,,18.300886,-27.042641,4.660,1.629,Sgr
89772,,18.319316,7.259767,5.410,1.084,Oph
89773,,18.319633,24.446059,5.300,1.508,Her
89826,,18.331031,36.064547,4.330,1.162,Lyr
89851,,18.335775,-15.831697,5.390,1.473,Ser
89861,,18.338309,21.961297,4.920,1.594,Her
89908,,18.345955,71.337814,4.220,-0.093,Dra
89918,,18.347795,3.377165,4.850,0.911,Oph
89925,,18.349158,29.858925,5.610,0.231,Her
89931,Kaus Media,18.3499,-29.828103,2.720,1.38,Sgr
89935,,18.350283,28.869954,5.120,0.212,Her
89937,,18.350736,72.732843,3.550,0.489,Dra
89962,,18.355167,-2.898825,3.230,0.941,Ser
89968,,18.356385,-18.859999,5.760,0.67,Sgr
89981,,18.359075,49.121593,5.020,1.619,Dra
90023,,18.369083,23.285176,5.410,1.633,Her
90037,,18.371828,-38.656894,5.090,1.498,CrA
90052,,18.376477,12.02968,5.990,0.056,Oph
90067,,18.380288,17.826616,5.250,1.25,Her
90074,,18.38141,-36.669556,5.330,-0.121,Sgr
90096,,18.386712,-12.014755,5.710,0.006,Sct
90098,,18.387117,-61.493901,4.350,1.462,Pav
90124,,18.39134,-36.237987,5.520,1.015,Sgr
90133,,18.393456,-75.044277,5.470,0.043,Oct
90135,,18.394329,-8.934383,4.660,0.932,Sct
90139,Tusizuo,18.394967,21.769752,3.850,1.168,Her
90156,,18.398507,58.800736,4.980,0.082,Dra
90185,Kaus Australis,18.402868,-34.384616,1.790,-0.031,Sgr
90191,,18.40383,39.507239,5.110,0.047,Lyr
90200,,18.405067,-44.110256,5.240,-0.163,CrA
90260,,18.417066,-30.75657,5.580,1.138,Sgr
90289,,18.422511,-20.541679,4.810,1.31,Sgr
90313,,18.427444,8.032006,5.640,0.884,Oph
90342,,18.432996,29.82893,5.810,0.068,Her
90344,Fafnir,18.433069,65.56348,4.820,1.179,Dra
90414,,18.448336,-48.117243,5.440,0.855,Tel
90422,,18.449561,-45.968459,3.490,-0.179,Tel
90441,,18.453475,0.196108,5.200,0.487,Ser
90485,,18.463745,-29.816865,5.900,0.517,Sgr
90496,Kaus Borealis,18.466179,-25.4217,2.820,1.025,Sgr
90497,,18.466326,6.194104,5.710,-0.034,Ser
90541,,18.474198,-38.995671,5.630,0.14,CrA
90568,,18.480505,-49.070588,4.100,0.995,Tel
90595,,18.486626,-14.565813,4.670,0.076,Sct
90606,,18.488891,-80.232708,5.950,1.173,Oct
90637,,18.493253,23.866202,5.870,-0.096,Her
90642,,18.494717,-1.985308,5.380,0.961,Ser
90647,,18.495823,77.547068,5.650,1.192,Dra
90662,,18.498871,-47.220546,5.690,1.258,Tel
90664,,18.499086,-57.523143,5.740,0.987,Pav
90687,,18.503295,-18.728794,5.630,1.057,Sgr
90762,,18.517903,16.928556,5.760,0.053,Her
90763,,18.518012,-32.989114,5.370,0.182,Sgr
90797,,18.522896,-62.278302,4.630,-0.116,Pav
90804,,18.523804,-10.795836,5.770,0.379,Sct
90806,,18.523971,-18.402697,5.120,0.016,Sgr
90830,,18.529287,-45.914814,4.920,-0.101,Tel
90842,,18.532284,-43.507383,5.710,1.322,CrA
90844,,18.532498,-1.002977,5.930,0.17,Ser
90853,,18.533874,-45.757382,5.070,-0.127,Tel
90887,,18.539257,-39.704001,5.160,0.079,CrA
90905,,18.542923,57.045599,4.770,0.611,Dra
90913,,18.545367,-14.865662,5.470,1.998,Sct
90915,,18.546154,23.616801,5.880,1.49,Her
90923,,18.54721,30.554209,5.470,-0.077,Lyr
90930,,18.548704,-73.965596,5.880,0.992,Pav
90968,,18.556426,-38.725985,5.670,-0.06,CrA
90982,,18.558383,-42.31251,4.620,0.994,CrA
90991,,18.560839,-14.853614,5.740,0.043,Sct
91004,,18.564857,-24.032283,5.490,1.795,Sgr
91013,,18.565749,52.353517,5.380,1.091,Dra
91014,,18.566046,-33.01656,5.280,-0.115,Sgr
91105,,18.583998,-10.977206,5.120,0.926,Sct
91117,,18.586785,-8.244073,3.850,1.317,Sct
91118,,18.586834,18.20341,5.790,0.006,Her
91139,,18.591777,23.60553,5.620,1.015,Her
91217,,18.607731,9.122491,5.380,0.387,Oph
91235,,18.610373,33.469036,5.410,-0.101,Lyr
91237,,18.610854,6.671805,5.430,0.386,Oph
91262,Vega,18.61564,38.783692,0.030,-0.001,Lyr
91315,,18.625974,62.526591,5.740,-0.045,Dra
91322,,18.626656,-0.309472,5.760,0.067,Ser
91347,,18.631785,-21.397725,5.930,0.189,Sgr
91405,,18.641865,-23.504893,5.780,-0.018,Sgr
91438,,18.648168,-21.051871,5.850,0.673,Sgr
91461,,18.653968,-47.909767,5.840,0.233,Tel
91494,,18.659768,-43.185878,5.420,1.654,CrA
91525,,18.66467,52.196075,6.000,-0.067,Dra
91532,,18.666774,-7.790799,5.820,1.536,Sct
91726,,18.704563,-9.052549,4.700,0.358,Sct
91755,,18.710543,55.539457,5.030,-0.07,Dra
91792,,18.71726,-71.428113,4.010,1.134,Pav
91845,,18.725348,-8.275215,4.880,1.112,Sct
91854,,18.727035,-64.551425,5.760,0.967,Pav
91875,,18.729706,-38.323441,5.110,0.075,CrA
91883,,18.730999,31.926613,5.680,0.36,Lyr
91918,,18.738711,-35.641987,4.860,-0.168,Sgr
91919,,18.738984,39.670123,4.670,0.17,Lyr
91926,,18.739661,39.612721,4.590,0.18,Lyr
91971,,18.746209,37.605115,4.340,0.192,Lyr
91973,,18.746722,37.594615,5.730,0.285,Lyr
91974,,18.747112,-25.010914,5.820,0.033,Sgr
91975,,18.747205,2.060038,5.020,-0.055,Aql
91989,,18.74921,-39.686188,5.400,0.85,CrA
92024,,18.757465,-64.871259,4.780,0.199,Pav
92027,,18.757879,5.500128,5.820,0.041,Ser
92041,,18.76094,-26.990778,3.170,-0.107,Sgr
92043,,18.761035,20.546308,4.190,0.483,Her
92056,,18.762989,74.085553,5.250,0.953,Dra
92088,,18.767911,26.66213,4.830,1.199,Lyr
92111,,18.772391,-22.392176,5.370,1.591,Sgr
92112,,18.772849,75.433964,5.370,0.049,Dra
92117,,18.77461,-0.961692,5.890,0.131,Aql
92133,,18.778634,52.98796,5.910,-0.096,Dra
92136,,18.778701,-10.125048,5.690,0.584,Sct
92161,,18.783686,18.181519,4.340,0.148,Her
92175,,18.786242,-4.747867,4.220,1.087,Sct
92202,,18.791375,-5.705147,5.380,1.28,Sct
92226,,18.795726,-40.406167,5.200,0.781,CrA
92294,,18.810538,-65.077679,5.710,0.268,Pav
92308,,18.814024,-43.680047,5.460,0.133,CrA
92312,,18.814829,19.32872,5.890,0.022,Her
92367,,18.824257,-45.8101,5.800,0.891,Tel
92382,,18.826388,-43.434102,5.600,-0.077,CrA
92390,,18.827807,-20.324656,5.220,1.404,Sgr
92391,,18.828043,-5.912863,5.990,1.568,Sct
92398,,18.82942,32.81282,5.930,-0.154,Lyr
92405,,18.831366,32.551058,5.220,0.1,Lyr
92420,Sheliak,18.834665,33.362667,3.520,0.003,Lyr
92488,,18.849586,-9.774096,5.820,0.594,Sct
92512,,18.853348,59.388351,4.630,1.185,Dra
92549,,18.859712,52.975117,5.510,0.843,Dra
92609,,18.870288,-62.187593,4.220,-0.15,Pav
92614,,18.87123,21.425142,5.430,-0.068,Her
92630,,18.874229,-46.595119,5.510,1.641,Tel
92646,,18.877675,-52.10737,5.180,0.962,Tel
92689,,18.887096,50.708221,4.920,0.903,Dra
92728,,18.895433,36.971721,5.580,-0.138,Lyr
92747,,18.900025,-21.359845,5.680,1.206,Sgr
92761,Ainalrami,18.902827,-22.744834,4.860,1.412,Sgr
92768,,18.90368,27.909528,5.640,1.361,Lyr
92782,,18.90661,71.297192,4.820,1.151,Dra
92791,,18.908412,36.898613,4.220,1.575,Lyr
92814,,18.911976,-15.603036,5.080,0.141,Sct
92818,,18.912468,22.645076,4.570,0.782,Her
92822,,18.913095,48.859401,5.840,0.452,Dra
92824,,18.91323,-87.605843,5.290,1.304,Oct
92831,,18.914494,41.602723,5.460,1.034,Lyr
92833,,18.914588,33.968576,5.990,0.922,Lyr
92845,,18.918649,-22.671328,5.000,1.348,Sgr
92855,Nunki,18.92109,-26.296722,2.050,-0.134,Sgr
92862,,18.922249,43.946088,4.080,1.397,Lyr
92872,,18.92429,6.61529,5.580,1.041,Aql
92882,,18.92528,-16.376635,5.560,0.445,Sgr
92931,,18.93352,-23.173751,5.910,-0.021,Sgr
92937,,18.935034,18.10541,5.690,1.092,Her
92946,Alya,18.936995,4.203595,4.620,0.161,Ser
92951,Alya B,18.937401,4.202132,4.980,0.204,Ser
92953,,18.938044,-42.710676,5.350,0.998,CrA
92969,,18.940481,65.258084,5.620,0.938,Dra
92989,,18.944582,-37.343241,5.360,-0.147,CrA
92997,,18.945851,57.814851,5.670,1.155,Dra
93015,,18.949177,-67.233495,4.400,0.53,Pav
93017,,18.950441,32.901273,5.200,0.594,Lyr
93026,,18.951019,-5.846314,4.830,1.057,Sct
93051,,18.954608,2.535346,5.560,0.004,Ser
93057,,18.955688,-20.656346,5.020,0.137,Sgr
93085,,18.962167,-21.106654,3.520,1.151,Sgr
93104,,18.967194,38.266188,5.890,-0.09,Lyr
93124,,18.970763,17.360912,5.330,0.731,Aql
93148,,18.974378,-52.938629,4.850,-0.051,Tel
93163,,18.976812,-60.20055,5.140,1.355,Pav
93174,,18.978721,-37.107357,4.830,0.396,CrA
93179,,18.979701,13.906648,5.910,0.251,Aql
93194,Sulafat,18.982395,32.689557,3.250,-0.049,Lyr
93203,,18.984928,13.622245,5.270,0.573,Aql
93225,,18.989945,-12.840517,5.510,-0.038,Sgr
93244,,18.993711,15.068298,4.020,1.082,Aql
93256,,18.995966,26.230404,5.260,1.228,Lyr
93279,,19.000229,32.145514,4.940,1.465,Lyr
93287,,19.000987,-66.653618,5.980,0.977,Pav
93299,,19.003799,50.533466,5.390,-0.182,Dra
93340,,19.012072,55.658301,5.510,0.862,Dra
93393,,19.021488,26.291411,5.690,-0.086,Lyr
93408,,19.023991,46.934812,5.000,0.186,Lyr
93429,,19.028008,-5.739115,4.020,1.079,Aql
93498,,19.041022,-24.846826,5.630,1.232,Sgr
93506,Ascella,19.043532,-29.880105,2.600,0.062,Sgr
93526,,19.048472,-3.698987,5.400,-0.005,Aql
93537,,19.051057,-19.245686,5.960,1.158,Sgr
93542,,19.051907,-42.095105,4.740,-0.027,CrA
93552,,19.054915,-38.253147,5.730,0.328,CrA
93574,,19.058242,-68.755544,5.890,0.553,Pav
93580,,19.058959,1.818768,5.820,0.182,Aql
93624,,19.065985,-51.018604,5.930,1.236,Tel
93667,,19.073627,-31.047079,5.490,0.026,Sgr
93683,,19.07805,-21.741496,3.760,1.012,Sgr
93713,,19.081991,53.396654,5.400,-0.014,Dra
93717,,19.082687,-4.03142,5.400,1.12,Aql
93718,,19.082741,31.744072,5.630,1.548,Lyr
93747,Okab,19.090169,13.863478,2.990,0.014,Aql
93763,,19.094772,-15.660419,5.930,-0.015,Sgr
93805,,19.10415,-4.882554,3.430,-0.096,Aql
93815,,19.10554,-52.34091,5.170,0.532,Tel
93825,,19.106971,-37.063437,4.230,0.523,CrA
93843,,19.11048,28.628595,5.530,0.296,Lyr
93845,,19.110665,24.250793,5.780,0.104,Vul
93855,,19.114477,-16.229276,6.000,-0.025,Sgr
93862,,19.115445,-48.299144,5.950,-0.017,Tel
93864,,19.11567,-27.670423,3.320,1.169,Sgr
93867,,19.116279,11.071228,5.070,-0.055,Aql
93903,,19.121703,36.100157,5.250,-0.109,Lyr
93917,,19.123769,32.501738,5.200,0.367,Lyr
93996,,19.137973,-19.290289,5.560,-0.087,Sgr
94005,,19.139156,-40.496703,4.570,1.07,CrA
94013,,19.140507,52.425731,5.880,1.086,Cyg
94068,,19.149976,6.073207,5.230,0.346,Aql
94083,,19.152716,76.560502,5.110,0.308,Dra
94114,Meridiana,19.157869,-37.904474,4.110,0.042,CrA
94141,Albaldah,19.162731,-21.023615,2.880,0.377,Sgr
94150,,19.164642,-68.424448,5.310,0.901,Pav
94157,,19.166015,-41.892256,5.860,-0.08,CrA
94160,,19.167154,-39.340796,4.100,1.163,CrA
94302,,19.194597,56.859213,5.130,1.008,Dra
94311,,19.196114,31.283456,5.930,-0.062,Lyr
94336,,19.201416,49.855755,5.850,0.666,Cyg
94376,Altais,19.209225,67.661541,3.070,0.99,Dra
94385,,19.211309,-7.939518,5.350,0.094,Aql
94434,,19.220463,-25.906786,5.790,1.387,Sgr
94437,,19.220979,-12.282584,5.510,1.442,Sgr
94477,,19.228529,2.293707,5.140,-0.071,Aql
94481,Aladfar,19.229302,39.145968,4.430,-0.15,Lyr
94490,,19.231987,57.705102,5.000,1.156,Dra
94556,,19.244319,-45.193527,5.910,0.902,CrA
94620,,19.254822,21.232118,5.650,0.121,Sge
94624,,19.255581,15.083651,5.580,1.067,Aql
94630,,19.256905,30.526381,5.880,1.665,Lyr
94643,,19.259007,-25.256682,4.860,0.569,Sgr
94648,,19.259229,73.355468,4.450,1.257,Dra
94703,,19.270289,21.390428,4.760,-0.058,Vul
94712,,19.272706,-45.466033,5.380,1.349,Tel
94713,,19.272804,38.133731,4.350,1.258,Lyr
94720,,19.274108,14.544616,5.650,-0.02,Aql
94727,,19.275287,4.834795,5.590,0.101,Aql
94779,,19.28504,53.368459,3.800,0.95,Cyg
94789,,19.286729,-66.661048,5.520,0.17,Pav
94820,,19.293911,-18.952908,4.880,1.013,Sgr
94827,,19.295454,23.02554,5.460,0.02,Vul
94834,,19.296944,11.595422,5.280,0.196,Aql
94885,,19.309026,1.085129,5.100,1.143,Aql
94982,,19.327597,12.37468,5.530,0.265,Aql
94986,,19.327776,-35.421452,5.590,-0.122,Sgr
95038,,19.337783,57.645129,5.910,1.626,Dra
95066,,19.342473,-5.415766,4.980,0.937,Aql
95073,,19.343246,-0.892161,5.460,-0.041,Aql
95077,,19.34393,-22.402535,5.590,0.276,Sgr
95081,,19.344467,65.714531,4.600,0.033,Dra
95168,,19.361211,-17.847197,3.920,0.228,Sgr
95176,,19.362117,-15.955018,4.520,0.079,Sgr
95188,,19.364137,-18.308388,5.840,1.062,Sgr
95222,,19.372651,-0.252345,5.810,1.093,Aql
95241,Arkab Prior,19.377303,-44.458965,3.960,-0.085,Sgr
95260,,19.380801,26.262403,5.220,-0.119,Vul
95261,,19.380888,-54.423931,5.030,0.02,Tel
95294,Arkab Posterior,19.386976,-44.799778,4.270,0.35,Sgr
95347,Rukbat,19.398103,-40.61594,3.960,-0.105,Sgr
95352,,19.399027,43.388171,5.850,0.924,Lyr
95372,,19.402105,29.621338,4.990,-0.12,Cyg
95447,,19.416164,11.944415,5.170,0.761,Aql
95456,,19.41779,-29.309359,5.910,1.278,Sgr
95477,,19.421247,-24.508575,5.020,0.235,Sgr
95485,,19.422665,-13.89713,5.720,1.372,Sgr
95498,,19.424611,19.798365,5.140,0.999,Vul
95503,,19.424906,-23.962457,5.450,1.442,Sgr
95501,,19.424972,3.114775,3.360,0.319,Aql
95556,,19.435868,36.317896,5.170,-0.12,Cyg
95557,,19.4364,-15.053251,5.710,0.007,Sgr
95560,,19.437013,20.097733,5.600,-0.006,Vul
95564,,19.438654,-21.776693,5.570,1.228,Sgr
95572,,19.440037,13.023801,5.760,0.456,Aql
95582,,19.441302,19.891493,5.840,1.558,Vul
95585,,19.441969,0.33857,4.640,0.576,Aql
95619,,19.449022,-29.743225,5.660,-0.014,Sgr
95656,,19.457212,52.320436,5.730,-0.002,Cyg
95690,,19.463366,-54.325272,5.700,1.406,Tel
95732,,19.472444,2.93003,5.840,-0.003,Aql
95771,Anser,19.478427,24.664905,4.440,1.502,Vul
95785,,19.482523,24.768723,5.820,1.023,Vul
95793,,19.483608,1.950448,5.790,0.088,Aql
95822,,19.489487,14.596019,5.570,1.05,Aql
95823,,19.489951,-43.445195,5.700,0.214,Sgr
95853,,19.495098,51.729779,3.760,0.148,Cyg
95865,,19.497829,-26.985615,5.460,1.12,Sgr
95937,,19.511066,-2.788887,5.030,1.77,Aql
95947,Albireo,19.512023,27.959681,3.050,1.088,Cyg
95951,Albireo B,19.51261,27.965276,5.120,-0.095,Cyg
95999,,19.519709,-68.43392,5.980,1.638,Pav
96014,,19.522039,50.306706,5.550,1.274,Cyg
96016,,19.522672,26.617171,5.890,0.915,Vul
96052,,19.529534,34.452968,4.740,-0.15,Cyg
96100,Alsafi,19.539149,69.661175,4.670,0.786,Dra
96141,,19.54828,-53.185618,5.760,0.3,Tel
96178,,19.556007,-45.271748,5.590,-0.02,Tel
96198,,19.561557,49.262319,6.000,1.545,Cyg
96229,,19.568153,7.378941,4.450,1.176,Aql
96234,,19.569024,-40.034638,5.890,0.105,Sgr
96258,,19.572161,51.23662,5.710,0.475,Cyg
96275,,19.57636,19.773403,5.000,-0.093,Vul
96288,,19.578127,42.412509,5.340,0.06,Cyg
96302,,19.580813,29.462954,5.390,0.581,Cyg
96327,,19.585349,-10.560444,5.120,1.122,Aql
96341,,19.586942,-48.099202,4.880,1.096,Tel
96406,,19.600459,-24.719081,5.640,0.185,Sgr
96441,,19.607372,50.221103,4.490,0.395,Cyg
96459,,19.610555,44.694936,5.170,0.928,Cyg
96465,,19.611786,-24.883623,4.590,-0.075,Sgr
96468,,19.612022,-1.286601,4.360,-0.079,Aql
96481,,19.61457,11.273206,5.980,0.881,Aql
96483,,19.614847,-7.027477,4.930,-0.046,Aql
96496,,19.617595,-18.231052,5.660,1.237,Sgr
96516,,19.621498,16.462802,5.670,1.007,Sge
96536,,19.626227,-14.301801,5.460,0.501,Sgr
96556,,19.62981,-4.64764,5.450,0.429,Aql
96620,,19.644769,54.973793,5.890,0.482,Cyg
96665,,19.653234,5.397773,5.180,-0.001,Aql
96683,,19.656279,30.153321,4.680,0.971,Cyg
96693,,19.657356,42.818278,5.410,-0.063,Cyg
96757,Sham,19.668275,18.01389,4.390,0.777,Sge
96760,,19.668657,-23.429086,5.970,1.038,Sgr
96807,,19.6787,-0.621233,5.640,0.123,Aql
96808,,19.678717,-16.293268,5.300,1.109,Sgr
96825,,19.680601,45.524942,5.060,0.426,Cyg
96837,,19.68415,17.476041,4.390,1.041,Sge
96840,,19.684869,13.815682,5.980,-0.078,Aql
96895,,19.696945,50.52506,5.990,0.643,Cyg
96950,,19.708648,-16.123996,5.060,0.319,Sgr
96957,,19.709447,11.826583,5.280,0.575,Aql
96977,,19.71239,32.426741,5.930,0.118,Cyg
97063,,19.72598,-15.470105,5.490,0.46,Sgr
97077,,19.72859,25.771929,5.500,0.939,Vul
97081,,19.729192,41.773108,5.860,1.598,Cyg
97118,,19.737943,37.354355,4.890,0.948,Cyg
97122,,19.738446,69.337065,5.900,0.072,Dra
97165,Fawaris,19.749574,45.13081,2.860,-0.002,Cyg
97229,,19.761096,7.613158,5.890,0.18,Aql
97260,,19.767005,-31.908571,5.510,0.024,Sgr
97278,Tarazed,19.770994,10.613261,2.720,1.507,Aql
97290,,19.772707,-19.761113,4.870,1.061,Sgr
97295,,19.773777,33.727598,5.000,0.476,Cyg
97365,,19.789795,18.534286,3.680,1.313,Sge
97376,,19.79105,38.407614,5.830,-0.087,Cyg
97402,,19.796816,25.384058,6.000,0.993,Vul
97421,,19.800321,-56.362611,5.330,0.196,Tel
97433,,19.80285,70.26793,3.840,0.888,Dra
97473,,19.811683,11.815896,5.750,0.546,Aql
97496,,19.816294,19.142042,5.010,0.095,Sge
97499,,19.817279,-10.870763,6.000,1.233,Aql
97534,,19.823694,-72.503378,5.390,0.234,Pav
97598,,19.837238,-47.557392,5.910,1.678,Tel
97630,,19.842776,38.722419,5.180,1.665,Cyg
97634,,19.843702,40.599759,5.680,-0.058,Cyg
97635,,19.843813,52.988001,5.030,1.286,Cyg
97646,,19.845775,-59.193667,5.410,0.082,Pav
97649,Altair,19.846388,8.868322,0.760,0.221,Aql
97650,,19.846329,-10.763512,5.380,0.402,Aql
97675,,19.850456,10.415727,5.120,0.563,Aql
97679,,19.851141,22.610046,4.900,-0.153,Vul
97749,,19.864056,-39.874367,5.320,-0.045,Sgr
97757,,19.866408,47.027339,5.600,-0.078,Cyg
97765,,19.867109,24.992162,5.540,0.68,Vul
97774,,19.868658,47.931795,5.910,-0.174,Cyg
97783,,19.870001,-19.044991,5.880,0.979,Sgr
97804,,19.874547,1.005661,3.870,0.63,Aql
97816,,19.877143,-54.971026,5.760,0.915,Tel
97870,,19.88816,57.523482,5.140,-0.125,Cyg
97871,,19.888538,-3.114464,5.630,0.231,Aql
97886,,19.891026,24.079614,4.570,-0.047,Vul
97928,,19.902299,-8.574211,5.760,1.664,Aql
97938,Libertas,19.904134,8.461453,4.710,1.023,Aql
97961,,19.908632,24.319388,5.560,-0.018,Vul
97966,,19.910459,-8.227289,5.700,-0.079,Aql
97980,,19.912444,0.273627,5.600,0.098,Aql
97985,,19.913403,36.995676,5.790,0.773,Cyg
98032,,19.921026,-41.868288,4.120,1.063,Sgr
98036,Alshain,19.921887,6.406763,3.710,0.855,Aql
98055,,19.927167,52.438948,4.910,0.124,Cyg
98066,Terebellum,19.930651,-26.299506,4.700,0.748,Sgr
98068,,19.931045,38.486705,4.950,-0.086,Cyg
98073,,19.932051,58.845969,4.980,1.584,Cyg
98085,,19.933684,16.634799,5.710,0.903,Sge
98103,,19.937292,11.423721,5.280,0.014,Aql
98110,,19.938438,35.083424,3.890,1.019,Cyg
98162,,19.94912,-27.169899,4.540,1.462,Sgr
98174,,19.951749,-58.901351,5.240,0.014,Pav
98194,,19.953852,40.367824,5.460,-0.09,Cyg
98234,,19.962624,16.789163,5.540,-0.048,Sge
98258,,19.965842,-15.49149,5.010,0.055,Sgr
98325,,19.977216,30.983665,5.510,-0.06,Cyg
98332,,19.978116,-69.163957,5.740,0.224,Pav
98337,,19.979285,19.492148,3.510,1.571,Sge
98353,,19.982555,-26.195767,4.840,0.882,Sgr
98375,,19.986261,23.101281,5.680,0.345,Vul
98383,,19.989006,45.772541,5.920,0.185,Cyg
98412,,19.995605,-35.276305,4.370,-0.15,Sgr
98416,,19.996485,-9.958238,5.870,0.598,Aql
98421,,19.997595,-34.697799,5.300,0.17,Sgr
98425,,19.998665,37.042885,5.150,-0.133,Cyg
98438,,20.000919,17.516511,5.330,1.576,Sge
98461,,20.004425,-37.701719,5.950,0.989,Sgr
98470,,20.005621,-33.703452,5.650,0.498,Sgr
98478,,20.006418,-66.94936,5.750,1.033,Pav
98495,,20.009845,-72.910504,3.970,-0.032,Pav
98512,,20.013424,-45.112918,5.800,0.295,Sgr
98526,,20.016383,8.557735,5.900,1.529,Aql
98543,,20.018346,27.753573,4.660,0.184,Vul
98571,,20.022655,50.104695,5.060,1.122,Cyg
98583,,20.024594,64.820974,5.220,1.598,Dra
98609,,20.029086,24.800423,5.880,-0.134,Vul
98608,,20.029093,-59.375893,4.950,1.356,Pav
98624,,20.03123,-66.943966,5.320,1.218,Pav
98633,,20.032944,-13.637217,5.690,0.079,Sgr
98636,,20.03373,24.938043,5.230,0.374,Vul
98688,,20.044299,-27.709845,4.430,1.64,Sgr
98702,,20.04696,67.873565,4.510,1.313,Dra
98738,,20.054555,18.500993,5.990,1.42,Sge
98754,,20.058338,16.031255,5.730,-0.095,Aql
98761,,20.059291,-37.940699,4.770,1.417,Sgr
98767,,20.060373,29.896805,5.730,0.749,Cyg
98819,,20.068399,17.070173,5.800,0.6,Sge
98823,Tianfu,20.068976,7.277966,5.510,1.063,Aql
98842,,20.072108,-32.056296,4.990,1.208,Sgr
98844,,20.073098,-0.709309,5.670,1.301,Aql
98863,,20.076715,32.218598,5.620,0.76,Cyg
98920,,20.08597,19.991071,5.090,1.058,Sge
98962,,20.092444,61.99542,5.400,1.191,Dra
99026,,20.103823,53.165688,5.810,0.445,Cyg
99031,,20.106055,35.972468,5.380,0.85,Cyg
99080,,20.114835,23.614425,5.080,-0.162,Vul
99120,,20.1231,-52.880793,4.930,1.591,Tel
99171,,20.13384,-0.678185,5.970,1.023,Aql
99240,,20.145157,-66.182068,3.550,0.751,Pav
99255,,20.148145,77.711419,4.380,-0.046,Cep
99303,,20.157116,36.839621,4.930,-0.139,Cyg
99404,,20.175982,26.904169,5.510,0.087,Vul
99461,,20.186632,-36.101212,5.320,0.868,Sgr
99473,Antinous,20.188413,-0.821461,3.240,-0.066,Aql
99500,,20.193007,62.078542,5.700,0.53,Dra
99518,,20.19666,26.80899,5.510,1.397,Vul
99531,,20.200195,26.478806,5.910,-0.107,Vul
99572,,20.207186,-12.617497,5.840,0.476,Cap
99631,,20.220523,-1.009339,5.440,1.43,Aql
99639,,20.22168,46.815675,4.800,0.1,Cyg
99655,,20.223288,56.567722,4.280,0.114,Cyg
99663,,20.224331,60.640569,5.810,1.476,Cep
99675,,20.227196,46.741329,3.800,1.27,Cyg
99738,,20.237369,28.694817,5.190,0.191,Vul
99742,,20.237949,15.197609,4.940,0.072,Aql
99747,,20.238617,-52.44577,5.650,1.497,Tel
99770,,20.242229,36.806302,4.930,0.151,Cyg
99824,,20.254415,25.591957,4.790,-0.181,Vul
99825,,20.254806,-27.032977,5.730,0.878,Cap
99841,,20.256604,33.729084,5.700,0.926,Cyg
99848,,20.257867,47.714208,3.960,1.451,Cyg
99853,,20.2584,23.508906,5.180,1.016,Vul
99874,,20.262816,27.814242,4.500,1.258,Vul
99889,,20.266837,45.579525,5.870,0.447,Cyg
99951,,20.279746,24.671102,5.300,0.951,Vul
99968,,20.282024,40.365075,5.270,1.65,Cyg
100017,,20.291918,66.853687,5.910,0.602,Dra
100027,,20.29413,-12.508212,4.300,0.928,Cap
100044,,20.296445,38.03293,4.770,0.377,Cyg
100062,,20.300388,-21.80996,5.860,1.002,Cap
100064,Algedi,20.300904,-12.544852,3.580,0.883,Cap
100069,,20.301941,40.732082,5.830,0.073,Cyg
100097,,20.306876,55.397095,5.760,0.118,Cyg
100108,,20.307958,36.999803,5.580,0.056,Cyg
100122,,20.310853,34.982775,5.140,0.66,Cyg
100195,,20.323223,-19.118533,5.280,1.394,Cap
100221,,20.326863,62.257472,5.710,-0.043,Dra
100256,,20.333386,13.548091,5.960,0.299,Del
100261,,20.334998,68.880317,5.590,1.472,Dra
100276,,20.339279,17.792928,5.820,1.5,Sge
100310,Alshat,20.344393,-12.75908,4.770,-0.047,Cap
100345,Dabih,20.350187,-14.781367,3.050,0.79,Cap
100357,,20.3532,63.980122,5.690,1.561,Dra
100435,,20.36762,24.446099,5.500,-0.09,Vul
100437,,20.368156,45.794994,5.580,1.077,Cyg
100453,Sadr,20.370473,40.256679,2.230,0.673,Cyg
100469,,20.374305,-42.049548,5.600,0.002,Sgr
100501,,20.379249,41.026012,5.950,1.632,Cyg
100541,,20.386304,5.342987,5.300,0.983,Aql
100574,,20.395658,37.476449,5.870,-0.173,Cyg
100587,,20.397671,32.190172,4.430,1.331,Cyg
100591,,20.398106,-42.422868,5.640,0.201,Sgr
100738,,20.424119,-28.663269,5.860,1.101,Sgr
100751,Peacock,20.427459,-56.73509,1.940,-0.118,Pav
100754,,20.427925,21.409642,5.680,0.921,Vul
100859,,20.450624,49.383367,5.730,0.339,Cyg
100881,,20.455336,-18.211721,5.080,-0.049,Cap
100907,,20.459517,38.440332,5.630,0.072,Cyg
100965,,20.470687,81.422708,5.380,1.01,Dra
101027,,20.481004,-17.813687,4.770,0.386,Cap
101067,,20.488997,36.454729,5.900,0.407,Cyg
101076,,20.489926,30.368555,4.010,0.404,Cyg
101084,,20.490863,56.06819,5.890,-0.052,Cyg
101082,,20.490931,81.091277,5.960,0.942,Dra
101093,,20.493015,62.994105,4.210,0.199,Cep
101101,,20.494167,-2.885531,4.910,1.16,Aql
101123,,20.498307,-18.583178,5.940,0.062,Cap
101138,,20.500983,48.951569,4.940,-0.087,Cyg
101243,,20.521893,49.220297,5.440,1.566,Cyg
101260,,20.525112,74.954619,5.180,0.1,Dra
101345,,20.539915,-9.853384,5.660,0.689,Cap
101421,Aldulfin,20.553547,11.303263,4.030,-0.123,Del
101427,,20.554894,-80.964862,5.760,1.122,Oct
101474,,20.565052,35.250852,4.610,1.593,Cyg
101475,,20.565234,46.693866,5.780,-0.14,Cyg
101477,,20.565297,-44.516048,5.120,0.999,Mic
101483,,20.565845,13.027255,5.390,0.093,Del
101589,,20.588482,14.674213,4.640,0.12,Del
101612,,20.593003,-60.581749,4.750,0.291,Pav
101692,,20.61212,-2.549957,4.910,1.606,Aql
101716,,20.617964,26.461947,5.590,-0.05,Vul
101769,Rotanev,20.625816,14.595087,3.640,0.425,Del
101772,,20.626116,-47.291502,3.110,0.998,Ind
101773,,20.626465,-61.529918,4.860,0.447,Pav
101800,,20.630311,11.377676,5.420,0.05,Del
101843,,20.638501,-81.289063,5.890,1.692,Oct
101847,,20.638967,-1.105121,4.310,0.949,Aql
101867,,20.642038,21.201174,4.810,-0.03,Vul
101868,,20.642198,24.115958,5.060,-0.133,Vul
101870,,20.643053,23.680494,5.910,0.953,Vul
101882,,20.645552,13.315125,5.690,1.509,Del
101899,,20.649867,30.334265,5.680,1.088,Cyg
101909,,20.65138,15.838199,5.990,-0.145,Del
101916,,20.652161,10.086203,5.070,0.702,Del
101923,,20.654533,-14.95476,5.240,-0.129,Cap
101936,,20.656914,0.486445,5.150,1.06,Aqr
101958,Sualocin,20.660635,15.912072,3.770,-0.057,Del
101983,,20.667347,-60.548892,5.110,0.544,Pav
101984,,20.667485,-18.138659,5.150,1.647,Cap
101986,,20.667549,43.458878,5.970,1.186,Cyg
102014,,20.672174,-33.431843,5.470,1.118,Mic
102026,,20.6757,-16.12418,5.790,0.997,Cap
102066,,20.684039,32.307287,5.530,0.871,Cyg
102092,,20.689902,-31.598289,5.750,1.551,Mic
102098,Deneb,20.690532,45.280338,1.250,0.092,Cyg
102155,,20.699028,41.716875,5.680,-0.107,Cyg
102157,,20.699186,-66.760682,5.140,-0.061,Pav
102162,,20.700731,-76.180592,5.990,0.45,Oct
102177,,20.703508,50.34003,5.410,-0.107,Cyg
102208,,20.709755,82.531158,5.750,0.0,Dra
102253,,20.719722,66.657447,5.590,0.218,Cep
102281,,20.724315,15.074581,4.430,0.302,Del
102333,,20.733966,-51.920971,4.510,0.278,Ind
102358,,20.739457,56.488405,5.910,1.643,Cep
102388,,20.747919,25.270617,4.920,1.183,Vul
102395,,20.749314,-66.203212,3.420,0.163,Pav
102422,,20.754811,61.838782,3.410,0.912,Cep
102431,,20.755878,57.579725,4.520,0.535,Cep
102453,,20.761043,30.719715,4.220,1.051,Cyg
102485,,20.76826,-25.270898,4.130,0.426,Cap
102487,,20.769441,-21.514032,5.910,0.066,Cap
102488,Aljanah,20.770178,33.970256,2.480,1.021,Cyg
102497,,20.772238,-39.199262,5.480,-0.078,Mic
102531,,20.777462,16.124134,5.150,0.495,Del
102532,,20.77764,16.124296,4.270,1.042,Del
102571,,20.786319,34.374123,4.930,1.294,Cyg
102589,,20.790149,36.490717,4.530,-0.083,Cyg
102599,,20.79265,80.552262,5.360,1.144,Dra
102618,Albali,20.794598,-9.495776,3.780,0.0,Aqr
102624,,20.795621,-5.027701,4.430,1.639,Aqr
102633,,20.796759,6.008209,5.570,-0.01,Del
102635,,20.797025,47.831869,5.600,1.466,Cyg
102693,,20.808084,-43.988544,5.110,0.361,Mic
102724,,20.815637,46.114134,4.810,0.571,Cyg
102772,,20.821559,-25.78124,5.860,-0.069,Cap
102773,,20.821733,-68.776521,5.410,1.122,Pav
102790,,20.824709,-46.226826,4.900,1.494,Ind
102831,,20.8328,-33.779722,4.890,1.004,Mic
102843,,20.834695,44.059304,5.060,0.198,Cyg
102891,,20.844938,-12.544906,5.870,1.075,Aqr
102916,,20.850211,-37.913332,5.520,1.38,Mic
102945,,20.857152,-5.626633,5.990,0.464,Aqr
102949,,20.857844,28.250505,5.660,0.616,Vul
102950,,20.858347,-51.608179,5.060,1.125,Ind
102962,,20.860681,-62.429335,5.670,0.203,Pav
102978,,20.863692,-26.919133,4.120,1.633,Cap
103004,,20.868801,27.096979,4.560,0.835,Vul
103005,,20.869082,-5.507059,5.550,-0.076,Aqr
103045,,20.877565,-8.983318,4.730,0.325,Aqr
103089,,20.887431,44.38726,4.800,-0.134,Cyg
103094,,20.88849,45.181673,5.480,1.088,Cyg
103127,,20.894494,-39.809865,5.340,1.318,Mic
103145,,20.898304,33.437891,5.470,1.522,Cyg
103200,,20.909344,28.057621,5.030,1.481,Vul
103219,,20.912304,75.92557,5.990,0.946,Cep
103226,,20.913283,-17.922894,5.780,1.122,Cap
103227,,20.913498,-58.454155,3.670,1.25,Ind
103294,,20.926858,13.721536,5.190,1.119,Del
103298,,20.927381,12.568558,5.540,0.131,Del
103312,,20.930501,47.417656,5.680,0.408,Cyg
103359,,20.940407,50.728598,5.830,0.337,Cyg
103360,,20.940526,49.195847,5.920,1.054,Cyg
103371,,20.942994,44.924722,5.960,0.02,Cyg
103389,,20.946479,-26.296378,5.700,0.507,Cap
103401,,20.948341,-9.697545,5.490,1.474,Aqr
103413,,20.952893,41.167136,3.940,0.027,Cyg
103460,,20.96129,-16.031539,5.890,0.18,Cap
103511,,20.971209,22.325908,5.300,1.419,Vul
103519,,20.972067,44.471711,5.550,0.973,Cyg
103527,Musica,20.973871,10.839286,5.510,0.934,Del
103530,,20.975009,50.461791,5.590,-0.144,Cyg
103545,,20.978289,-14.483128,5.950,0.244,Aqr
103569,,20.984577,4.293481,5.300,0.464,Equ
103571,,20.984753,4.29461,5.240,0.457,Equ
103598,,20.990377,59.438594,5.540,1.411,Cep
103632,,20.997098,47.520951,4.740,-0.084,Cyg
103652,,21.001106,7.516197,5.980,0.283,Equ
103673,,21.005976,-51.265312,5.760,0.48,Ind
103675,,21.007691,19.329581,5.690,1.588,Del
103732,,21.019702,46.155773,5.380,-0.206,Cyg
103738,,21.021517,-32.257767,4.670,0.89,Mic
103810,,21.035834,56.669614,5.830,-0.058,Cep
103836,,21.040873,-38.53097,5.930,1.106,Mic
103882,,21.049433,-38.631447,5.320,0.424,Mic
103956,,21.063225,53.2859,5.930,1.001,Cyg
103981,,21.067979,-5.823066,5.530,0.683,Aqr
104019,,21.073417,-19.854991,4.820,0.169,Cap
104031,,21.076292,5.502862,5.630,1.65,Equ
104043,,21.078621,-77.023767,5.130,0.49,Oct
104060,,21.082184,43.927852,3.720,1.609,Cyg
104085,,21.08729,-54.727042,5.170,1.201,Ind
104101,,21.090756,5.958199,5.940,0.538,Equ
104105,,21.09145,78.126392,5.910,-0.065,Cep
104139,,21.099118,-17.232861,4.080,-0.01,Cap
104148,,21.100317,-30.12512,5.690,1.047,Mic
104171,,21.10649,71.431797,5.880,0.386,Cep
104174,,21.106855,-32.341618,5.200,1.104,Mic
104177,,21.107087,-41.385965,5.550,1.35,Mic
104185,,21.108401,31.184657,5.770,0.554,Cyg
104194,,21.110026,47.648403,4.560,1.569,Cyg
104214,,21.114794,38.749415,5.200,1.069,Cyg
104234,,21.118797,-25.005853,4.490,1.604,Cap
104364,,21.142417,-63.92826,5.750,1.18,Pav
104365,,21.142673,-21.193669,5.300,0.0,Cap
104371,,21.144135,30.205637,5.600,-0.048,Cyg
104382,Polaris Australis,21.146119,-88.956499,5.450,0.283,Oct
104440,,21.156052,-73.172968,5.670,0.59,Pav
104459,,21.159902,-11.371693,4.500,0.926,Aqr
104516,,21.17099,53.5631,5.750,-0.111,Cyg
104521,,21.172361,10.131579,4.700,0.262,Equ
104642,,21.196733,59.98661,5.640,0.11,Cep
104680,,21.203806,-40.269362,5.830,0.45,Mic
104732,,21.215607,30.226916,3.210,0.99,Cyg
104738,,21.21751,-39.424922,5.250,0.46,Mic
104750,,21.221479,-27.619333,5.410,1.425,Mic
104752,,21.221933,-36.423527,5.970,0.967,Mic
104755,,21.222351,-70.126267,5.060,1.578,Pav
104858,,21.241337,10.006981,4.470,0.529,Equ
104887,,21.246517,38.045317,3.740,0.393,Cyg
104963,,21.260528,-20.651696,5.170,1.161,Cap
104968,,21.261779,77.012296,5.920,1.531,Cep
104974,,21.262456,-15.1715,5.310,1.639,Cap
104978,,21.262738,-53.263084,5.730,0.191,Ind
104987,Kitalpha,21.263731,5.247845,3.920,0.549,Equ
105080,,21.287289,55.798001,6.000,1.447,Cep
105102,,21.290265,39.394681,4.220,0.098,Cyg
105138,,21.298632,34.896898,4.410,-0.103,Cyg
105140,,21.298966,-32.172539,4.710,0.07,Mic
105143,,21.299246,-17.985138,5.400,-0.118,Cap
105164,,21.303076,-4.519478,5.830,-0.13,Aqr
105186,,21.307551,43.945945,5.040,-0.061,Cyg
105199,Alderamin,21.30963,62.585573,2.450,0.257,Cep
105224,,21.314452,11.203373,5.970,1.612,Equ
105259,,21.321025,58.623502,5.510,1.114,Cep
105269,,21.322828,38.237473,5.890,0.505,Cyg
105268,,21.322838,64.871855,5.190,-0.045,Cep
105282,,21.324652,49.510294,5.750,-0.119,Cyg
105319,,21.331096,-53.449427,4.390,0.191,Ind
105382,,21.346008,-40.809465,4.800,0.029,Mic
105411,,21.351217,23.855966,5.580,1.057,Peg
105412,,21.351199,-4.560125,5.870,0.912,Aqr
105413,,21.35134,7.354503,5.810,1.663,Equ
105497,,21.36678,49.388848,5.680,1.1,Cyg
105502,,21.36811,19.804508,4.080,1.108,Peg
105515,,21.370776,-16.834542,4.280,0.888,Cap
105570,,21.381559,6.81114,5.160,0.064,Equ
105574,,21.382293,-9.31933,5.990,1.516,Aqr
105576,,21.38347,-22.669048,5.630,1.641,Cap
105652,,21.399672,24.274135,5.700,0.314,Vul
105665,,21.402665,-20.851869,5.380,1.176,Cap
105668,,21.403192,-12.878108,5.480,0.297,Aqr
105696,,21.406893,-41.006695,5.760,-0.036,Mic
105703,,21.409445,26.17456,5.670,0.323,Vul
105727,,21.413729,80.524826,5.970,0.95,Cep
105761,,21.420285,-9.748552,5.710,0.208,Aqr
105767,,21.421377,-3.556747,5.480,1.451,Aqr
105769,,21.422083,46.714341,5.590,0.335,Cyg
105811,,21.429729,36.667386,5.930,0.033,Cyg
105854,,21.43968,-37.829429,5.640,1.185,Mic
105858,,21.440705,-65.366198,4.210,0.494,Pav
105881,,21.444452,-22.411332,3.770,1.002,Cap
105898,,21.447668,48.835168,5.290,0.108,Cyg
105913,,21.450454,-42.54793,5.500,0.392,Mic
105928,,21.454117,-21.19621,5.780,1.44,Cap
105942,,21.455935,37.116798,5.300,-0.14,Cyg
105966,,21.461126,27.608593,5.390,0.049,Vul
105972,,21.46282,66.809096,5.420,-0.099,Cep
106003,,21.468955,32.22533,5.750,0.333,Cyg
106032,Alfirk,21.477662,70.560716,3.230,-0.201,Cep
106039,,21.478721,-21.80718,4.500,0.889,Cap
106044,,21.479121,-69.505386,5.470,1.553,Pav
106062,,21.483271,22.179436,5.840,1.37,Peg
106093,,21.490816,46.540585,5.220,0.965,Cyg
106140,,21.499137,23.638838,4.520,1.618,Peg
106227,,21.51647,60.459432,5.530,0.102,Cep
106278,Sadalsuud,21.525982,-5.571172,2.900,0.828,Aqr
106327,,21.534965,-41.17931,5.290,1.109,Gru
106340,,21.537381,-33.944623,5.970,0.051,PsA
106393,,21.549052,49.977629,5.770,-0.042,Cyg
106429,,21.556534,-44.8487,5.570,1.044,Gru
106481,,21.56635,45.591837,3.980,0.885,Cyg
106551,,21.579596,38.534054,4.870,1.085,Cyg
106559,,21.580848,-20.084274,5.700,0.423,Cap
106592,,21.588228,-3.983305,5.790,1.11,Aqr
106642,,21.600689,45.374591,5.960,1.341,Cyg
106654,,21.603046,-26.171516,5.730,0.234,PsA
106711,,21.615827,40.413521,5.040,0.198,Cyg
106723,,21.618008,-19.466011,4.510,-0.18,Cap
106786,Bunda,21.629197,-7.854201,4.680,0.175,Aqr
106787,,21.629285,19.318607,5.460,0.321,Peg
106801,,21.632007,62.08194,4.760,0.246,Cep
106856,,21.642205,5.771742,5.660,0.265,Peg
106886,,21.649339,57.489037,5.740,0.2,Cep
106897,,21.650329,20.265451,5.770,0.314,Peg
106944,,21.65924,2.243558,5.100,1.034,Aqr
106985,Nashira,21.668181,-16.662308,3.690,0.32,Cap
106999,,21.669749,43.273839,5.090,1.601,Cyg
107089,,21.691253,-77.390046,3.730,1.008,Oct
107095,,21.692462,-14.047611,5.160,0.672,Cap
107119,,21.698652,71.311417,4.550,1.108,Cep
107128,,21.700192,-23.262858,5.240,0.991,Cap
107129,,21.700301,35.5102,5.980,2.5,Cyg
107136,Azelfafage,21.701573,51.189622,4.690,-0.119,Cyg
107144,,21.702809,1.285253,5.660,1.446,Aqr
107151,,21.704292,5.680137,5.300,1.653,Peg
107162,,21.706376,41.077019,5.730,0.055,Cyg
107188,,21.710973,-18.866323,4.720,0.868,Cap
107230,,21.717806,72.320084,5.180,1.063,Cep
107232,,21.717888,-14.399709,5.880,0.255,Cap
107235,,21.718465,41.15497,5.510,1.615,Cyg
107253,,21.723791,38.283589,5.690,-0.01,Cyg
107259,Garnet Star,21.725127,58.780046,4.230,2.242,Cep
107302,,21.733602,-14.74937,5.960,0.219,Cap
107310,,21.73571,28.742632,4.490,0.512,Cyg
107315,Enif,21.736433,9.875011,2.380,1.52,Peg
107348,,21.74186,17.350017,4.340,1.161,Peg
107350,,21.742035,14.771939,5.960,0.587,Peg
107354,,21.744092,25.645036,4.140,0.425,Peg
107374,,21.748134,62.460567,5.940,0.312,Cep
107380,,21.749113,-33.025781,4.350,-0.053,PsA
107382,,21.750071,-9.082428,5.100,1.108,Cap
107418,,21.75748,61.120806,4.250,0.474,Cep
107472,,21.767879,22.94888,5.290,1.381,Peg
107487,,21.771186,-9.275935,6.000,1.629,Cap
107517,,21.775583,-11.365954,5.570,-0.002,Cap
107533,,21.779891,49.30957,4.230,-0.12,Cyg
107556,Deneb Algedi,21.784011,-16.127286,2.850,0.18,Cap
107575,,21.787212,2.686124,5.630,0.012,Peg
107586,,21.790362,60.692689,5.530,1.575,Cep
107608,,21.795598,-30.898304,5.020,0.042,PsA
107649,,21.804363,-47.303615,5.570,0.601,Gru
107763,,21.830748,30.174215,5.070,0.01,Peg
107773,,21.833369,-64.712537,5.620,1.018,Ind
107788,,21.835749,17.285851,5.340,0.394,Peg
107835,,21.846448,-69.629416,5.520,1.378,Ind
107843,,21.848413,-82.718904,5.270,0.756,Oct
107887,,21.859513,19.826682,5.780,-0.1,Peg
107930,,21.866954,55.796743,5.700,-0.081,Cep
107975,,21.874978,28.793538,5.520,0.426,Peg
108022,,21.88438,25.92514,5.090,-0.155,Peg
108036,,21.888268,-13.551768,5.080,0.378,Cap
108060,,21.893717,19.668437,5.690,0.011,Peg
108085,Aldhanab,21.898808,-37.364852,3.000,-0.084,Gru
108102,,21.902881,-4.27618,5.710,1.185,Aqr
108165,,21.914766,56.611227,5.740,0.655,Cep
108195,,21.919823,-61.886608,5.920,0.393,Ind
108226,,21.925276,65.320809,5.840,-0.037,Cep
108294,,21.939659,-37.253655,5.450,0.084,Gru
108317,,21.944207,63.625557,5.110,1.547,Cep
108339,,21.948992,12.076492,5.540,0.054,Peg
108431,,21.965293,-54.992575,4.400,0.297,Ind
108505,,21.981532,62.697986,5.960,1.64,Cep
108535,,21.987518,73.179896,5.040,0.439,Cep
108543,,21.988307,-38.395096,5.500,0.996,Gru
108612,,22.002202,6.717437,6.000,-0.112,Peg
108661,,22.013951,-28.453736,5.430,-0.095,PsA
108691,,22.01806,0.604715,5.600,1.279,Aqr
108693,,22.018152,13.119823,5.610,0.336,Peg
108699,,22.019232,8.257164,5.650,1.44,Peg
108758,,22.030718,52.882253,5.790,-0.106,Cyg
108772,,22.034604,58.000366,5.550,0.017,Cep
108845,,22.049074,44.649863,5.570,-0.029,Cyg
108849,,22.051044,-76.118427,5.940,0.399,Oct
108868,,22.054572,-6.522406,5.550,0.959,Aqr
108870,,22.055486,-56.785977,4.690,1.056,Ind
108874,,22.055234,-2.155363,4.740,-0.1,Aqr
108875,,22.055287,11.386552,5.830,-0.05,Peg
108917,Kurhah,22.063135,64.627971,4.260,0.379,Cep
108924,,22.064709,63.11992,5.260,1.557,Cep
108975,,22.076879,-26.822359,5.970,-0.167,PsA
108991,,22.079839,-0.906343,5.290,0.231,Aqr
109005,,22.083469,62.785671,5.270,1.413,Cep
109017,,22.085775,62.279814,5.070,0.24,Cep
109023,,22.086481,26.673689,5.750,1.249,Peg
109056,,22.092964,28.963981,5.690,-0.048,Peg
109068,,22.094653,5.05853,4.860,1.443,Peg
109074,Sadalmelik,22.096399,-0.319851,2.950,0.969,Aqr
109081,,22.097496,-59.636072,5.620,1.468,Ind
109102,,22.100543,45.014348,5.090,1.568,Lac
109111,,22.101914,-39.543353,4.470,1.349,Gru
109139,,22.107286,-13.869679,4.290,-0.075,Aqr
109176,,22.116847,25.345112,3.770,0.435,Peg
109209,,22.124608,19.475526,5.740,0.331,Peg
109240,,22.130641,21.702926,5.790,-0.077,Peg
109268,Alnair,22.137209,-46.960975,1.730,-0.07,Gru
109285,,22.139722,-32.988468,4.500,0.054,PsA
109289,,22.140537,-34.043841,4.990,1.499,PsA
109332,,22.14972,-18.519592,5.800,-0.154,Aqr
109352,,22.153789,33.172337,5.580,0.985,Peg
109400,,22.163441,72.341207,4.790,0.919,Cep
109404,,22.165473,-34.014967,5.370,0.241,PsA
109410,,22.166457,33.178224,4.280,0.471,Peg
109422,,22.169093,-32.548407,4.940,0.489,PsA
109427,Biham,22.169996,6.197865,3.520,0.086,Peg
109466,,22.176041,-4.266855,5.980,0.981,Aqr
109471,,22.177065,11.624539,5.780,1.617,Peg
109472,,22.177078,-11.564939,5.430,-0.117,Aqr
109474,,22.177462,70.132573,5.520,0.391,Cep
109492,,22.180908,58.201261,3.390,1.558,Cep
109521,,22.186069,50.823393,5.380,0.152,Lac
109556,,22.191828,59.414488,5.050,0.192,Cep
109572,,22.196848,56.839357,5.240,0.534,Cep
109577,,22.197592,16.040551,5.930,0.951,Peg
109592,,22.20056,60.759095,5.370,1.184,Cep
109602,,22.202248,24.950641,5.970,1.5,Peg
109620,,22.206235,63.291035,5.760,1.645,Cep
109654,,22.213284,34.604592,5.340,1.134,Peg
109693,,22.219501,86.107955,5.270,-0.03,Cep
109730,,22.227415,28.608017,5.870,1.169,Peg
109737,,22.229008,-25.180905,5.580,0.497,PsA
109745,,22.230339,45.440613,5.530,0.021,Lac
109754,,22.231312,39.714927,4.500,1.385,Lac
109786,,22.238342,-21.074566,5.330,0.812,Aqr
109789,,22.238542,-27.766908,5.450,-0.121,PsA
109831,,22.245656,42.95391,5.720,0.014,Lac
109857,,22.250544,57.043587,4.180,0.278,Cep
109908,,22.260253,-41.3467,4.790,0.79,Gru
109937,,22.26616,37.748737,4.140,1.447,Lac
109972,,22.274039,57.220238,5.880,0.95,Cep
109973,,22.274045,-41.627225,5.110,0.93,Gru
110000,,22.280012,-12.831436,5.340,1.132,Aqr
110003,Ancha,22.280565,-7.78329,4.170,0.979,Aqr
110009,,22.281268,-9.040067,5.800,1.158,Aqr
110023,,22.285139,-5.387164,5.750,0.878,Aqr
110078,,22.297409,-77.511553,5.490,0.312,Oct
110103,,22.303505,62.804388,5.750,1.256,Cep
110109,,22.304289,-53.627073,5.360,0.614,Gru
110130,Lang-Exster,22.308371,-60.259587,2.870,1.39,Tuc
110179,,22.316872,-13.304995,5.960,1.075,Aqr
110256,,22.333754,-80.439747,5.090,1.276,Oct
110273,,22.336643,-7.821102,5.350,-0.048,Aqr
110298,,22.340994,5.789498,5.370,-0.037,Peg
110351,,22.350428,46.536569,4.550,-0.1,Lac
110371,,22.355372,28.330529,4.780,-0.01,Peg
110386,,22.358632,12.205186,4.820,-0.132,Peg
110391,,22.35988,-21.59823,5.120,1.057,Aqr
110395,Sadachbia,22.360938,-1.387331,3.860,-0.057,Aqr
110506,,22.385535,-45.928488,5.620,0.372,Gru
110529,,22.391901,-24.762661,5.530,0.979,Aqr
110532,,22.392264,-7.194421,5.920,0.998,Aqr
110538,,22.392675,52.229046,4.420,1.015,Lac
110578,,22.401912,-4.83702,5.790,-0.033,Aqr
110602,,22.407517,-13.529369,5.760,0.97,Aqr
110609,,22.408609,49.476392,4.550,0.092,Lac
110618,,22.409764,-72.255412,5.280,0.66,Ind
110649,,22.415638,-57.797415,5.310,0.665,Tuc
110668,,22.419573,-70.431622,5.780,0.396,Ind
110672,,22.421284,1.377401,4.800,-0.171,Aqr
110725,,22.433554,70.770898,5.470,1.216,Cep
110778,,22.442853,-16.742138,5.550,0.618,Aqr
110785,,22.443718,4.393766,5.760,0.519,Peg
110787,,22.445122,78.785853,5.830,0.171,Cep
110817,,22.451475,65.13227,5.520,0.302,Cep
110838,,22.455531,-64.966354,4.510,-0.029,Tuc
110873,,22.462847,31.840045,6.000,1.442,Peg
110882,,22.464312,4.695664,4.780,1.039,Peg
110935,,22.477091,-67.489059,5.560,0.208,Ind
110936,,22.477557,-39.131792,5.470,0.959,Gru
110960,,22.480531,-0.019972,3.650,0.406,Aqr
110986,,22.485551,9.129034,5.600,1.578,Peg
110992,,22.486174,26.763198,5.790,1.252,Peg
110991,,22.486183,58.415198,4.070,0.778,Cep
110997,,22.487825,-43.495565,3.970,1.022,Gru
111022,,22.492173,47.706887,4.340,1.679,Lac
111043,,22.495955,-43.749224,4.120,1.57,Gru
111045,,22.496114,-27.107284,5.950,0.362,PsA
111056,,22.498047,78.824285,5.450,0.093,Cep
111062,,22.499427,4.43169,5.510,0.385,Peg
111068,,22.500503,32.572638,5.640,-0.031,Peg
111104,,22.508128,43.123376,4.520,-0.086,Lac
111123,,22.510782,-10.67795,4.820,-0.053,Aqr
111169,Stellio,22.521515,50.282491,3.760,0.031,Lac
111188,,22.52509,-32.346073,4.290,0.011,PsA
111196,,22.527168,-85.967253,5.760,1.02,Oct
111242,,22.537851,76.226441,5.700,0.02,Cep
111259,,22.54066,39.779733,5.880,0.166,Lac
111310,,22.55001,-61.982122,4.910,1.612,Tuc
111362,,22.561281,56.624737,5.720,0.966,Lac
111394,,22.567476,-1.57427,5.880,0.977,Aqr
111449,,22.57823,-20.708216,5.210,0.446,Aqr
111497,,22.589272,-0.117498,4.040,-0.083,Aqr
111515,,22.593437,-23.991094,5.970,0.984,Aqr
111532,,22.596077,73.643188,5.080,0.395,Cep
111546,,22.597857,39.634331,5.730,-0.16,Lac
111600,,22.609846,-31.663789,5.820,1.074,PsA
111643,,22.616346,-40.591034,5.850,0.06,Gru
111660,,22.620247,75.371811,5.800,1.594,Cep
111674,,22.622899,51.545123,4.640,0.254,Lac
111710,Situla,22.629273,-4.228056,5.040,1.14,Aqr
111795,,22.64386,56.795632,5.110,1.537,Lac
111797,,22.644182,63.584472,5.190,0.083,Cep
111809,,22.647629,-33.081347,5.660,0.037,PsA
111810,,22.647942,19.522263,5.840,0.922,Peg
111841,,22.654355,39.050269,4.890,-0.207,Lac
111925,,22.671779,53.845927,5.940,0.946,Lac
111934,,22.672866,-30.658871,5.880,1.297,PsA
111944,,22.675233,44.276305,4.500,1.318,Lac
111954,,22.677594,-27.043617,4.180,-0.105,PsA
111967,,22.680247,-57.422322,5.980,1.45,Tuc
111974,,22.681299,14.549161,5.720,0.723,Peg
112029,Homam,22.691033,10.831364,3.410,-0.086,Peg
112031,,22.691292,40.225449,5.250,-0.137,Lac
112041,,22.69334,41.549123,5.930,0.998,Lac
112051,,22.695947,29.307641,4.800,-0.013,Peg
112067,,22.699293,14.516393,5.920,1.114,Peg
112117,,22.710245,-47.210813,5.990,0.584,Gru
112122,Tiaki,22.711115,-46.884577,2.070,1.61,Gru
112158,Matar,22.716704,30.221245,2.930,0.852,Peg
112203,,22.724993,-41.414347,4.840,1.027,Gru
112211,,22.726454,-18.830375,4.680,1.358,Aqr
112241,,22.734782,39.465348,5.930,1.49,Lac
112242,,22.734856,41.819235,5.110,0.96,Lac
112374,,22.760519,-53.500121,4.840,1.18,Gru
112381,,22.761331,-46.547328,5.520,1.302,Gru
112405,,22.767692,-81.381615,4.130,0.208,Oct
112417,,22.769497,44.546054,5.840,0.358,Lac
112440,,22.775521,23.565654,3.970,1.07,Peg
112447,,22.778216,12.172888,4.200,0.502,Peg
112519,,22.791378,83.15383,4.770,1.257,Cep
112529,,22.792535,-19.613375,5.240,0.941,Aqr
112542,,22.795213,-14.056428,5.680,-0.016,Aqr
112590,,22.803067,37.416688,5.820,1.024,Lac
112623,,22.809239,-51.316864,3.490,0.083,Gru
112716,,22.826528,-13.592632,4.050,1.57,Aqr
112724,,22.82802,66.200408,3.500,1.053,Cep
112731,,22.829521,55.902777,5.430,1.167,Lac
112748,Sadalbari,22.833385,24.601579,3.510,0.933,Peg
112778,,22.839381,41.953394,5.910,0.062,Lac
112781,,22.839655,-80.123845,5.320,-0.126,Oct
112832,,22.850599,-39.156834,5.430,1.444,Gru
112833,,22.850818,85.373739,5.890,1.34,Cep
112862,,22.855817,-29.536309,5.990,0.907,PsA
112864,,22.856268,61.69674,5.610,0.775,Cep
112917,,22.867225,43.312417,4.950,1.559,Lac
112935,,22.873353,9.835664,5.160,0.487,Peg
112948,,22.875427,-32.875504,4.460,-0.037,PsA
112961,,22.87691,-7.579599,3.730,1.626,Aqr
112997,,22.883963,16.841194,5.860,1.132,Peg
113031,,22.891307,-11.616514,5.800,-0.082,Aqr
113048,,22.894488,44.749163,5.790,0.282,Lac
113084,,22.901935,40.376907,5.820,1.136,Lac
113116,,22.906789,84.346177,4.700,1.418,Cep
113136,Skat,22.910837,-15.82082,3.270,0.066,Aqr
113148,,22.912632,-16.271957,5.530,1.111,Aqr
113174,,22.917399,37.076827,5.910,0.397,Lac
113184,,22.919711,-4.987899,5.720,0.881,Aqr
113186,,22.920464,8.816166,4.910,-0.003,Peg
113222,,22.929029,36.35139,5.730,-0.051,Lac
113246,,22.932472,-32.539628,4.200,0.952,PsA
113281,,22.939897,41.603876,5.600,-0.149,Lac
113288,Tengshe,22.940555,49.733544,4.990,1.778,Lac
113307,,22.946613,-47.969221,5.720,0.226,Gru
113327,,22.95125,48.684068,5.340,-0.102,Lac
113357,Helvetios,22.95777,20.768832,5.450,0.666,Peg
113368,Fomalhaut,22.960838,-29.622236,1.170,0.145,PsA
113503,,22.986615,11.728844,5.760,0.293,Peg
113521,,22.99096,0.962927,5.430,0.982,Psc
113532,,22.993266,-29.462311,5.510,0.271,PsA
113561,,23.001417,56.945374,5.100,1.011,Cas
113562,,23.001607,-25.16418,5.660,1.253,PsA
113622,,23.011917,3.011805,5.850,1.343,Psc
113638,,23.014677,-52.754137,4.110,0.96,Gru
113657,,23.018763,-50.950028,5.680,1.411,Gru
113669,,23.02205,-28.85396,5.550,1.349,PsA
113686,,23.025475,-4.711461,5.940,0.992,Aqr
113726,Alfarasalkamil,23.032017,42.325979,3.620,-0.099,And
113788,,23.043436,42.757795,5.090,0.094,And
113801,,23.045626,-20.870712,5.970,0.946,Aqr
113860,,23.05828,-34.749412,5.120,0.305,PsA
113864,,23.059128,67.20921,5.250,1.248,Cep
113881,Scheat,23.062901,28.082789,2.440,1.655,Peg
113889,Fumalsamakah,23.064615,3.820045,4.480,-0.115,Psc
113902,,23.066566,-41.478896,5.790,1.069,Gru
113919,,23.069702,50.052091,4.640,1.058,And
113957,,23.077668,-53.964905,5.370,1.453,Gru
113963,Markab,23.079348,15.205264,2.490,-0.002,Peg
113969,,23.08116,-68.820226,5.530,0.395,Ind
113996,,23.086052,-7.693801,5.440,0.312,Aqr
114104,,23.110226,59.41976,4.840,-0.06,Cas
114119,,23.111345,-23.743115,4.480,0.892,Aqr
114131,,23.11465,-43.520358,4.280,0.423,Gru
114132,,23.114894,-38.892293,5.620,0.006,Gru
114144,,23.116739,9.409492,4.540,1.559,Peg
114155,,23.118539,25.468259,4.760,1.285,Peg
114167,,23.120774,-50.686681,5.810,0.486,Gru
114189,,23.124642,21.134251,5.970,0.259,Peg
114200,,23.127575,46.387231,5.300,1.409,And
114210,,23.12926,49.295776,5.680,0.449,And
114222,,23.131623,75.387496,4.410,0.802,Cep
114254,,23.139186,-28.823697,5.600,0.882,Scl
114273,,23.1447,2.127883,5.420,0.908,Psc
114341,Safina,23.157443,-21.17241,3.680,1.202,Aqr
114347,,23.158738,8.677161,5.050,1.484,Peg
114365,,23.162261,59.332692,5.680,0.315,Cas
114366,,23.162397,-28.088572,5.880,1.311,Scl
114375,,23.165249,-22.457611,4.710,0.674,Aqr
114382,,23.165955,-42.861292,5.830,0.475,Gru
114389,,23.167072,9.822082,5.390,-0.068,Peg
114407,,23.16937,-40.591547,5.900,1.565,Gru
114421,,23.17264,-45.246711,3.880,0.998,Gru
114430,,23.174235,43.544232,5.910,0.45,And
114449,,23.17851,17.594372,5.680,1.33,Peg
114520,,23.195608,8.720116,5.150,0.139,Peg
114570,Honores,23.20916,49.406207,4.530,0.302,And
114622,,23.221098,57.168355,5.570,1.0,Cas
114641,,23.224029,11.065001,5.850,1.004,Peg
114724,,23.238711,-6.049003,4.220,1.545,Aqr
114745,,23.243622,74.231268,5.890,-0.01,Cep
114775,,23.249611,-41.105397,5.770,1.16,Gru
114822,,23.259516,-3.49638,5.560,0.062,Aqr
114831,,23.260477,70.88808,5.550,0.263,Cep
114855,,23.264859,-9.087737,4.240,1.107,Aqr
114921,,23.277719,-44.489166,5.920,1.053,Gru
114924,,23.278405,53.213476,5.580,0.556,Cas
114939,,23.280817,-7.726504,4.930,1.613,Aqr
114948,,23.282659,-62.001198,5.640,0.521,Tuc
114971,,23.286094,3.282289,3.700,0.916,Psc
114996,,23.290498,-58.235734,3.990,0.41,Tuc
115022,,23.295732,49.0153,4.820,1.668,And
115033,,23.298393,-9.182513,4.410,-0.144,Aqr
115054,,23.302739,-40.824361,5.540,0.445,Gru
115065,,23.306479,41.773676,5.980,0.215,And
115088,,23.3104,68.111445,4.750,0.836,Cep
115102,,23.313733,-32.532027,4.410,1.109,Scl
115115,,23.316021,-9.61075,4.990,-0.022,Aqr
115126,,23.318518,-13.458552,5.200,0.787,Aqr
115142,,23.323327,-5.124352,5.560,0.386,Aqr
115144,,23.323363,-18.075376,5.960,1.534,Aqr
115152,,23.324945,48.625322,5.440,1.014,And
115191,,23.331225,42.078044,5.810,1.512,And
115227,,23.339051,5.381307,5.050,1.204,Psc
115250,Salm,23.343956,23.740337,4.580,0.18,Peg
115271,,23.347097,30.414921,5.580,1.501,Peg
115280,,23.348123,38.182326,5.770,0.468,And
115312,,23.354305,-26.986769,5.650,0.817,Scl
115355,,23.365259,31.812465,5.350,-0.101,Peg
115395,,23.375702,60.133485,5.560,1.679,Cas
115404,,23.377547,-15.039338,5.190,0.203,Aqr
115438,,23.382842,-20.10058,3.960,1.082,Aqr
115444,,23.384602,12.31391,5.090,1.315,Peg
115537,,23.403681,-51.891174,5.750,1.611,Gru
115590,,23.413959,62.282806,4.960,1.676,Cas
115591,,23.41412,32.384882,5.560,-0.075,Peg
115620,,23.422062,-56.848985,5.600,1.063,Tuc
115623,Alkarab,23.422993,23.404101,4.420,0.617,Peg
115669,,23.434108,-20.642014,4.380,1.46,Aqr
115713,,23.44349,-52.721603,5.530,0.409,Gru
115738,,23.448876,1.255608,4.950,0.036,Psc
115746,,23.44999,87.307504,5.560,0.25,Cep
115755,,23.45205,42.91201,5.750,-0.007,And
115769,,23.454157,-58.47611,5.630,0.983,Tuc
115770,,23.45458,70.359782,5.600,0.163,Cep
115806,,23.461218,25.167281,5.990,-0.066,Peg
115830,,23.466138,6.378992,4.270,1.062,Psc
115836,,23.46766,-87.482214,5.500,1.278,Oct
115908,,23.483598,-63.110656,5.660,-0.142,Tuc
115919,,23.485915,12.760554,4.540,0.939,Peg
115990,,23.500536,58.54892,4.890,-0.122,Cas
116076,Veritate,23.52149,39.236198,5.220,1.029,And
116231,,23.549512,-37.818268,4.380,-0.095,Scl
116247,,23.554618,-20.914504,4.700,0.02,Aqr
116250,,23.555432,-77.385327,5.820,0.681,Oct
116264,,23.557804,22.498775,5.330,1.481,Peg
116310,,23.565884,31.325277,4.970,1.383,Peg
116323,,23.569171,-1.247567,5.910,0.299,Psc
116354,,23.577095,40.236441,5.550,0.096,And
116355,,23.577279,33.497328,5.630,1.042,Peg
116368,,23.580378,-15.246005,5.950,1.35,Aqr
116380,,23.583065,71.642043,5.860,1.681,Cep
116389,,23.584599,-42.615075,4.690,0.078,Phe
116495,,23.606468,2.102222,5.680,0.449,Psc
116582,,23.625567,44.428994,5.810,-0.064,And
116584,Udkadua,23.626056,46.458152,3.810,0.984,And
116591,,23.627655,-13.060243,5.660,1.025,Aqr
116602,,23.630827,-45.492351,4.740,0.082,Phe
116611,,23.632445,18.400667,5.490,0.01,Peg
116631,Rasalnaqa,23.63561,43.268073,4.290,-0.083,And
116653,,23.639926,-76.869552,5.990,0.907,Oct
116709,,23.652316,50.471733,5.350,-0.061,And
116714,,23.652823,75.292882,5.950,0.124,Cep
116727,Errai,23.65582,77.632276,3.210,1.031,Cep
116728,,23.655878,74.002628,5.980,0.889,Cep
116758,,23.663074,-14.222178,4.970,0.257,Aqr
116768,,23.665289,9.677294,5.990,0.212,Peg
116771,,23.665844,5.626292,4.130,0.507,Psc
116805,Kaffalmusalsala,23.673469,44.333932,4.150,-0.071,And
116820,,23.677266,-32.073125,5.300,0.965,Scl
116853,,23.685809,-11.680655,5.890,0.984,Aqr
116889,,23.692914,-18.027077,5.360,1.58,Aqr
116901,,23.696057,-17.816533,4.820,0.822,Aqr
116918,,23.699081,7.250546,5.890,0.101,Psc
116928,,23.700779,1.780041,4.490,0.2,Psc
116957,,23.707729,-15.448033,5.270,1.344,Aqr
116971,,23.712039,-14.544905,4.490,-0.032,Aqr
117020,,23.722878,10.331536,5.090,1.692,Peg
117073,,23.733189,29.361454,4.930,0.935,Peg
117088,,23.736676,-64.404451,5.730,1.393,Tuc
117089,,23.736688,-18.276938,5.240,-0.084,Aqr
117125,,23.744643,-78.791442,5.740,1.108,Oct
117218,,23.766922,-18.67834,5.280,0.299,Aqr
117221,,23.767234,46.420276,4.970,1.086,And
117245,,23.773199,3.486811,4.950,2.508,Psc
117265,,23.776869,66.782244,5.950,-0.049,Cep
117299,,23.783866,57.451359,5.550,1.63,Cas
117301,,23.784284,58.651989,4.880,1.122,Cas
117314,,23.787754,-11.911126,5.740,1.068,Aqr
117315,,23.787776,-50.226461,5.180,-0.164,Phe
117371,,23.798543,67.806808,5.050,0.007,Cep
117375,,23.79904,-2.761598,5.490,0.941,Psc
117447,,23.813937,62.214516,5.430,0.67,Cas
117452,,23.815427,-28.130268,4.590,0.001,Scl
117491,,23.824299,1.076131,5.770,0.167,Psc
117500,,23.827608,28.842389,5.950,0.187,Peg
117503,,23.828044,36.425281,5.860,0.806,And
117541,,23.837425,-9.974136,5.930,1.133,Aqr
117567,,23.842579,-14.40149,5.700,1.488,Aqr
117628,,23.855902,9.313351,5.770,1.661,Peg
117629,,23.855927,-18.909163,5.170,-0.122,Aqr
117683,,23.866066,2.930384,5.590,1.527,Psc
117689,,23.868518,-82.018818,5.100,0.934,Oct
117718,,23.874802,19.120287,5.060,1.587,Peg
117722,,23.874998,-14.251217,5.850,1.252,Aqr
117730,,23.876974,10.94732,5.300,0.186,Peg
117756,,23.880702,-8.996756,5.760,1.171,Aqr
117761,,23.882101,-3.155482,5.930,1.069,Psc
117863,,23.906398,57.499382,4.510,1.19,Cas
117887,,23.912951,0.109309,5.780,1.466,Psc
118077,,23.952356,55.705705,5.570,0.478,Cas
118092,,23.955508,-62.956584,5.950,0.101,Tuc
118114,,23.959159,-82.169804,5.720,1.055,Oct
118121,,23.959727,-64.298231,5.000,0.06,Tuc
118131,,23.962647,25.141401,4.630,1.584,Peg
118209,,23.977883,-3.555983,4.880,0.93,Psc
118234,,23.982155,-52.745807,5.130,1.121,Phe
118243,,23.983482,55.754928,4.880,-0.071,Cas
118268,,23.988525,6.863321,4.030,0.419,Psc
118277,,23.991082,-29.485168,5.590,1.599,Scl
118281,,23.991472,33.723878,5.810,0.539,And
118322,,23.998594,-65.577132,4.490,-0.075,Tuc
